Name,Date of Birth,Department,Section,Academic Year,Semester,Email,Phone
Reyansh Malhotra,2003-07-03,CSE,CSE-3,2026-2027,7,reyansh.malhotra.1@smartcampus.edu,9831096163
Arjun Gupta,2005-12-12,CAD,CAD-1,2026-2027,3,arjun.gupta.2@smartcampus.edu,9850558638
Neha Reddy,2003-08-03,CAD,CAD-2,2026-2027,3,neha.reddy.3@smartcampus.edu,9850950346
Meera Malhotra,2006-11-23,CSM,CSM-2,2026-2027,5,meera.malhotra.4@smartcampus.edu,9898265848
Rahul Pandey,2004-05-25,CSM,CSM-1,2026-2027,7,rahul.pandey.5@smartcampus.edu,9855851860
Atharva Patel,2005-09-20,CSE,CSE-1,2026-2027,5,atharva.patel.6@smartcampus.edu,9869548467
Krishna Singh,2003-04-10,CSE,CSE-1,2026-2027,3,krishna.singh.7@smartcampus.edu,9895144577
Preeti Gupta,2003-01-03,CSM,CSM-1,2026-2027,3,preeti.gupta.8@smartcampus.edu,9834003009
Ishita Verma,2005-07-06,CSE,CSE-2,2026-2027,3,ishita.verma.9@smartcampus.edu,9849500691
Pranav Choudhury,2003-03-07,EEE,EEE-1,2026-2027,5,pranav.choudhury.10@smartcampus.edu,9868787386
Ayaan Kumar,2005-09-11,CSE,CSE-1,2026-2027,3,ayaan.kumar.11@smartcampus.edu,9870535835
Pooja Saxena,2006-04-03,CAD,CAD-1,2026-2027,7,pooja.saxena.12@smartcampus.edu,9830284044
Khushi Gupta,2006-04-04,EEE,EEE-2,2026-2027,5,khushi.gupta.13@smartcampus.edu,9835559432
Diya Banerjee,2004-12-17,CSM,CSM-2,2026-2027,7,diya.banerjee.14@smartcampus.edu,9812809900
Siya Pandey,2005-05-07,CSM,CSM-1,2026-2027,5,siya.pandey.15@smartcampus.edu,9856538315
Pranav Reddy,2003-01-16,CSM,CSM-2,2026-2027,7,pranav.reddy.16@smartcampus.edu,9857254078
Pranav Ghosh,2005-09-20,MECH,MECH-2,2026-2027,7,pranav.ghosh.17@smartcampus.edu,9825319252
Vikram Saxena,2006-12-07,CSE,CSE-3,2026-2027,7,vikram.saxena.18@smartcampus.edu,9859265705
Simran Malhotra,2005-02-17,EEE,EEE-1,2026-2027,7,simran.malhotra.19@smartcampus.edu,9865517412
Dhruv Sharma,2005-07-31,CAD,CAD-2,2026-2027,7,dhruv.sharma.20@smartcampus.edu,9850583509
Aarav Gupta,2003-03-07,CSE,CSE-2,2026-2027,3,aarav.gupta.21@smartcampus.edu,9811826865
Aditya Das,2005-07-22,CSE,CSE-2,2026-2027,3,aditya.das.22@smartcampus.edu,9812097485
Sai Iyer,2006-01-22,CSE,CSE-3,2026-2027,3,sai.iyer.23@smartcampus.edu,9848602319
Ishita Bose,2005-02-17,CSM,CSM-1,2026-2027,3,ishita.bose.24@smartcampus.edu,9878950498
Sai Verma,2005-09-06,CAD,CAD-1,2026-2027,7,sai.verma.25@smartcampus.edu,9883665795
Myra Chopra,2006-07-09,ECE,ECE-2,2026-2027,5,myra.chopra.26@smartcampus.edu,9896155675
Advaith Chopra,2003-07-04,ECE,ECE-2,2026-2027,3,advaith.chopra.27@smartcampus.edu,9862895767
Anjali Kumar,2003-05-24,ECE,ECE-2,2026-2027,5,anjali.kumar.28@smartcampus.edu,9876996229
Siddharth Rao,2006-07-11,CSE,CSE-3,2026-2027,7,siddharth.rao.29@smartcampus.edu,9898161971
Ritu Kapoor,2004-06-19,CSE,CSE-1,2026-2027,3,ritu.kapoor.30@smartcampus.edu,9878853367
Atharva Das,2006-08-17,CSM,CSM-2,2026-2027,7,atharva.das.31@smartcampus.edu,9844732152
Priya Shah,2005-08-18,CSM,CSM-1,2026-2027,5,priya.shah.32@smartcampus.edu,9887788142
Divya Gupta,2004-05-27,CSE,CSE-3,2026-2027,3,divya.gupta.33@smartcampus.edu,9890779363
Ananya Saxena,2003-01-07,EEE,EEE-1,2026-2027,7,ananya.saxena.34@smartcampus.edu,9875423032
Veda Mehta,2006-05-26,EEE,EEE-1,2026-2027,7,veda.mehta.35@smartcampus.edu,9877769064
Shaurya Banerjee,2005-08-10,MECH,MECH-1,2026-2027,7,shaurya.banerjee.36@smartcampus.edu,9852340729
Atharva Bhat,2005-06-06,CSE,CSE-3,2026-2027,7,atharva.bhat.37@smartcampus.edu,9858019276
Priya Bose,2004-06-26,CSE,CSE-2,2026-2027,7,priya.bose.38@smartcampus.edu,9897658014
Ritu Bose,2004-02-23,CSM,CSM-1,2026-2027,5,ritu.bose.39@smartcampus.edu,9846265141
Rithvik Joshi,2005-04-26,ECE,ECE-1,2026-2027,5,rithvik.joshi.40@smartcampus.edu,9856396521
Pooja Bose,2004-04-30,CSM,CSM-2,2026-2027,3,pooja.bose.41@smartcampus.edu,9886515908
Manish Chopra,2006-12-17,ECE,ECE-1,2026-2027,7,manish.chopra.42@smartcampus.edu,9868116177
Deepak Patil,2006-10-26,CSE,CSE-1,2026-2027,5,deepak.patil.43@smartcampus.edu,9846683944
Sara Rao,2003-01-19,CSE,CSE-3,2026-2027,7,sara.rao.44@smartcampus.edu,9819191684
Vivaan Sharma,2003-09-28,CSE,CSE-1,2026-2027,3,vivaan.sharma.45@smartcampus.edu,9827937286
Pooja Shah,2003-12-01,CAD,CAD-2,2026-2027,7,pooja.shah.46@smartcampus.edu,9837778005
Pari Patel,2003-09-02,CSM,CSM-1,2026-2027,7,pari.patel.47@smartcampus.edu,9830026559
Diya Bose,2005-11-29,CSE,CSE-1,2026-2027,3,diya.bose.48@smartcampus.edu,9882258650
Gauri Bose,2003-10-17,CSE,CSE-1,2026-2027,7,gauri.bose.49@smartcampus.edu,9844356418
Swati Kapoor,2003-12-29,MECH,MECH-1,2026-2027,3,swati.kapoor.50@smartcampus.edu,9864924716
Swati Rao,2004-02-25,CSE,CSE-3,2026-2027,5,swati.rao.51@smartcampus.edu,9879172558
Swati Das,2006-05-01,CSE,CSE-3,2026-2027,7,swati.das.52@smartcampus.edu,9897007694
Tanvi Bhat,2006-05-04,ECE,ECE-1,2026-2027,5,tanvi.bhat.53@smartcampus.edu,9839730961
Veda Bhat,2006-05-12,CSM,CSM-1,2026-2027,3,veda.bhat.54@smartcampus.edu,9884267992
Kunal Gupta,2004-03-20,CSM,CSM-2,2026-2027,5,kunal.gupta.55@smartcampus.edu,9817901942
Atharva Deshmukh,2006-04-14,CSE,CSE-1,2026-2027,5,atharva.deshmukh.56@smartcampus.edu,9884211110
Ritu Joshi,2004-10-25,CSE,CSE-1,2026-2027,3,ritu.joshi.57@smartcampus.edu,9819910555
Kabir Mishra,2003-10-09,CSE,CSE-2,2026-2027,7,kabir.mishra.58@smartcampus.edu,9873134063
Dhruv Verma,2005-09-21,CSM,CSM-1,2026-2027,3,dhruv.verma.59@smartcampus.edu,9874905287
Nikhil Rao,2006-11-27,CSE,CSE-2,2026-2027,3,nikhil.rao.60@smartcampus.edu,9890326102
Harish Verma,2003-10-26,CSM,CSM-1,2026-2027,7,harish.verma.61@smartcampus.edu,9868029781
Harish Gupta,2003-09-15,ECE,ECE-1,2026-2027,3,harish.gupta.62@smartcampus.edu,9849927164
Vivaan Rao,2005-11-23,CAD,CAD-1,2026-2027,3,vivaan.rao.63@smartcampus.edu,9895233277
Priya Verma,2005-07-16,EEE,EEE-2,2026-2027,5,priya.verma.64@smartcampus.edu,9874991350
Harish Choudhury,2006-03-10,ECE,ECE-1,2026-2027,5,harish.choudhury.65@smartcampus.edu,9838596680
Pari Patel,2005-06-27,CAD,CAD-1,2026-2027,7,pari.patel.66@smartcampus.edu,9880535071
Priya Sharma,2006-07-05,ECE,ECE-2,2026-2027,3,priya.sharma.67@smartcampus.edu,9852312226
Advaith Agarwal,2006-10-23,EEE,EEE-1,2026-2027,5,advaith.agarwal.68@smartcampus.edu,9847556838
Sneha Bhat,2004-01-19,CSE,CSE-1,2026-2027,3,sneha.bhat.69@smartcampus.edu,9832334977
Aarav Das,2003-06-06,ECE,ECE-1,2026-2027,7,aarav.das.70@smartcampus.edu,9898437375
Aaryan Bose,2005-03-25,ECE,ECE-2,2026-2027,7,aaryan.bose.71@smartcampus.edu,9850733876
Pari Joshi,2005-02-03,MECH,MECH-1,2026-2027,3,pari.joshi.72@smartcampus.edu,9873843713
Sneha Deshmukh,2006-12-30,EEE,EEE-1,2026-2027,3,sneha.deshmukh.73@smartcampus.edu,9854255056
Varun Banerjee,2006-01-16,CSE,CSE-3,2026-2027,3,varun.banerjee.74@smartcampus.edu,9869655720
Riya Chatterjee,2004-10-26,CSE,CSE-2,2026-2027,7,riya.chatterjee.75@smartcampus.edu,9853074416
Ritu Chopra,2003-06-09,EEE,EEE-1,2026-2027,5,ritu.chopra.76@smartcampus.edu,9870292429
Sunita Das,2004-03-19,CSM,CSM-2,2026-2027,5,sunita.das.77@smartcampus.edu,9832953650
Vikram Patil,2006-10-27,CSM,CSM-2,2026-2027,7,vikram.patil.78@smartcampus.edu,9841744057
Rohan Chopra,2006-11-16,CSE,CSE-1,2026-2027,3,rohan.chopra.79@smartcampus.edu,9862065433
Saanvi Malhotra,2003-06-15,EEE,EEE-2,2026-2027,7,saanvi.malhotra.80@smartcampus.edu,9823636974
Anjali Gupta,2006-03-13,CSE,CSE-2,2026-2027,5,anjali.gupta.81@smartcampus.edu,9849528337
Sai Patel,2006-07-20,CSE,CSE-3,2026-2027,7,sai.patel.82@smartcampus.edu,9899437164
Shreya Malhotra,2004-01-12,ECE,ECE-2,2026-2027,7,shreya.malhotra.83@smartcampus.edu,9862796436
Aaryan Reddy,2003-01-20,CSE,CSE-2,2026-2027,7,aaryan.reddy.84@smartcampus.edu,9891999077
Swati Reddy,2004-12-27,CSM,CSM-2,2026-2027,5,swati.reddy.85@smartcampus.edu,9880998846
Advik Agarwal,2003-02-19,CSE,CSE-3,2026-2027,7,advik.agarwal.86@smartcampus.edu,9876236906
Divya Gupta,2005-05-28,EEE,EEE-2,2026-2027,3,divya.gupta.87@smartcampus.edu,9827698065
Ritu Rao,2003-08-25,EEE,EEE-2,2026-2027,3,ritu.rao.88@smartcampus.edu,9861939964
Pranav Iyer,2005-06-29,CAD,CAD-2,2026-2027,7,pranav.iyer.89@smartcampus.edu,9839871662
Ananya Joshi,2004-07-01,CSM,CSM-2,2026-2027,7,ananya.joshi.90@smartcampus.edu,9843060042
Varun Patil,2006-01-29,MECH,MECH-2,2026-2027,3,varun.patil.91@smartcampus.edu,9823673884
Rahul Mishra,2004-03-10,CSE,CSE-3,2026-2027,3,rahul.mishra.92@smartcampus.edu,9818867284
Krishna Choudhury,2004-07-31,MECH,MECH-1,2026-2027,7,krishna.choudhury.93@smartcampus.edu,9841811329
Saanvi Kulkarni,2004-07-25,MECH,MECH-1,2026-2027,5,saanvi.kulkarni.94@smartcampus.edu,9877903137
Varun Das,2006-09-03,ECE,ECE-2,2026-2027,3,varun.das.95@smartcampus.edu,9839172635
Ayaan Iyer,2005-01-17,CSE,CSE-2,2026-2027,7,ayaan.iyer.96@smartcampus.edu,9811764809
Varun Reddy,2005-09-25,EEE,EEE-2,2026-2027,7,varun.reddy.97@smartcampus.edu,9848075618
Divya Chatterjee,2004-11-18,EEE,EEE-2,2026-2027,7,divya.chatterjee.98@smartcampus.edu,9852688644
Pooja Patil,2006-09-09,ECE,ECE-1,2026-2027,7,pooja.patil.99@smartcampus.edu,9823111630
Advaith Gupta,2006-12-16,EEE,EEE-1,2026-2027,7,advaith.gupta.100@smartcampus.edu,9846450406
Ishaan Pandey,2003-04-03,CSE,CSE-1,2026-2027,7,ishaan.pandey.101@smartcampus.edu,9873137450
Rohan Gupta,2006-10-22,MECH,MECH-2,2026-2027,3,rohan.gupta.102@smartcampus.edu,9884877351
Rithvik Patil,2004-06-01,CAD,CAD-1,2026-2027,5,rithvik.patil.103@smartcampus.edu,9825056655
Shaurya Patel,2006-07-15,CSE,CSE-1,2026-2027,3,shaurya.patel.104@smartcampus.edu,9880135757
Reyansh Das,2006-06-09,ECE,ECE-1,2026-2027,3,reyansh.das.105@smartcampus.edu,9856971618
Harish Mishra,2006-03-28,CSM,CSM-2,2026-2027,5,harish.mishra.106@smartcampus.edu,9864555900
Tanvi Saxena,2003-06-19,EEE,EEE-2,2026-2027,7,tanvi.saxena.107@smartcampus.edu,9817871680
Diya Shah,2006-07-30,EEE,EEE-2,2026-2027,3,diya.shah.108@smartcampus.edu,9844832309
Myra Choudhury,2006-01-14,CSE,CSE-2,2026-2027,7,myra.choudhury.109@smartcampus.edu,9874432781
Preeti Deshmukh,2003-11-19,CSE,CSE-3,2026-2027,3,preeti.deshmukh.110@smartcampus.edu,9875805477
Aarav Gupta,2005-02-10,CSE,CSE-2,2026-2027,3,aarav.gupta.111@smartcampus.edu,9853760420
Anjali Choudhury,2006-08-31,CSE,CSE-1,2026-2027,3,anjali.choudhury.112@smartcampus.edu,9870633300
Aaryan Kumar,2006-06-09,CSM,CSM-1,2026-2027,7,aaryan.kumar.113@smartcampus.edu,9886255226
Shaurya Sharma,2005-07-03,CSE,CSE-1,2026-2027,3,shaurya.sharma.114@smartcampus.edu,9859977472
Harish Iyer,2003-03-09,CSM,CSM-2,2026-2027,5,harish.iyer.115@smartcampus.edu,9867870654
Rohan Malhotra,2003-10-13,CAD,CAD-1,2026-2027,7,rohan.malhotra.116@smartcampus.edu,9818361045
Myra Chatterjee,2003-09-30,MECH,MECH-2,2026-2027,7,myra.chatterjee.117@smartcampus.edu,9815278846
Pranav Sharma,2004-03-25,ECE,ECE-1,2026-2027,5,pranav.sharma.118@smartcampus.edu,9843267609
Krishna Saxena,2006-07-24,CSE,CSE-2,2026-2027,5,krishna.saxena.119@smartcampus.edu,9879974602
Vikram Patil,2004-10-01,CSM,CSM-1,2026-2027,5,vikram.patil.120@smartcampus.edu,9896270086
Ishita Bhat,2004-09-29,ECE,ECE-2,2026-2027,7,ishita.bhat.121@smartcampus.edu,9864813997
Ishita Patil,2006-06-20,CSE,CSE-1,2026-2027,3,ishita.patil.122@smartcampus.edu,9833823472
Sai Kapoor,2004-05-06,CSE,CSE-2,2026-2027,3,sai.kapoor.123@smartcampus.edu,9887879733
Siddharth Nair,2004-02-17,ECE,ECE-2,2026-2027,3,siddharth.nair.124@smartcampus.edu,9811006078
Aditya Bhat,2004-12-22,CSM,CSM-1,2026-2027,5,aditya.bhat.125@smartcampus.edu,9880551982
Pari Kapoor,2005-05-07,CSM,CSM-2,2026-2027,3,pari.kapoor.126@smartcampus.edu,9889569724
Gautam Gupta,2003-11-29,CAD,CAD-2,2026-2027,7,gautam.gupta.127@smartcampus.edu,9856660084
Diya Kapoor,2004-07-05,MECH,MECH-2,2026-2027,7,diya.kapoor.128@smartcampus.edu,9819019846
Myra Bhat,2004-09-19,CSE,CSE-1,2026-2027,7,myra.bhat.129@smartcampus.edu,9826302719
Pooja Sharma,2004-10-01,CSE,CSE-3,2026-2027,7,pooja.sharma.130@smartcampus.edu,9862027357
Saanvi Das,2004-09-03,CSE,CSE-3,2026-2027,3,saanvi.das.131@smartcampus.edu,9871307108
Vikram Malhotra,2005-10-03,CSE,CSE-3,2026-2027,5,vikram.malhotra.132@smartcampus.edu,9870759185
Rohan Das,2004-08-08,CSE,CSE-2,2026-2027,7,rohan.das.133@smartcampus.edu,9886498246
Meera Verma,2003-04-25,CAD,CAD-1,2026-2027,7,meera.verma.134@smartcampus.edu,9840884360
Ritu Kumar,2003-01-11,CSE,CSE-2,2026-2027,7,ritu.kumar.135@smartcampus.edu,9850981368
Shreya Shah,2005-08-25,CSM,CSM-2,2026-2027,5,shreya.shah.136@smartcampus.edu,9840203100
Kabir Deshmukh,2006-09-07,CSM,CSM-1,2026-2027,5,kabir.deshmukh.137@smartcampus.edu,9890221489
Manish Joshi,2006-08-06,CAD,CAD-2,2026-2027,5,manish.joshi.138@smartcampus.edu,9820368074
Gautam Patel,2003-09-02,ECE,ECE-2,2026-2027,3,gautam.patel.139@smartcampus.edu,9842682292
Kavya Banerjee,2004-01-07,EEE,EEE-2,2026-2027,5,kavya.banerjee.140@smartcampus.edu,9822627655
Swati Gupta,2005-06-16,ECE,ECE-1,2026-2027,3,swati.gupta.141@smartcampus.edu,9896841161
Preeti Verma,2006-08-02,EEE,EEE-2,2026-2027,7,preeti.verma.142@smartcampus.edu,9891285890
Divya Nair,2006-05-05,EEE,EEE-2,2026-2027,5,divya.nair.143@smartcampus.edu,9872845231
Simran Kapoor,2005-06-02,CSE,CSE-2,2026-2027,7,simran.kapoor.144@smartcampus.edu,9829522588
Neha Rao,2004-03-08,CSE,CSE-3,2026-2027,7,neha.rao.145@smartcampus.edu,9864010554
Ritu Gupta,2006-12-09,MECH,MECH-1,2026-2027,7,ritu.gupta.146@smartcampus.edu,9843073547
Aarav Choudhury,2004-09-25,CAD,CAD-1,2026-2027,7,aarav.choudhury.147@smartcampus.edu,9890469193
Pooja Nair,2003-07-08,CSM,CSM-1,2026-2027,7,pooja.nair.148@smartcampus.edu,9892423158
Nikhil Mishra,2005-05-31,CSM,CSM-1,2026-2027,7,nikhil.mishra.149@smartcampus.edu,9897417454
Sai Pandey,2006-03-06,CSE,CSE-2,2026-2027,7,sai.pandey.150@smartcampus.edu,9857031752
Ananya Kulkarni,2003-04-30,CAD,CAD-2,2026-2027,3,ananya.kulkarni.151@smartcampus.edu,9897698833
Meera Saxena,2003-03-08,CSE,CSE-3,2026-2027,5,meera.saxena.152@smartcampus.edu,9867531495
Prisha Agarwal,2004-12-10,ECE,ECE-1,2026-2027,3,prisha.agarwal.153@smartcampus.edu,9817337890
Vivaan Nair,2006-12-19,EEE,EEE-2,2026-2027,7,vivaan.nair.154@smartcampus.edu,9896332684
Zoya Pandey,2006-11-20,ECE,ECE-1,2026-2027,5,zoya.pandey.155@smartcampus.edu,9867191086
Divya Pandey,2006-04-30,CSM,CSM-1,2026-2027,3,divya.pandey.156@smartcampus.edu,9862461171
Nikhil Iyer,2004-02-21,CSM,CSM-1,2026-2027,3,nikhil.iyer.157@smartcampus.edu,9855797241
Kunal Malhotra,2004-06-11,CSM,CSM-1,2026-2027,7,kunal.malhotra.158@smartcampus.edu,9824124679
Myra Verma,2006-06-05,CSM,CSM-2,2026-2027,3,myra.verma.159@smartcampus.edu,9816944592
Aaryan Joshi,2004-10-23,EEE,EEE-1,2026-2027,3,aaryan.joshi.160@smartcampus.edu,9839467816
Gautam Das,2006-06-13,CSE,CSE-3,2026-2027,5,gautam.das.161@smartcampus.edu,9841151146
Simran Kumar,2006-03-29,CSE,CSE-3,2026-2027,3,simran.kumar.162@smartcampus.edu,9842858046
Tanvi Pandey,2004-03-15,MECH,MECH-2,2026-2027,5,tanvi.pandey.163@smartcampus.edu,9844158204
Vivaan Joshi,2006-06-05,CSE,CSE-3,2026-2027,3,vivaan.joshi.164@smartcampus.edu,9886652122
Meera Patil,2006-01-24,ECE,ECE-2,2026-2027,3,meera.patil.165@smartcampus.edu,9820033224
Priya Gupta,2003-01-08,EEE,EEE-1,2026-2027,5,priya.gupta.166@smartcampus.edu,9895435416
Anjali Banerjee,2005-12-03,CSE,CSE-1,2026-2027,3,anjali.banerjee.167@smartcampus.edu,9843643907
Veda Chatterjee,2005-11-28,CSM,CSM-2,2026-2027,5,veda.chatterjee.168@smartcampus.edu,9815755884
Meera Pandey,2005-07-04,CSM,CSM-1,2026-2027,7,meera.pandey.169@smartcampus.edu,9824806793
Ananya Patil,2003-01-06,CSE,CSE-3,2026-2027,3,ananya.patil.170@smartcampus.edu,9850533057
Manish Deshmukh,2005-12-23,ECE,ECE-1,2026-2027,3,manish.deshmukh.171@smartcampus.edu,9863348243
Saanvi Bose,2003-02-03,CSE,CSE-1,2026-2027,7,saanvi.bose.172@smartcampus.edu,9861706110
Pari Kulkarni,2004-12-13,ECE,ECE-1,2026-2027,7,pari.kulkarni.173@smartcampus.edu,9828729767
Priya Deshmukh,2005-09-14,ECE,ECE-2,2026-2027,7,priya.deshmukh.174@smartcampus.edu,9834885925
Swati Deshmukh,2004-01-22,ECE,ECE-2,2026-2027,3,swati.deshmukh.175@smartcampus.edu,9890280286
Aarav Kumar,2003-07-12,CSE,CSE-1,2026-2027,5,aarav.kumar.176@smartcampus.edu,9870770770
Khushi Choudhury,2003-03-04,ECE,ECE-1,2026-2027,3,khushi.choudhury.177@smartcampus.edu,9893181792
Advaith Mishra,2003-05-29,EEE,EEE-1,2026-2027,3,advaith.mishra.178@smartcampus.edu,9852059685
Aaryan Joshi,2006-10-18,MECH,MECH-1,2026-2027,3,aaryan.joshi.179@smartcampus.edu,9887335602
Rahul Agarwal,2006-01-16,MECH,MECH-2,2026-2027,5,rahul.agarwal.180@smartcampus.edu,9877042342
Atharva Banerjee,2005-05-05,CSM,CSM-1,2026-2027,7,atharva.banerjee.181@smartcampus.edu,9884897441
Advik Saxena,2003-04-30,CAD,CAD-1,2026-2027,3,advik.saxena.182@smartcampus.edu,9858891136
Saanvi Kumar,2005-11-20,CSM,CSM-1,2026-2027,5,saanvi.kumar.183@smartcampus.edu,9850593912
Gauri Kulkarni,2005-01-05,EEE,EEE-1,2026-2027,3,gauri.kulkarni.184@smartcampus.edu,9892128660
Ayaan Rao,2003-09-02,CSE,CSE-3,2026-2027,7,ayaan.rao.185@smartcampus.edu,9844277213
Ishaan Sharma,2005-10-21,CSM,CSM-1,2026-2027,3,ishaan.sharma.186@smartcampus.edu,9886963159
Aaryan Saxena,2005-10-19,CSM,CSM-1,2026-2027,5,aaryan.saxena.187@smartcampus.edu,9860572610
Sara Bhat,2004-04-04,CSE,CSE-1,2026-2027,3,sara.bhat.188@smartcampus.edu,9842993105
Rohan Agarwal,2003-06-25,EEE,EEE-1,2026-2027,3,rohan.agarwal.189@smartcampus.edu,9864919388
Aditya Chatterjee,2006-12-16,EEE,EEE-1,2026-2027,5,aditya.chatterjee.190@smartcampus.edu,9873223405
Sneha Agarwal,2006-12-12,CSE,CSE-2,2026-2027,3,sneha.agarwal.191@smartcampus.edu,9833437994
Gauri Agarwal,2006-03-01,CSM,CSM-2,2026-2027,3,gauri.agarwal.192@smartcampus.edu,9885827795
Shreya Rao,2003-11-20,CSE,CSE-3,2026-2027,3,shreya.rao.193@smartcampus.edu,9818341570
Prisha Patel,2006-03-15,CSM,CSM-1,2026-2027,3,prisha.patel.194@smartcampus.edu,9875083065
Navya Chatterjee,2005-09-01,ECE,ECE-2,2026-2027,5,navya.chatterjee.195@smartcampus.edu,9852126801
Atharva Kulkarni,2005-04-25,ECE,ECE-2,2026-2027,7,atharva.kulkarni.196@smartcampus.edu,9810941115
Sai Saxena,2005-04-20,ECE,ECE-1,2026-2027,3,sai.saxena.197@smartcampus.edu,9882348539
Ishita Joshi,2006-11-01,MECH,MECH-1,2026-2027,3,ishita.joshi.198@smartcampus.edu,9857756146
Gautam Patel,2006-04-16,CSE,CSE-1,2026-2027,3,gautam.patel.199@smartcampus.edu,9882362546
Ritu Banerjee,2006-09-25,CSE,CSE-3,2026-2027,5,ritu.banerjee.200@smartcampus.edu,9839426177
Reyansh Patel,2004-03-01,CSE,CSE-2,2026-2027,7,reyansh.patel.201@smartcampus.edu,9854837661
Divya Ghosh,2003-07-18,CSE,CSE-3,2026-2027,7,divya.ghosh.202@smartcampus.edu,9865728090
Zoya Das,2003-08-01,ECE,ECE-2,2026-2027,7,zoya.das.203@smartcampus.edu,9812877235
Siya Chopra,2003-01-06,EEE,EEE-2,2026-2027,3,siya.chopra.204@smartcampus.edu,9898980667
Gautam Bhat,2006-09-23,ECE,ECE-2,2026-2027,3,gautam.bhat.205@smartcampus.edu,9899939233
Atharva Gupta,2004-05-22,CSM,CSM-1,2026-2027,5,atharva.gupta.206@smartcampus.edu,9843589666
Aarav Kulkarni,2006-03-11,CAD,CAD-2,2026-2027,3,aarav.kulkarni.207@smartcampus.edu,9866729487
Ayaan Rao,2003-11-22,CSE,CSE-3,2026-2027,3,ayaan.rao.208@smartcampus.edu,9840546755
Rithvik Nair,2003-10-11,CSM,CSM-1,2026-2027,5,rithvik.nair.209@smartcampus.edu,9830548739
Sara Das,2004-06-29,ECE,ECE-2,2026-2027,7,sara.das.210@smartcampus.edu,9811163468
Zoya Chopra,2004-11-14,CSE,CSE-1,2026-2027,7,zoya.chopra.211@smartcampus.edu,9882699213
Sunita Malhotra,2003-12-05,CAD,CAD-2,2026-2027,5,sunita.malhotra.212@smartcampus.edu,9874844648
Rahul Kapoor,2005-10-24,MECH,MECH-2,2026-2027,7,rahul.kapoor.213@smartcampus.edu,9879092824
Siddharth Banerjee,2005-06-01,CSM,CSM-2,2026-2027,3,siddharth.banerjee.214@smartcampus.edu,9874031822
Shaurya Chopra,2003-01-04,CSE,CSE-1,2026-2027,3,shaurya.chopra.215@smartcampus.edu,9859308227
Prisha Mishra,2004-02-17,CAD,CAD-2,2026-2027,3,prisha.mishra.216@smartcampus.edu,9895986605
Advik Saxena,2006-08-25,CAD,CAD-1,2026-2027,7,advik.saxena.217@smartcampus.edu,9880337261
Pranav Gupta,2006-07-06,EEE,EEE-1,2026-2027,3,pranav.gupta.218@smartcampus.edu,9872427607
Myra Choudhury,2005-04-23,CSE,CSE-3,2026-2027,7,myra.choudhury.219@smartcampus.edu,9810589228
Shaurya Kumar,2004-09-18,ECE,ECE-1,2026-2027,5,shaurya.kumar.220@smartcampus.edu,9858194153
Ritu Bose,2005-01-19,ECE,ECE-1,2026-2027,3,ritu.bose.221@smartcampus.edu,9813257835
Pooja Joshi,2004-02-29,CSM,CSM-2,2026-2027,7,pooja.joshi.222@smartcampus.edu,9883474611
Sneha Shah,2005-09-15,CSE,CSE-3,2026-2027,7,sneha.shah.223@smartcampus.edu,9816373588
Veda Sharma,2004-10-01,MECH,MECH-2,2026-2027,3,veda.sharma.224@smartcampus.edu,9830880519
Zoya Shah,2004-06-19,CSE,CSE-3,2026-2027,5,zoya.shah.225@smartcampus.edu,9892015997
Dhruv Banerjee,2004-04-22,ECE,ECE-2,2026-2027,5,dhruv.banerjee.226@smartcampus.edu,9853294969
Pooja Joshi,2005-08-23,MECH,MECH-2,2026-2027,3,pooja.joshi.227@smartcampus.edu,9892225230
Manish Joshi,2006-12-01,CSM,CSM-1,2026-2027,7,manish.joshi.228@smartcampus.edu,9854837333
Shreya Verma,2003-09-14,ECE,ECE-2,2026-2027,3,shreya.verma.229@smartcampus.edu,9841626033
Rahul Singh,2006-02-20,CSE,CSE-3,2026-2027,7,rahul.singh.230@smartcampus.edu,9859869329
Ishita Patel,2004-06-25,CAD,CAD-2,2026-2027,3,ishita.patel.231@smartcampus.edu,9871760155
Siya Kulkarni,2004-09-25,CSE,CSE-2,2026-2027,5,siya.kulkarni.232@smartcampus.edu,9819419790
Zoya Banerjee,2004-06-21,CSM,CSM-1,2026-2027,7,zoya.banerjee.233@smartcampus.edu,9875723843
Divya Gupta,2004-12-31,CAD,CAD-2,2026-2027,3,divya.gupta.234@smartcampus.edu,9899669851
Deepak Bose,2005-06-19,MECH,MECH-2,2026-2027,3,deepak.bose.235@smartcampus.edu,9865150004
Anjali Iyer,2004-12-09,CSM,CSM-1,2026-2027,3,anjali.iyer.236@smartcampus.edu,9857218559
Sunita Deshmukh,2005-03-11,CSE,CSE-1,2026-2027,7,sunita.deshmukh.237@smartcampus.edu,9832779471
Khushi Singh,2003-07-02,ECE,ECE-2,2026-2027,5,khushi.singh.238@smartcampus.edu,9843966484
Swati Iyer,2004-07-17,CSE,CSE-1,2026-2027,7,swati.iyer.239@smartcampus.edu,9820060310
Riya Joshi,2005-08-08,CSM,CSM-1,2026-2027,5,riya.joshi.240@smartcampus.edu,9879590823
Prisha Verma,2005-03-13,CSE,CSE-1,2026-2027,3,prisha.verma.241@smartcampus.edu,9858471773
Manish Kumar,2005-05-05,CSE,CSE-2,2026-2027,7,manish.kumar.242@smartcampus.edu,9830588959
Vikram Malhotra,2006-07-17,ECE,ECE-1,2026-2027,3,vikram.malhotra.243@smartcampus.edu,9852816519
Advik Bhat,2006-11-19,CSM,CSM-1,2026-2027,3,advik.bhat.244@smartcampus.edu,9864268517
Vikram Chatterjee,2004-11-18,CSE,CSE-2,2026-2027,5,vikram.chatterjee.245@smartcampus.edu,9894109193
Zoya Banerjee,2005-11-09,EEE,EEE-1,2026-2027,7,zoya.banerjee.246@smartcampus.edu,9819541537
Anjali Bose,2005-07-22,MECH,MECH-1,2026-2027,7,anjali.bose.247@smartcampus.edu,9856330523
Ishaan Mehta,2004-05-19,CSE,CSE-1,2026-2027,3,ishaan.mehta.248@smartcampus.edu,9853086681
Shaurya Das,2006-11-18,EEE,EEE-2,2026-2027,7,shaurya.das.249@smartcampus.edu,9887437195
Arjun Agarwal,2003-03-13,CSE,CSE-3,2026-2027,7,arjun.agarwal.250@smartcampus.edu,9848121537
Kunal Agarwal,2005-10-11,CSE,CSE-3,2026-2027,5,kunal.agarwal.251@smartcampus.edu,9869125325
Riya Iyer,2005-09-13,CSM,CSM-1,2026-2027,3,riya.iyer.252@smartcampus.edu,9898492164
Ritu Gupta,2004-03-01,CSM,CSM-1,2026-2027,5,ritu.gupta.253@smartcampus.edu,9829768425
Ishaan Gupta,2004-03-13,CSM,CSM-1,2026-2027,7,ishaan.gupta.254@smartcampus.edu,9821046463
Myra Mehta,2003-02-26,EEE,EEE-2,2026-2027,5,myra.mehta.255@smartcampus.edu,9863320701
Gauri Banerjee,2005-07-10,CSM,CSM-2,2026-2027,7,gauri.banerjee.256@smartcampus.edu,9893817443
Advik Kulkarni,2006-09-07,CSM,CSM-1,2026-2027,7,advik.kulkarni.257@smartcampus.edu,9893405549
Diya Verma,2006-04-20,CSM,CSM-1,2026-2027,3,diya.verma.258@smartcampus.edu,9855902348
Rohan Reddy,2006-08-07,ECE,ECE-2,2026-2027,3,rohan.reddy.259@smartcampus.edu,9860627446
Varun Reddy,2006-08-20,CSM,CSM-1,2026-2027,3,varun.reddy.260@smartcampus.edu,9868330995
Vikram Gupta,2004-08-02,CSM,CSM-2,2026-2027,5,vikram.gupta.261@smartcampus.edu,9867087744
Advaith Kulkarni,2003-07-07,CSE,CSE-3,2026-2027,7,advaith.kulkarni.262@smartcampus.edu,9870342057
Swati Chatterjee,2004-03-03,ECE,ECE-2,2026-2027,3,swati.chatterjee.263@smartcampus.edu,9867077018
Nikhil Joshi,2003-11-30,CSE,CSE-1,2026-2027,3,nikhil.joshi.264@smartcampus.edu,9843563928
Sneha Patil,2004-04-30,MECH,MECH-1,2026-2027,7,sneha.patil.265@smartcampus.edu,9885277556
Kabir Iyer,2005-08-02,CSE,CSE-1,2026-2027,3,kabir.iyer.266@smartcampus.edu,9829948485
Nikhil Patil,2003-12-08,CSM,CSM-2,2026-2027,3,nikhil.patil.267@smartcampus.edu,9844114358
Neha Nair,2005-10-21,ECE,ECE-1,2026-2027,3,neha.nair.268@smartcampus.edu,9840054331
Arjun Patel,2003-01-11,CSM,CSM-2,2026-2027,3,arjun.patel.269@smartcampus.edu,9892560526
Siya Ghosh,2004-06-27,CSM,CSM-1,2026-2027,3,siya.ghosh.270@smartcampus.edu,9843077001
Advaith Mehta,2005-03-16,ECE,ECE-2,2026-2027,5,advaith.mehta.271@smartcampus.edu,9875817500
Gauri Chopra,2005-06-05,CSE,CSE-1,2026-2027,5,gauri.chopra.272@smartcampus.edu,9824230734
Vivaan Das,2005-05-17,CSM,CSM-1,2026-2027,7,vivaan.das.273@smartcampus.edu,9855867116
Swati Mehta,2005-06-28,CSM,CSM-1,2026-2027,3,swati.mehta.274@smartcampus.edu,9830761548
Dhruv Joshi,2004-11-17,ECE,ECE-2,2026-2027,5,dhruv.joshi.275@smartcampus.edu,9822012936
Riya Bhat,2005-02-18,CSE,CSE-3,2026-2027,3,riya.bhat.276@smartcampus.edu,9835172321
Simran Bose,2003-01-20,MECH,MECH-2,2026-2027,5,simran.bose.277@smartcampus.edu,9842524687
Ishita Iyer,2005-01-26,CAD,CAD-2,2026-2027,5,ishita.iyer.278@smartcampus.edu,9855326706
Kunal Kumar,2006-12-17,CSE,CSE-2,2026-2027,3,kunal.kumar.279@smartcampus.edu,9837746290
Ayaan Verma,2004-07-15,CSM,CSM-1,2026-2027,5,ayaan.verma.280@smartcampus.edu,9859880946
Gauri Saxena,2004-07-03,CSE,CSE-1,2026-2027,5,gauri.saxena.281@smartcampus.edu,9813646988
Sara Pandey,2004-04-18,ECE,ECE-2,2026-2027,5,sara.pandey.282@smartcampus.edu,9885591886
Saanvi Verma,2005-11-06,CSE,CSE-1,2026-2027,7,saanvi.verma.283@smartcampus.edu,9870892054
Siya Sharma,2005-08-31,CSE,CSE-3,2026-2027,5,siya.sharma.284@smartcampus.edu,9828379131
Dhruv Choudhury,2005-04-27,CSE,CSE-2,2026-2027,3,dhruv.choudhury.285@smartcampus.edu,9828658796
Sai Patel,2006-06-17,ECE,ECE-2,2026-2027,7,sai.patel.286@smartcampus.edu,9873497866
Dhruv Sharma,2003-02-04,ECE,ECE-1,2026-2027,7,dhruv.sharma.287@smartcampus.edu,9879206387
Anjali Bhat,2003-01-29,CSE,CSE-1,2026-2027,5,anjali.bhat.288@smartcampus.edu,9864636336
Ishaan Agarwal,2003-08-12,MECH,MECH-2,2026-2027,5,ishaan.agarwal.289@smartcampus.edu,9857591840
Neha Iyer,2005-06-26,ECE,ECE-2,2026-2027,3,neha.iyer.290@smartcampus.edu,9878925845
Kavya Deshmukh,2003-01-27,CSE,CSE-2,2026-2027,5,kavya.deshmukh.291@smartcampus.edu,9831454490
Kavya Malhotra,2006-06-03,CSM,CSM-2,2026-2027,3,kavya.malhotra.292@smartcampus.edu,9864639187
Nikhil Kulkarni,2005-05-28,EEE,EEE-1,2026-2027,5,nikhil.kulkarni.293@smartcampus.edu,9829220416
Harish Chopra,2004-01-13,EEE,EEE-1,2026-2027,3,harish.chopra.294@smartcampus.edu,9856532983
Veda Saxena,2005-10-22,EEE,EEE-2,2026-2027,7,veda.saxena.295@smartcampus.edu,9857060681
Priya Das,2006-04-06,CSM,CSM-2,2026-2027,3,priya.das.296@smartcampus.edu,9864519958
Diya Choudhury,2004-09-17,CAD,CAD-1,2026-2027,3,diya.choudhury.297@smartcampus.edu,9895954512
Sai Banerjee,2003-11-12,ECE,ECE-1,2026-2027,3,sai.banerjee.298@smartcampus.edu,9850941781
Rohan Rao,2003-09-23,MECH,MECH-2,2026-2027,7,rohan.rao.299@smartcampus.edu,9833814309
Vihaan Choudhury,2006-11-06,CSE,CSE-2,2026-2027,3,vihaan.choudhury.300@smartcampus.edu,9876695507
Swati Iyer,2006-11-26,CSM,CSM-2,2026-2027,7,swati.iyer.301@smartcampus.edu,9836725160
Meera Shah,2004-04-28,MECH,MECH-2,2026-2027,7,meera.shah.302@smartcampus.edu,9889309757
Pooja Bose,2005-05-16,CSE,CSE-2,2026-2027,7,pooja.bose.303@smartcampus.edu,9866402390
Rohan Deshmukh,2004-11-04,MECH,MECH-1,2026-2027,7,rohan.deshmukh.304@smartcampus.edu,9864530011
Harish Patil,2003-10-27,ECE,ECE-1,2026-2027,5,harish.patil.305@smartcampus.edu,9818115697
Prisha Agarwal,2005-06-18,CSE,CSE-1,2026-2027,3,prisha.agarwal.306@smartcampus.edu,9826260201
Riya Nair,2006-05-27,CAD,CAD-2,2026-2027,3,riya.nair.307@smartcampus.edu,9851639558
Ishita Kapoor,2005-09-09,CSM,CSM-2,2026-2027,7,ishita.kapoor.308@smartcampus.edu,9828218268
Diya Mehta,2005-07-30,CSM,CSM-2,2026-2027,7,diya.mehta.309@smartcampus.edu,9895706308
Prisha Mishra,2003-08-28,CAD,CAD-1,2026-2027,7,prisha.mishra.310@smartcampus.edu,9859943108
Advik Deshmukh,2004-04-12,CSE,CSE-1,2026-2027,7,advik.deshmukh.311@smartcampus.edu,9835949411
Riya Das,2005-02-07,CSE,CSE-2,2026-2027,3,riya.das.312@smartcampus.edu,9882956652
Diya Pandey,2004-11-27,ECE,ECE-2,2026-2027,5,diya.pandey.313@smartcampus.edu,9897181097
Gautam Singh,2005-07-09,MECH,MECH-1,2026-2027,5,gautam.singh.314@smartcampus.edu,9845083897
Diya Gupta,2004-03-01,CSM,CSM-1,2026-2027,5,diya.gupta.315@smartcampus.edu,9819622757
Dhruv Pandey,2005-06-08,MECH,MECH-2,2026-2027,3,dhruv.pandey.316@smartcampus.edu,9848833774
Khushi Reddy,2004-06-17,ECE,ECE-2,2026-2027,3,khushi.reddy.317@smartcampus.edu,9843857701
Pranav Choudhury,2003-12-31,ECE,ECE-1,2026-2027,3,pranav.choudhury.318@smartcampus.edu,9873508987
Pranav Rao,2006-02-16,CSM,CSM-1,2026-2027,3,pranav.rao.319@smartcampus.edu,9878078922
Priya Mishra,2005-07-04,CAD,CAD-1,2026-2027,3,priya.mishra.320@smartcampus.edu,9883349979
Zoya Choudhury,2004-05-01,CSE,CSE-1,2026-2027,3,zoya.choudhury.321@smartcampus.edu,9882578208
Anjali Patil,2004-06-20,ECE,ECE-1,2026-2027,5,anjali.patil.322@smartcampus.edu,9811587541
Tanvi Agarwal,2005-06-03,CSE,CSE-2,2026-2027,3,tanvi.agarwal.323@smartcampus.edu,9832168825
Ayaan Ghosh,2005-05-09,CSE,CSE-2,2026-2027,5,ayaan.ghosh.324@smartcampus.edu,9874296352
Sai Saxena,2003-04-18,CSM,CSM-1,2026-2027,3,sai.saxena.325@smartcampus.edu,9827557799
Aditya Banerjee,2003-03-20,EEE,EEE-1,2026-2027,3,aditya.banerjee.326@smartcampus.edu,9845251978
Shreya Banerjee,2006-09-07,CSE,CSE-1,2026-2027,7,shreya.banerjee.327@smartcampus.edu,9892060358
Ishaan Reddy,2003-10-14,CSE,CSE-2,2026-2027,5,ishaan.reddy.328@smartcampus.edu,9860132936
Aaryan Gupta,2004-05-04,CSE,CSE-2,2026-2027,5,aaryan.gupta.329@smartcampus.edu,9835822940
Myra Deshmukh,2005-07-02,CSE,CSE-3,2026-2027,3,myra.deshmukh.330@smartcampus.edu,9870328408
Krishna Verma,2003-11-02,ECE,ECE-1,2026-2027,5,krishna.verma.331@smartcampus.edu,9810667734
Diya Chopra,2003-03-18,CSE,CSE-3,2026-2027,7,diya.chopra.332@smartcampus.edu,9895490281
Priya Joshi,2006-04-25,CSE,CSE-1,2026-2027,3,priya.joshi.333@smartcampus.edu,9857022669
Vihaan Deshmukh,2005-07-27,CSE,CSE-2,2026-2027,3,vihaan.deshmukh.334@smartcampus.edu,9896889945
Shaurya Kapoor,2003-08-11,CSE,CSE-3,2026-2027,7,shaurya.kapoor.335@smartcampus.edu,9813332788
Sara Iyer,2004-09-22,CSE,CSE-1,2026-2027,5,sara.iyer.336@smartcampus.edu,9818256664
Dhruv Patel,2005-06-05,CSE,CSE-1,2026-2027,3,dhruv.patel.337@smartcampus.edu,9873820377
Advik Banerjee,2003-04-22,CAD,CAD-1,2026-2027,5,advik.banerjee.338@smartcampus.edu,9813641327
Meera Banerjee,2005-07-19,ECE,ECE-2,2026-2027,7,meera.banerjee.339@smartcampus.edu,9898877892
Simran Patel,2003-09-23,ECE,ECE-1,2026-2027,7,simran.patel.340@smartcampus.edu,9825189153
Shaurya Banerjee,2005-04-26,EEE,EEE-2,2026-2027,7,shaurya.banerjee.341@smartcampus.edu,9887552360
Gauri Pandey,2006-08-11,MECH,MECH-2,2026-2027,5,gauri.pandey.342@smartcampus.edu,9845471750
Swati Sharma,2004-06-21,EEE,EEE-1,2026-2027,3,swati.sharma.343@smartcampus.edu,9864037125
Ritu Sharma,2005-04-18,CSM,CSM-1,2026-2027,5,ritu.sharma.344@smartcampus.edu,9876333425
Sai Kulkarni,2004-10-10,CSE,CSE-3,2026-2027,5,sai.kulkarni.345@smartcampus.edu,9841259893
Divya Mishra,2006-11-02,CAD,CAD-2,2026-2027,3,divya.mishra.346@smartcampus.edu,9815014289
Rohan Mehta,2006-08-19,MECH,MECH-1,2026-2027,3,rohan.mehta.347@smartcampus.edu,9891064501
Arjun Chatterjee,2003-08-06,EEE,EEE-2,2026-2027,3,arjun.chatterjee.348@smartcampus.edu,9890987957
Ananya Patel,2004-10-23,ECE,ECE-2,2026-2027,5,ananya.patel.349@smartcampus.edu,9899471712
Atharva Joshi,2003-04-28,CSM,CSM-1,2026-2027,7,atharva.joshi.350@smartcampus.edu,9854257351
Pari Patel,2006-06-29,EEE,EEE-1,2026-2027,5,pari.patel.351@smartcampus.edu,9849432327
Aaryan Patil,2003-11-02,EEE,EEE-2,2026-2027,3,aaryan.patil.352@smartcampus.edu,9878172204
Prisha Saxena,2003-09-06,CSE,CSE-1,2026-2027,5,prisha.saxena.353@smartcampus.edu,9893250546
Ayaan Verma,2003-03-08,ECE,ECE-2,2026-2027,5,ayaan.verma.354@smartcampus.edu,9826185895
Pooja Nair,2005-12-16,ECE,ECE-1,2026-2027,3,pooja.nair.355@smartcampus.edu,9885396479
Pari Sharma,2004-08-25,CSE,CSE-1,2026-2027,3,pari.sharma.356@smartcampus.edu,9857827293
Tanvi Das,2003-10-15,CSE,CSE-3,2026-2027,5,tanvi.das.357@smartcampus.edu,9880479282
Riya Das,2003-03-06,ECE,ECE-2,2026-2027,3,riya.das.358@smartcampus.edu,9848472042
Varun Ghosh,2003-07-05,ECE,ECE-2,2026-2027,3,varun.ghosh.359@smartcampus.edu,9872003089
Shaurya Mehta,2005-07-15,EEE,EEE-2,2026-2027,5,shaurya.mehta.360@smartcampus.edu,9884824913
Sai Rao,2003-09-02,CSM,CSM-2,2026-2027,7,sai.rao.361@smartcampus.edu,9835131557
Navya Banerjee,2003-10-18,EEE,EEE-2,2026-2027,7,navya.banerjee.362@smartcampus.edu,9892677083
Neha Deshmukh,2005-05-22,CSE,CSE-1,2026-2027,3,neha.deshmukh.363@smartcampus.edu,9854881674
Harish Verma,2005-05-03,MECH,MECH-1,2026-2027,7,harish.verma.364@smartcampus.edu,9834053454
Navya Patel,2003-04-16,CSE,CSE-1,2026-2027,3,navya.patel.365@smartcampus.edu,9873952572
Ishita Mishra,2004-07-06,CSE,CSE-3,2026-2027,3,ishita.mishra.366@smartcampus.edu,9833566887
Harish Iyer,2004-05-17,CSE,CSE-2,2026-2027,5,harish.iyer.367@smartcampus.edu,9865134923
Deepak Singh,2006-11-04,MECH,MECH-1,2026-2027,5,deepak.singh.368@smartcampus.edu,9878031435
Varun Saxena,2005-12-10,ECE,ECE-2,2026-2027,5,varun.saxena.369@smartcampus.edu,9825758499
Atharva Shah,2003-10-13,MECH,MECH-2,2026-2027,7,atharva.shah.370@smartcampus.edu,9848480193
Sara Patil,2006-10-02,CSE,CSE-3,2026-2027,3,sara.patil.371@smartcampus.edu,9819972444
Advik Nair,2004-07-01,ECE,ECE-2,2026-2027,7,advik.nair.372@smartcampus.edu,9846786959
Tanvi Deshmukh,2005-05-30,CAD,CAD-1,2026-2027,3,tanvi.deshmukh.373@smartcampus.edu,9884707032
Riya Chatterjee,2004-01-29,CSE,CSE-1,2026-2027,5,riya.chatterjee.374@smartcampus.edu,9826447122
Rohan Mishra,2004-04-15,CSE,CSE-1,2026-2027,7,rohan.mishra.375@smartcampus.edu,9845955451
Sunita Ghosh,2006-09-16,CSE,CSE-1,2026-2027,7,sunita.ghosh.376@smartcampus.edu,9884807978
Rithvik Shah,2003-02-05,CSE,CSE-2,2026-2027,3,rithvik.shah.377@smartcampus.edu,9832743616
Kunal Bose,2006-09-25,CSE,CSE-1,2026-2027,3,kunal.bose.378@smartcampus.edu,9838515562
Saanvi Agarwal,2005-09-11,MECH,MECH-1,2026-2027,7,saanvi.agarwal.379@smartcampus.edu,9882346019
Reyansh Joshi,2003-02-25,CAD,CAD-2,2026-2027,3,reyansh.joshi.380@smartcampus.edu,9871138404
Advaith Bose,2004-09-09,ECE,ECE-1,2026-2027,7,advaith.bose.381@smartcampus.edu,9848552800
Ishaan Bhat,2006-07-29,CSE,CSE-1,2026-2027,3,ishaan.bhat.382@smartcampus.edu,9873702643
Sunita Reddy,2006-04-26,CSE,CSE-1,2026-2027,5,sunita.reddy.383@smartcampus.edu,9829914479
Saanvi Chopra,2004-05-23,CSE,CSE-1,2026-2027,5,saanvi.chopra.384@smartcampus.edu,9840044465
Prisha Verma,2003-02-28,CSE,CSE-2,2026-2027,3,prisha.verma.385@smartcampus.edu,9846936636
Krishna Saxena,2005-04-08,CSE,CSE-1,2026-2027,5,krishna.saxena.386@smartcampus.edu,9890729457
Harish Kulkarni,2003-07-05,CAD,CAD-1,2026-2027,5,harish.kulkarni.387@smartcampus.edu,9887700156
Atharva Malhotra,2003-11-24,CSM,CSM-1,2026-2027,7,atharva.malhotra.388@smartcampus.edu,9874970246
Kunal Chopra,2003-09-02,CSM,CSM-2,2026-2027,7,kunal.chopra.389@smartcampus.edu,9813493261
Anjali Patil,2005-03-21,MECH,MECH-2,2026-2027,3,anjali.patil.390@smartcampus.edu,9811463078
Sara Verma,2005-01-19,CSM,CSM-2,2026-2027,7,sara.verma.391@smartcampus.edu,9843718100
Pari Singh,2003-09-12,ECE,ECE-2,2026-2027,5,pari.singh.392@smartcampus.edu,9860168800
Manish Singh,2006-06-28,ECE,ECE-1,2026-2027,7,manish.singh.393@smartcampus.edu,9897041730
Pari Gupta,2006-11-29,ECE,ECE-1,2026-2027,5,pari.gupta.394@smartcampus.edu,9816654741
Kavya Deshmukh,2006-06-23,ECE,ECE-2,2026-2027,5,kavya.deshmukh.395@smartcampus.edu,9849504995
Siya Kulkarni,2004-11-21,CAD,CAD-2,2026-2027,3,siya.kulkarni.396@smartcampus.edu,9875469759
Zoya Gupta,2005-11-24,MECH,MECH-2,2026-2027,7,zoya.gupta.397@smartcampus.edu,9849628001
Khushi Verma,2005-12-27,CAD,CAD-2,2026-2027,3,khushi.verma.398@smartcampus.edu,9837382691
Dhruv Chatterjee,2006-12-24,EEE,EEE-2,2026-2027,5,dhruv.chatterjee.399@smartcampus.edu,9869922814
Siddharth Banerjee,2004-07-09,CSM,CSM-1,2026-2027,3,siddharth.banerjee.400@smartcampus.edu,9831585523
Reyansh Chatterjee,2005-08-27,CSM,CSM-1,2026-2027,5,reyansh.chatterjee.401@smartcampus.edu,9886065342
Gauri Chopra,2006-10-29,CAD,CAD-1,2026-2027,7,gauri.chopra.402@smartcampus.edu,9891282345
Ishaan Patel,2006-10-25,CSM,CSM-2,2026-2027,7,ishaan.patel.403@smartcampus.edu,9850114928
Riya Patil,2005-07-19,ECE,ECE-1,2026-2027,3,riya.patil.404@smartcampus.edu,9828565974
Ayaan Chopra,2005-07-01,MECH,MECH-1,2026-2027,7,ayaan.chopra.405@smartcampus.edu,9858778682
Shreya Kumar,2005-10-09,CSM,CSM-1,2026-2027,3,shreya.kumar.406@smartcampus.edu,9886652337
Rohan Gupta,2006-06-25,ECE,ECE-1,2026-2027,5,rohan.gupta.407@smartcampus.edu,9873825763
Ritu Reddy,2005-02-11,CSE,CSE-1,2026-2027,7,ritu.reddy.408@smartcampus.edu,9828609885
Aditya Kapoor,2003-05-26,CSE,CSE-1,2026-2027,3,aditya.kapoor.409@smartcampus.edu,9811931861
Reyansh Chatterjee,2005-10-19,ECE,ECE-2,2026-2027,7,reyansh.chatterjee.410@smartcampus.edu,9836122959
Pranav Kumar,2003-05-01,EEE,EEE-1,2026-2027,7,pranav.kumar.411@smartcampus.edu,9823167922
Gauri Patel,2004-02-22,ECE,ECE-2,2026-2027,7,gauri.patel.412@smartcampus.edu,9820484369
Atharva Chopra,2004-12-10,CSE,CSE-2,2026-2027,7,atharva.chopra.413@smartcampus.edu,9865690262
Khushi Ghosh,2005-04-24,CSM,CSM-2,2026-2027,3,khushi.ghosh.414@smartcampus.edu,9854816228
Aaryan Mehta,2006-07-01,ECE,ECE-2,2026-2027,3,aaryan.mehta.415@smartcampus.edu,9877597345
Rithvik Agarwal,2005-03-02,EEE,EEE-1,2026-2027,3,rithvik.agarwal.416@smartcampus.edu,9823160502
Advik Singh,2003-05-21,ECE,ECE-1,2026-2027,3,advik.singh.417@smartcampus.edu,9894579383
Ananya Reddy,2006-02-11,CSM,CSM-2,2026-2027,5,ananya.reddy.418@smartcampus.edu,9894707055
Advaith Chopra,2005-12-01,CSM,CSM-2,2026-2027,5,advaith.chopra.419@smartcampus.edu,9832919267
Advaith Banerjee,2003-12-22,CSM,CSM-1,2026-2027,7,advaith.banerjee.420@smartcampus.edu,9852173050
Meera Rao,2003-01-29,CSM,CSM-2,2026-2027,7,meera.rao.421@smartcampus.edu,9869193241
Sara Shah,2005-02-03,CSE,CSE-3,2026-2027,3,sara.shah.422@smartcampus.edu,9885304216
Ishaan Kulkarni,2004-08-09,MECH,MECH-1,2026-2027,3,ishaan.kulkarni.423@smartcampus.edu,9888144635
Meera Malhotra,2006-06-01,MECH,MECH-1,2026-2027,5,meera.malhotra.424@smartcampus.edu,9843568472
Shaurya Ghosh,2006-02-23,MECH,MECH-2,2026-2027,5,shaurya.ghosh.425@smartcampus.edu,9878066352
Meera Patil,2005-03-20,EEE,EEE-1,2026-2027,5,meera.patil.426@smartcampus.edu,9879252137
Atharva Rao,2004-03-25,CSE,CSE-2,2026-2027,3,atharva.rao.427@smartcampus.edu,9842177080
Ishaan Shah,2005-06-05,EEE,EEE-2,2026-2027,3,ishaan.shah.428@smartcampus.edu,9886733588
Ananya Banerjee,2004-05-26,CAD,CAD-1,2026-2027,5,ananya.banerjee.429@smartcampus.edu,9886246718
Krishna Gupta,2005-12-14,CSE,CSE-2,2026-2027,5,krishna.gupta.430@smartcampus.edu,9891634578
Preeti Mehta,2003-09-30,CSE,CSE-1,2026-2027,3,preeti.mehta.431@smartcampus.edu,9855178252
Siya Bhat,2006-12-04,EEE,EEE-2,2026-2027,7,siya.bhat.432@smartcampus.edu,9889433408
Saanvi Joshi,2003-02-15,ECE,ECE-1,2026-2027,7,saanvi.joshi.433@smartcampus.edu,9882419636
Neha Malhotra,2006-05-11,EEE,EEE-1,2026-2027,7,neha.malhotra.434@smartcampus.edu,9858699583
Sara Agarwal,2006-03-13,CSE,CSE-1,2026-2027,3,sara.agarwal.435@smartcampus.edu,9846287315
Pari Gupta,2003-10-07,EEE,EEE-1,2026-2027,7,pari.gupta.436@smartcampus.edu,9884434853
Nikhil Mishra,2005-09-08,CSE,CSE-3,2026-2027,7,nikhil.mishra.437@smartcampus.edu,9858139105
Siya Reddy,2005-02-18,ECE,ECE-1,2026-2027,7,siya.reddy.438@smartcampus.edu,9878926365
Reyansh Iyer,2006-04-21,CAD,CAD-2,2026-2027,3,reyansh.iyer.439@smartcampus.edu,9837630009
Aditya Malhotra,2004-09-29,CSE,CSE-3,2026-2027,5,aditya.malhotra.440@smartcampus.edu,9823784000
Anjali Malhotra,2004-06-15,CSM,CSM-2,2026-2027,5,anjali.malhotra.441@smartcampus.edu,9873703368
Varun Mishra,2003-12-21,MECH,MECH-2,2026-2027,3,varun.mishra.442@smartcampus.edu,9891800520
Varun Nair,2005-08-30,CAD,CAD-1,2026-2027,5,varun.nair.443@smartcampus.edu,9878051061
Gauri Singh,2004-08-02,CSE,CSE-1,2026-2027,7,gauri.singh.444@smartcampus.edu,9834342436
Sai Chopra,2003-03-23,CSE,CSE-3,2026-2027,5,sai.chopra.445@smartcampus.edu,9893975938
Rithvik Agarwal,2003-08-09,MECH,MECH-1,2026-2027,5,rithvik.agarwal.446@smartcampus.edu,9823046336
Prisha Rao,2005-04-09,CSE,CSE-2,2026-2027,5,prisha.rao.447@smartcampus.edu,9848900609
Vikram Deshmukh,2006-12-25,CAD,CAD-2,2026-2027,7,vikram.deshmukh.448@smartcampus.edu,9887879678
Shaurya Agarwal,2004-01-16,CSM,CSM-2,2026-2027,3,shaurya.agarwal.449@smartcampus.edu,9890476216
Diya Ghosh,2006-05-13,ECE,ECE-2,2026-2027,3,diya.ghosh.450@smartcampus.edu,9861752822
Gauri Patel,2006-04-19,ECE,ECE-2,2026-2027,5,gauri.patel.451@smartcampus.edu,9817159172
Advik Saxena,2005-04-01,CSM,CSM-1,2026-2027,5,advik.saxena.452@smartcampus.edu,9827755066
Riya Patil,2006-08-02,EEE,EEE-1,2026-2027,7,riya.patil.453@smartcampus.edu,9884332781
Riya Das,2004-10-18,CAD,CAD-1,2026-2027,3,riya.das.454@smartcampus.edu,9874445688
Simran Gupta,2006-09-05,CSE,CSE-1,2026-2027,7,simran.gupta.455@smartcampus.edu,9873175788
Ayaan Shah,2003-12-31,CSE,CSE-2,2026-2027,3,ayaan.shah.456@smartcampus.edu,9875670941
Zoya Nair,2005-01-23,EEE,EEE-2,2026-2027,5,zoya.nair.457@smartcampus.edu,9864019831
Myra Agarwal,2003-09-24,CSM,CSM-1,2026-2027,5,myra.agarwal.458@smartcampus.edu,9851823933
Ayaan Agarwal,2005-12-27,CSE,CSE-3,2026-2027,7,ayaan.agarwal.459@smartcampus.edu,9870904783
Riya Choudhury,2006-04-09,CSE,CSE-3,2026-2027,3,riya.choudhury.460@smartcampus.edu,9822787223
Arjun Deshmukh,2003-06-26,CAD,CAD-2,2026-2027,5,arjun.deshmukh.461@smartcampus.edu,9829996335
Kavya Agarwal,2003-10-19,CAD,CAD-1,2026-2027,5,kavya.agarwal.462@smartcampus.edu,9872036142
Vikram Saxena,2003-08-01,CSE,CSE-3,2026-2027,3,vikram.saxena.463@smartcampus.edu,9865536657
Divya Bose,2003-03-21,CSM,CSM-1,2026-2027,5,divya.bose.464@smartcampus.edu,9857633242
Divya Kapoor,2006-07-25,CSE,CSE-2,2026-2027,5,divya.kapoor.465@smartcampus.edu,9895166350
Shreya Joshi,2003-07-04,ECE,ECE-1,2026-2027,5,shreya.joshi.466@smartcampus.edu,9837388915
Arjun Sharma,2005-04-26,CAD,CAD-2,2026-2027,5,arjun.sharma.467@smartcampus.edu,9866230186
Siddharth Kulkarni,2004-04-29,CSM,CSM-1,2026-2027,3,siddharth.kulkarni.468@smartcampus.edu,9880713463
Sara Das,2003-07-12,CSE,CSE-1,2026-2027,3,sara.das.469@smartcampus.edu,9846953731
Gauri Nair,2006-10-20,CSE,CSE-2,2026-2027,7,gauri.nair.470@smartcampus.edu,9844192322
Deepak Ghosh,2004-10-14,ECE,ECE-2,2026-2027,5,deepak.ghosh.471@smartcampus.edu,9891794192
Aarav Nair,2005-01-04,CSE,CSE-1,2026-2027,3,aarav.nair.472@smartcampus.edu,9890410150
Advaith Chopra,2003-03-21,CSM,CSM-1,2026-2027,3,advaith.chopra.473@smartcampus.edu,9862873321
Atharva Agarwal,2006-11-02,CSM,CSM-2,2026-2027,3,atharva.agarwal.474@smartcampus.edu,9847478779
Saanvi Verma,2006-12-10,EEE,EEE-1,2026-2027,3,saanvi.verma.475@smartcampus.edu,9868054734
Anjali Singh,2005-11-22,CSE,CSE-3,2026-2027,7,anjali.singh.476@smartcampus.edu,9892751524
Pooja Reddy,2006-08-18,MECH,MECH-2,2026-2027,3,pooja.reddy.477@smartcampus.edu,9812853396
Riya Banerjee,2006-12-14,ECE,ECE-2,2026-2027,3,riya.banerjee.478@smartcampus.edu,9893593555
Aaryan Saxena,2003-02-27,CSE,CSE-3,2026-2027,7,aaryan.saxena.479@smartcampus.edu,9858398828
Ishaan Kulkarni,2006-07-19,CSE,CSE-3,2026-2027,5,ishaan.kulkarni.480@smartcampus.edu,9826723890
Aarav Agarwal,2003-08-24,CSM,CSM-2,2026-2027,5,aarav.agarwal.481@smartcampus.edu,9858008680
Pranav Patil,2005-06-20,CSE,CSE-1,2026-2027,7,pranav.patil.482@smartcampus.edu,9899150094
Kabir Kapoor,2006-12-13,EEE,EEE-2,2026-2027,3,kabir.kapoor.483@smartcampus.edu,9818182880
Navya Patel,2003-06-05,CSM,CSM-1,2026-2027,7,navya.patel.484@smartcampus.edu,9880524210
Rithvik Malhotra,2003-01-10,CSE,CSE-3,2026-2027,3,rithvik.malhotra.485@smartcampus.edu,9862883196
Rithvik Reddy,2006-06-23,CSM,CSM-2,2026-2027,3,rithvik.reddy.486@smartcampus.edu,9860408093
Swati Nair,2003-10-16,EEE,EEE-2,2026-2027,7,swati.nair.487@smartcampus.edu,9899959624
Khushi Nair,2006-10-15,MECH,MECH-2,2026-2027,7,khushi.nair.488@smartcampus.edu,9845233730
Vivaan Malhotra,2003-09-29,CSE,CSE-3,2026-2027,3,vivaan.malhotra.489@smartcampus.edu,9820170429
Pooja Shah,2006-12-10,CSM,CSM-1,2026-2027,7,pooja.shah.490@smartcampus.edu,9832664709
Meera Shah,2003-06-16,CSM,CSM-1,2026-2027,3,meera.shah.491@smartcampus.edu,9889593113
Myra Banerjee,2003-12-16,EEE,EEE-1,2026-2027,5,myra.banerjee.492@smartcampus.edu,9847100910
Sara Chopra,2006-03-24,CSM,CSM-2,2026-2027,7,sara.chopra.493@smartcampus.edu,9834539814
Harish Joshi,2004-05-22,ECE,ECE-1,2026-2027,3,harish.joshi.494@smartcampus.edu,9812278938
Sara Ghosh,2006-07-20,CSM,CSM-2,2026-2027,5,sara.ghosh.495@smartcampus.edu,9878677195
Kavya Gupta,2006-10-01,CSE,CSE-1,2026-2027,7,kavya.gupta.496@smartcampus.edu,9844574643
Advik Mishra,2003-06-02,CSE,CSE-1,2026-2027,7,advik.mishra.497@smartcampus.edu,9816927290
Aaryan Reddy,2005-09-04,ECE,ECE-2,2026-2027,3,aaryan.reddy.498@smartcampus.edu,9875209627
Advaith Verma,2003-02-15,CSM,CSM-2,2026-2027,5,advaith.verma.499@smartcampus.edu,9880760459
Sunita Iyer,2003-01-09,ECE,ECE-2,2026-2027,3,sunita.iyer.500@smartcampus.edu,9844990446
Vihaan Deshmukh,2006-09-02,CSE,CSE-1,2026-2027,5,vihaan.deshmukh.501@smartcampus.edu,9827059328
Harish Shah,2005-05-06,ECE,ECE-1,2026-2027,5,harish.shah.502@smartcampus.edu,9824392058
Pooja Patil,2006-10-20,CSE,CSE-1,2026-2027,3,pooja.patil.503@smartcampus.edu,9861394457
Advaith Joshi,2003-11-29,ECE,ECE-1,2026-2027,3,advaith.joshi.504@smartcampus.edu,9874055578
Advaith Chatterjee,2005-08-17,CSE,CSE-1,2026-2027,7,advaith.chatterjee.505@smartcampus.edu,9849062114
Advik Kapoor,2003-12-06,CSM,CSM-2,2026-2027,3,advik.kapoor.506@smartcampus.edu,9881888862
Aarav Reddy,2006-10-02,MECH,MECH-2,2026-2027,7,aarav.reddy.507@smartcampus.edu,9839731211
Pranav Mehta,2006-07-27,CSE,CSE-1,2026-2027,3,pranav.mehta.508@smartcampus.edu,9820151397
Meera Mehta,2006-09-06,CSE,CSE-2,2026-2027,5,meera.mehta.509@smartcampus.edu,9844207833
Gautam Chatterjee,2004-06-26,ECE,ECE-1,2026-2027,7,gautam.chatterjee.510@smartcampus.edu,9836307024
Vikram Ghosh,2006-06-29,CSE,CSE-3,2026-2027,5,vikram.ghosh.511@smartcampus.edu,9841871021
Divya Singh,2004-01-19,CSM,CSM-1,2026-2027,5,divya.singh.512@smartcampus.edu,9871467454
Tanvi Malhotra,2006-11-08,CSM,CSM-1,2026-2027,3,tanvi.malhotra.513@smartcampus.edu,9881520827
Riya Kapoor,2004-04-04,EEE,EEE-2,2026-2027,7,riya.kapoor.514@smartcampus.edu,9818279330
Rohan Verma,2006-06-02,CSE,CSE-2,2026-2027,7,rohan.verma.515@smartcampus.edu,9821939572
Dhruv Saxena,2004-05-16,CSE,CSE-2,2026-2027,3,dhruv.saxena.516@smartcampus.edu,9877283000
Vikram Deshmukh,2006-01-26,CSE,CSE-3,2026-2027,7,vikram.deshmukh.517@smartcampus.edu,9884296361
Nikhil Sharma,2004-02-20,EEE,EEE-2,2026-2027,7,nikhil.sharma.518@smartcampus.edu,9880535476
Pooja Saxena,2006-03-27,CSM,CSM-1,2026-2027,7,pooja.saxena.519@smartcampus.edu,9831008893
Sunita Reddy,2005-07-26,CSE,CSE-2,2026-2027,3,sunita.reddy.520@smartcampus.edu,9849108589
Kunal Iyer,2005-09-11,ECE,ECE-1,2026-2027,7,kunal.iyer.521@smartcampus.edu,9841780464
Ishita Bhat,2006-01-11,EEE,EEE-2,2026-2027,3,ishita.bhat.522@smartcampus.edu,9818702736
Siya Saxena,2005-05-23,EEE,EEE-2,2026-2027,3,siya.saxena.523@smartcampus.edu,9894857122
Ritu Mehta,2003-10-17,CSE,CSE-3,2026-2027,3,ritu.mehta.524@smartcampus.edu,9855451377
Aaryan Iyer,2003-11-11,CSE,CSE-3,2026-2027,7,aaryan.iyer.525@smartcampus.edu,9867644967
Siya Bhat,2005-01-06,ECE,ECE-1,2026-2027,7,siya.bhat.526@smartcampus.edu,9838950767
Siya Kulkarni,2003-07-13,EEE,EEE-1,2026-2027,5,siya.kulkarni.527@smartcampus.edu,9853197167
Harish Pandey,2004-07-13,CSE,CSE-1,2026-2027,5,harish.pandey.528@smartcampus.edu,9895652694
Pooja Patel,2004-06-15,CSE,CSE-1,2026-2027,7,pooja.patel.529@smartcampus.edu,9870233098
Kunal Chatterjee,2003-05-22,CSM,CSM-1,2026-2027,5,kunal.chatterjee.530@smartcampus.edu,9839134002
Aarav Gupta,2005-12-16,CSE,CSE-2,2026-2027,7,aarav.gupta.531@smartcampus.edu,9838464244
Ritu Pandey,2004-10-27,CSE,CSE-1,2026-2027,3,ritu.pandey.532@smartcampus.edu,9835700590
Pari Choudhury,2004-04-23,CSE,CSE-1,2026-2027,3,pari.choudhury.533@smartcampus.edu,9855089299
Sara Singh,2004-01-15,EEE,EEE-2,2026-2027,3,sara.singh.534@smartcampus.edu,9813098146
Advik Deshmukh,2003-05-17,MECH,MECH-2,2026-2027,7,advik.deshmukh.535@smartcampus.edu,9853409169
Sara Agarwal,2005-06-28,MECH,MECH-1,2026-2027,3,sara.agarwal.536@smartcampus.edu,9822293252
Diya Bhat,2005-11-06,CSM,CSM-1,2026-2027,7,diya.bhat.537@smartcampus.edu,9820669378
Dhruv Saxena,2004-06-07,ECE,ECE-1,2026-2027,3,dhruv.saxena.538@smartcampus.edu,9889879181
Kabir Agarwal,2003-02-22,CSM,CSM-2,2026-2027,7,kabir.agarwal.539@smartcampus.edu,9889420313
Preeti Mishra,2004-06-18,CSE,CSE-1,2026-2027,5,preeti.mishra.540@smartcampus.edu,9897052857
Sunita Kumar,2004-01-12,ECE,ECE-1,2026-2027,3,sunita.kumar.541@smartcampus.edu,9839071871
Vihaan Kulkarni,2004-04-08,EEE,EEE-1,2026-2027,7,vihaan.kulkarni.542@smartcampus.edu,9899194406
Nikhil Agarwal,2003-12-26,CSE,CSE-3,2026-2027,5,nikhil.agarwal.543@smartcampus.edu,9895806636
Preeti Verma,2005-08-13,CSM,CSM-1,2026-2027,7,preeti.verma.544@smartcampus.edu,9815356888
Varun Ghosh,2003-11-10,EEE,EEE-2,2026-2027,7,varun.ghosh.545@smartcampus.edu,9833467565
Vihaan Kulkarni,2005-11-16,EEE,EEE-2,2026-2027,3,vihaan.kulkarni.546@smartcampus.edu,9845405015
Vivaan Bhat,2006-07-24,MECH,MECH-2,2026-2027,5,vivaan.bhat.547@smartcampus.edu,9856985360
Dhruv Patil,2004-07-14,EEE,EEE-1,2026-2027,7,dhruv.patil.548@smartcampus.edu,9812356619
Swati Deshmukh,2006-09-27,CSM,CSM-2,2026-2027,3,swati.deshmukh.549@smartcampus.edu,9813556590
Aarav Bose,2003-01-23,CSM,CSM-1,2026-2027,5,aarav.bose.550@smartcampus.edu,9811039155
Aarav Reddy,2005-02-13,ECE,ECE-2,2026-2027,7,aarav.reddy.551@smartcampus.edu,9827335624
Arjun Nair,2006-04-01,CSM,CSM-1,2026-2027,3,arjun.nair.552@smartcampus.edu,9872045513
Rithvik Ghosh,2006-06-14,MECH,MECH-2,2026-2027,7,rithvik.ghosh.553@smartcampus.edu,9850484827
Sai Singh,2005-11-05,CSE,CSE-2,2026-2027,5,sai.singh.554@smartcampus.edu,9820541225
Myra Choudhury,2004-07-02,CSM,CSM-2,2026-2027,5,myra.choudhury.555@smartcampus.edu,9842319438
Gauri Kumar,2004-07-13,ECE,ECE-2,2026-2027,3,gauri.kumar.556@smartcampus.edu,9866628118
Vivaan Ghosh,2003-12-03,ECE,ECE-1,2026-2027,3,vivaan.ghosh.557@smartcampus.edu,9862067778
Saanvi Chatterjee,2003-07-08,CSE,CSE-1,2026-2027,5,saanvi.chatterjee.558@smartcampus.edu,9865158674
Shaurya Nair,2004-09-30,EEE,EEE-2,2026-2027,5,shaurya.nair.559@smartcampus.edu,9881825050
Aaryan Kumar,2004-08-01,CSE,CSE-2,2026-2027,7,aaryan.kumar.560@smartcampus.edu,9894852021
Preeti Malhotra,2004-04-03,CSE,CSE-3,2026-2027,3,preeti.malhotra.561@smartcampus.edu,9867542765
Neha Banerjee,2005-09-25,CSE,CSE-3,2026-2027,3,neha.banerjee.562@smartcampus.edu,9880670009
Divya Agarwal,2004-11-04,ECE,ECE-2,2026-2027,7,divya.agarwal.563@smartcampus.edu,9857484118
Sara Chatterjee,2005-06-21,ECE,ECE-2,2026-2027,5,sara.chatterjee.564@smartcampus.edu,9849965578
Harish Bhat,2006-01-17,EEE,EEE-1,2026-2027,5,harish.bhat.565@smartcampus.edu,9832506930
Krishna Sharma,2004-01-24,EEE,EEE-1,2026-2027,5,krishna.sharma.566@smartcampus.edu,9841356779
Preeti Joshi,2003-02-17,MECH,MECH-1,2026-2027,7,preeti.joshi.567@smartcampus.edu,9878059474
Vivaan Malhotra,2006-01-23,ECE,ECE-2,2026-2027,5,vivaan.malhotra.568@smartcampus.edu,9881559104
Sneha Banerjee,2004-03-24,CSE,CSE-2,2026-2027,7,sneha.banerjee.569@smartcampus.edu,9832329396
Aarav Verma,2005-10-09,CSE,CSE-1,2026-2027,7,aarav.verma.570@smartcampus.edu,9871310788
Vivaan Shah,2004-08-22,CSM,CSM-1,2026-2027,3,vivaan.shah.571@smartcampus.edu,9823352326
Sunita Deshmukh,2004-12-07,CSE,CSE-1,2026-2027,5,sunita.deshmukh.572@smartcampus.edu,9869858165
Divya Banerjee,2004-07-28,CSE,CSE-3,2026-2027,7,divya.banerjee.573@smartcampus.edu,9893878092
Saanvi Bose,2004-12-12,MECH,MECH-1,2026-2027,7,saanvi.bose.574@smartcampus.edu,9813192064
Sara Rao,2005-03-26,MECH,MECH-1,2026-2027,5,sara.rao.575@smartcampus.edu,9838714941
Nikhil Agarwal,2005-09-29,CAD,CAD-1,2026-2027,5,nikhil.agarwal.576@smartcampus.edu,9885937504
Advaith Nair,2003-02-21,CAD,CAD-2,2026-2027,5,advaith.nair.577@smartcampus.edu,9866837250
Vihaan Verma,2003-11-22,ECE,ECE-2,2026-2027,3,vihaan.verma.578@smartcampus.edu,9889611640
Riya Reddy,2004-08-15,CSE,CSE-1,2026-2027,5,riya.reddy.579@smartcampus.edu,9821815547
Rithvik Chatterjee,2006-10-31,CSM,CSM-1,2026-2027,5,rithvik.chatterjee.580@smartcampus.edu,9820815302
Navya Patil,2003-06-29,CSE,CSE-2,2026-2027,5,navya.patil.581@smartcampus.edu,9875398674
Vihaan Malhotra,2003-06-11,ECE,ECE-2,2026-2027,7,vihaan.malhotra.582@smartcampus.edu,9891292668
Veda Iyer,2003-04-13,MECH,MECH-2,2026-2027,5,veda.iyer.583@smartcampus.edu,9888285794
Rohan Kapoor,2003-01-09,CAD,CAD-2,2026-2027,3,rohan.kapoor.584@smartcampus.edu,9819922342
Vihaan Kulkarni,2003-06-26,ECE,ECE-1,2026-2027,7,vihaan.kulkarni.585@smartcampus.edu,9837001047
Advaith Patil,2003-10-30,EEE,EEE-1,2026-2027,3,advaith.patil.586@smartcampus.edu,9817293550
Sai Patel,2006-07-09,CSE,CSE-2,2026-2027,3,sai.patel.587@smartcampus.edu,9811538607
Siya Agarwal,2004-06-22,CSM,CSM-1,2026-2027,7,siya.agarwal.588@smartcampus.edu,9820380872
Priya Chatterjee,2006-05-31,CSM,CSM-1,2026-2027,3,priya.chatterjee.589@smartcampus.edu,9813483053
Meera Rao,2003-04-22,CSM,CSM-2,2026-2027,3,meera.rao.590@smartcampus.edu,9846536559
Rahul Pandey,2003-04-04,EEE,EEE-1,2026-2027,3,rahul.pandey.591@smartcampus.edu,9835600849
Myra Saxena,2004-02-18,CSM,CSM-1,2026-2027,7,myra.saxena.592@smartcampus.edu,9846502116
Shreya Banerjee,2003-07-16,CSM,CSM-2,2026-2027,3,shreya.banerjee.593@smartcampus.edu,9841774097
Kunal Sharma,2006-09-24,ECE,ECE-1,2026-2027,5,kunal.sharma.594@smartcampus.edu,9898931499
Rahul Banerjee,2003-02-15,CSE,CSE-2,2026-2027,3,rahul.banerjee.595@smartcampus.edu,9843576293
Ananya Chopra,2006-11-13,CSE,CSE-2,2026-2027,3,ananya.chopra.596@smartcampus.edu,9856693940
Atharva Das,2003-01-31,CSE,CSE-3,2026-2027,7,atharva.das.597@smartcampus.edu,9857274760
Khushi Mishra,2005-03-28,CSM,CSM-2,2026-2027,5,khushi.mishra.598@smartcampus.edu,9847135086
Riya Mishra,2003-02-07,ECE,ECE-2,2026-2027,7,riya.mishra.599@smartcampus.edu,9842396340
Varun Agarwal,2005-03-25,CSM,CSM-1,2026-2027,7,varun.agarwal.600@smartcampus.edu,9815140781
Swati Mehta,2006-08-08,MECH,MECH-1,2026-2027,3,swati.mehta.601@smartcampus.edu,9837794007
Sneha Kumar,2006-12-28,CAD,CAD-1,2026-2027,7,sneha.kumar.602@smartcampus.edu,9816653227
Rithvik Gupta,2004-03-25,ECE,ECE-1,2026-2027,5,rithvik.gupta.603@smartcampus.edu,9834238338
Siddharth Kumar,2003-11-21,CAD,CAD-2,2026-2027,5,siddharth.kumar.604@smartcampus.edu,9823644480
Sara Joshi,2003-09-20,CSE,CSE-3,2026-2027,3,sara.joshi.605@smartcampus.edu,9873398108
Rohan Nair,2006-07-28,MECH,MECH-2,2026-2027,5,rohan.nair.606@smartcampus.edu,9853445592
Navya Agarwal,2003-10-28,EEE,EEE-1,2026-2027,7,navya.agarwal.607@smartcampus.edu,9899879029
Varun Saxena,2005-11-25,CSE,CSE-2,2026-2027,7,varun.saxena.608@smartcampus.edu,9839337621
Neha Joshi,2005-06-01,CAD,CAD-1,2026-2027,3,neha.joshi.609@smartcampus.edu,9848203151
Gautam Reddy,2005-08-06,ECE,ECE-2,2026-2027,3,gautam.reddy.610@smartcampus.edu,9848063684
Advaith Shah,2003-09-12,EEE,EEE-2,2026-2027,7,advaith.shah.611@smartcampus.edu,9882714494
Saanvi Das,2005-04-26,CSE,CSE-2,2026-2027,7,saanvi.das.612@smartcampus.edu,9836014814
Ishaan Banerjee,2004-06-11,CSE,CSE-1,2026-2027,3,ishaan.banerjee.613@smartcampus.edu,9841355835
Sneha Joshi,2004-03-09,CAD,CAD-1,2026-2027,5,sneha.joshi.614@smartcampus.edu,9890717039
Varun Pandey,2004-09-14,ECE,ECE-1,2026-2027,3,varun.pandey.615@smartcampus.edu,9839561979
Krishna Banerjee,2005-08-02,CAD,CAD-1,2026-2027,3,krishna.banerjee.616@smartcampus.edu,9839843982
Pooja Mishra,2006-12-19,MECH,MECH-1,2026-2027,5,pooja.mishra.617@smartcampus.edu,9850098884
Atharva Banerjee,2003-04-26,MECH,MECH-2,2026-2027,7,atharva.banerjee.618@smartcampus.edu,9895336913
Ritu Kumar,2005-01-06,CSE,CSE-2,2026-2027,5,ritu.kumar.619@smartcampus.edu,9869610211
Navya Iyer,2006-03-14,CSM,CSM-1,2026-2027,7,navya.iyer.620@smartcampus.edu,9815610121
Rohan Malhotra,2004-04-10,CSE,CSE-3,2026-2027,3,rohan.malhotra.621@smartcampus.edu,9846241730
Rahul Choudhury,2005-10-03,ECE,ECE-1,2026-2027,3,rahul.choudhury.622@smartcampus.edu,9846114324
Shaurya Singh,2006-01-16,CSE,CSE-2,2026-2027,3,shaurya.singh.623@smartcampus.edu,9824569099
Ishita Verma,2006-09-18,CAD,CAD-1,2026-2027,7,ishita.verma.624@smartcampus.edu,9867487893
Kabir Shah,2003-06-09,CSM,CSM-1,2026-2027,7,kabir.shah.625@smartcampus.edu,9828446190
Pranav Rao,2006-07-19,ECE,ECE-2,2026-2027,3,pranav.rao.626@smartcampus.edu,9872105884
Neha Chopra,2004-01-17,CSE,CSE-3,2026-2027,5,neha.chopra.627@smartcampus.edu,9825536766
Aditya Reddy,2003-12-28,CSE,CSE-3,2026-2027,7,aditya.reddy.628@smartcampus.edu,9871034319
Ishaan Nair,2004-03-10,CSE,CSE-3,2026-2027,5,ishaan.nair.629@smartcampus.edu,9830674001
Simran Das,2003-08-21,MECH,MECH-1,2026-2027,3,simran.das.630@smartcampus.edu,9865833595
Rahul Agarwal,2005-09-10,CSE,CSE-3,2026-2027,7,rahul.agarwal.631@smartcampus.edu,9846837377
Sunita Kulkarni,2003-10-24,CSE,CSE-1,2026-2027,3,sunita.kulkarni.632@smartcampus.edu,9896338772
Sai Bhat,2004-08-13,ECE,ECE-1,2026-2027,3,sai.bhat.633@smartcampus.edu,9855490965
Pranav Das,2003-10-02,CSE,CSE-2,2026-2027,5,pranav.das.634@smartcampus.edu,9878533717
Vivaan Mishra,2004-07-09,CSE,CSE-1,2026-2027,5,vivaan.mishra.635@smartcampus.edu,9865585601
Saanvi Bhat,2005-04-08,CAD,CAD-1,2026-2027,7,saanvi.bhat.636@smartcampus.edu,9823477620
Zoya Saxena,2005-07-27,CSM,CSM-2,2026-2027,3,zoya.saxena.637@smartcampus.edu,9899666089
Sai Kapoor,2004-03-29,EEE,EEE-1,2026-2027,3,sai.kapoor.638@smartcampus.edu,9881727395
Sunita Nair,2005-05-18,ECE,ECE-2,2026-2027,5,sunita.nair.639@smartcampus.edu,9888331737
Navya Saxena,2003-08-09,ECE,ECE-2,2026-2027,3,navya.saxena.640@smartcampus.edu,9816322843
Myra Pandey,2005-07-25,CSE,CSE-3,2026-2027,3,myra.pandey.641@smartcampus.edu,9831102650
Pooja Ghosh,2005-06-04,MECH,MECH-1,2026-2027,7,pooja.ghosh.642@smartcampus.edu,9869775080
Shaurya Deshmukh,2004-10-17,MECH,MECH-2,2026-2027,7,shaurya.deshmukh.643@smartcampus.edu,9855243535
Manish Pandey,2003-11-22,MECH,MECH-2,2026-2027,3,manish.pandey.644@smartcampus.edu,9813632184
Sai Kulkarni,2006-02-08,ECE,ECE-1,2026-2027,5,sai.kulkarni.645@smartcampus.edu,9885136730
Swati Singh,2004-03-16,CSE,CSE-1,2026-2027,7,swati.singh.646@smartcampus.edu,9855443382
Kabir Shah,2006-05-31,CAD,CAD-2,2026-2027,5,kabir.shah.647@smartcampus.edu,9865080234
Priya Singh,2006-10-23,CSE,CSE-3,2026-2027,3,priya.singh.648@smartcampus.edu,9839441911
Vihaan Kapoor,2006-11-14,ECE,ECE-2,2026-2027,3,vihaan.kapoor.649@smartcampus.edu,9863614698
Sai Shah,2003-04-10,ECE,ECE-1,2026-2027,5,sai.shah.650@smartcampus.edu,9898371579
Simran Malhotra,2005-04-16,ECE,ECE-1,2026-2027,3,simran.malhotra.651@smartcampus.edu,9818809469
Ishaan Shah,2006-03-25,CSE,CSE-3,2026-2027,5,ishaan.shah.652@smartcampus.edu,9896289029
Khushi Patil,2003-10-14,CSM,CSM-2,2026-2027,5,khushi.patil.653@smartcampus.edu,9860140896
Vivaan Agarwal,2005-04-27,CAD,CAD-1,2026-2027,5,vivaan.agarwal.654@smartcampus.edu,9822638091
Kunal Shah,2005-01-05,EEE,EEE-1,2026-2027,3,kunal.shah.655@smartcampus.edu,9818913373
Simran Gupta,2006-02-24,CSM,CSM-1,2026-2027,3,simran.gupta.656@smartcampus.edu,9887322747
Krishna Deshmukh,2003-10-18,ECE,ECE-1,2026-2027,7,krishna.deshmukh.657@smartcampus.edu,9821416691
Manish Pandey,2006-07-10,ECE,ECE-1,2026-2027,7,manish.pandey.658@smartcampus.edu,9882763085
Siya Ghosh,2003-10-27,ECE,ECE-1,2026-2027,5,siya.ghosh.659@smartcampus.edu,9875748865
Arjun Mishra,2004-03-14,CSM,CSM-1,2026-2027,5,arjun.mishra.660@smartcampus.edu,9863312309
Aaryan Bhat,2003-03-01,CSE,CSE-3,2026-2027,7,aaryan.bhat.661@smartcampus.edu,9844516903
Riya Kulkarni,2003-11-02,CSE,CSE-3,2026-2027,7,riya.kulkarni.662@smartcampus.edu,9847592578
Simran Bhat,2004-04-21,ECE,ECE-1,2026-2027,5,simran.bhat.663@smartcampus.edu,9840446684
Saanvi Nair,2005-09-11,CSM,CSM-1,2026-2027,3,saanvi.nair.664@smartcampus.edu,9879423473
Advaith Singh,2005-03-31,CSE,CSE-1,2026-2027,5,advaith.singh.665@smartcampus.edu,9850140216
Pari Verma,2005-10-04,EEE,EEE-2,2026-2027,5,pari.verma.666@smartcampus.edu,9867008289
Varun Banerjee,2006-09-21,CSE,CSE-3,2026-2027,7,varun.banerjee.667@smartcampus.edu,9860510309
Diya Kulkarni,2006-05-26,CSE,CSE-3,2026-2027,3,diya.kulkarni.668@smartcampus.edu,9888589987
Rahul Nair,2005-12-20,MECH,MECH-2,2026-2027,7,rahul.nair.669@smartcampus.edu,9893176781
Kavya Pandey,2006-05-17,CAD,CAD-2,2026-2027,7,kavya.pandey.670@smartcampus.edu,9849300997
Gautam Saxena,2003-11-17,EEE,EEE-2,2026-2027,5,gautam.saxena.671@smartcampus.edu,9862081335
Harish Bose,2003-09-21,CAD,CAD-2,2026-2027,7,harish.bose.672@smartcampus.edu,9815299556
Meera Ghosh,2006-05-14,CSM,CSM-2,2026-2027,5,meera.ghosh.673@smartcampus.edu,9862656374
Advik Agarwal,2005-08-10,MECH,MECH-1,2026-2027,5,advik.agarwal.674@smartcampus.edu,9831395119
Vihaan Banerjee,2006-05-20,ECE,ECE-1,2026-2027,7,vihaan.banerjee.675@smartcampus.edu,9879616638
Myra Gupta,2004-07-29,ECE,ECE-1,2026-2027,7,myra.gupta.676@smartcampus.edu,9898671317
Prisha Bose,2006-05-12,CSM,CSM-1,2026-2027,3,prisha.bose.677@smartcampus.edu,9868722086
Aaryan Gupta,2005-07-13,CAD,CAD-2,2026-2027,3,aaryan.gupta.678@smartcampus.edu,9859635015
Swati Nair,2003-01-21,CAD,CAD-1,2026-2027,3,swati.nair.679@smartcampus.edu,9824829380
Vihaan Gupta,2004-11-05,CSE,CSE-2,2026-2027,5,vihaan.gupta.680@smartcampus.edu,9860195674
Atharva Bose,2005-11-22,CAD,CAD-1,2026-2027,5,atharva.bose.681@smartcampus.edu,9822050138
Siya Choudhury,2004-11-28,ECE,ECE-2,2026-2027,5,siya.choudhury.682@smartcampus.edu,9849253299
Siya Banerjee,2003-11-02,ECE,ECE-2,2026-2027,5,siya.banerjee.683@smartcampus.edu,9853107525
Varun Das,2005-01-16,MECH,MECH-1,2026-2027,7,varun.das.684@smartcampus.edu,9830899758
Veda Agarwal,2003-04-24,EEE,EEE-1,2026-2027,7,veda.agarwal.685@smartcampus.edu,9826715031
Reyansh Ghosh,2006-03-30,EEE,EEE-1,2026-2027,7,reyansh.ghosh.686@smartcampus.edu,9818505663
Ritu Malhotra,2006-09-12,CSE,CSE-2,2026-2027,7,ritu.malhotra.687@smartcampus.edu,9847973368
Siddharth Verma,2003-04-06,CSE,CSE-2,2026-2027,5,siddharth.verma.688@smartcampus.edu,9861906943
Anjali Ghosh,2003-08-11,CSM,CSM-1,2026-2027,3,anjali.ghosh.689@smartcampus.edu,9836338505
Zoya Mishra,2004-10-02,EEE,EEE-1,2026-2027,7,zoya.mishra.690@smartcampus.edu,9897911424
Harish Agarwal,2003-05-26,CSE,CSE-2,2026-2027,7,harish.agarwal.691@smartcampus.edu,9823715609
Ayaan Chatterjee,2004-12-29,MECH,MECH-1,2026-2027,5,ayaan.chatterjee.692@smartcampus.edu,9867281626
Pari Nair,2006-02-20,CAD,CAD-1,2026-2027,3,pari.nair.693@smartcampus.edu,9874474677
Veda Sharma,2003-04-08,CSE,CSE-3,2026-2027,7,veda.sharma.694@smartcampus.edu,9857806419
Khushi Patil,2003-12-21,CSM,CSM-1,2026-2027,7,khushi.patil.695@smartcampus.edu,9844402875
Siddharth Mehta,2005-12-17,CSM,CSM-1,2026-2027,5,siddharth.mehta.696@smartcampus.edu,9858345598
Khushi Pandey,2005-07-02,CSM,CSM-2,2026-2027,7,khushi.pandey.697@smartcampus.edu,9849743012
Harish Banerjee,2003-12-27,ECE,ECE-1,2026-2027,3,harish.banerjee.698@smartcampus.edu,9892948731
Nikhil Iyer,2003-04-01,CAD,CAD-1,2026-2027,5,nikhil.iyer.699@smartcampus.edu,9850766807
Gautam Choudhury,2006-03-27,CSM,CSM-2,2026-2027,5,gautam.choudhury.700@smartcampus.edu,9882305176
Swati Patil,2006-12-08,CSE,CSE-3,2026-2027,5,swati.patil.701@smartcampus.edu,9897557756
Sneha Rao,2004-03-17,CAD,CAD-1,2026-2027,5,sneha.rao.702@smartcampus.edu,9814463902
Sneha Sharma,2004-06-28,MECH,MECH-2,2026-2027,7,sneha.sharma.703@smartcampus.edu,9862062003
Gautam Kulkarni,2004-04-09,CSE,CSE-3,2026-2027,5,gautam.kulkarni.704@smartcampus.edu,9885743457
Tanvi Iyer,2003-04-01,ECE,ECE-1,2026-2027,5,tanvi.iyer.705@smartcampus.edu,9895958861
Rahul Pandey,2005-09-30,MECH,MECH-2,2026-2027,5,rahul.pandey.706@smartcampus.edu,9856284527
Siya Mehta,2003-10-02,CSE,CSE-2,2026-2027,7,siya.mehta.707@smartcampus.edu,9848180587
Gautam Patel,2003-02-18,MECH,MECH-2,2026-2027,3,gautam.patel.708@smartcampus.edu,9845705883
Priya Chopra,2004-12-25,CSM,CSM-1,2026-2027,5,priya.chopra.709@smartcampus.edu,9864985975
Rohan Reddy,2003-01-16,CAD,CAD-2,2026-2027,3,rohan.reddy.710@smartcampus.edu,9829433794
Sai Reddy,2004-12-17,CSE,CSE-1,2026-2027,3,sai.reddy.711@smartcampus.edu,9842775180
Siddharth Banerjee,2003-08-23,CSM,CSM-1,2026-2027,3,siddharth.banerjee.712@smartcampus.edu,9870674917
Aarav Chatterjee,2003-03-21,CSE,CSE-2,2026-2027,5,aarav.chatterjee.713@smartcampus.edu,9882885297
Shreya Iyer,2003-05-03,ECE,ECE-2,2026-2027,5,shreya.iyer.714@smartcampus.edu,9865119117
Sneha Shah,2005-09-16,CAD,CAD-1,2026-2027,5,sneha.shah.715@smartcampus.edu,9879194276
Arjun Patil,2003-07-05,CSE,CSE-1,2026-2027,3,arjun.patil.716@smartcampus.edu,9840454490
Diya Gupta,2003-09-24,ECE,ECE-2,2026-2027,3,diya.gupta.717@smartcampus.edu,9834804846
Pooja Joshi,2004-05-05,CSE,CSE-3,2026-2027,5,pooja.joshi.718@smartcampus.edu,9852394791
Veda Bose,2006-06-14,CSE,CSE-1,2026-2027,3,veda.bose.719@smartcampus.edu,9870483381
Aditya Bose,2005-11-21,ECE,ECE-2,2026-2027,5,aditya.bose.720@smartcampus.edu,9815475110
Aditya Malhotra,2006-07-14,CSE,CSE-2,2026-2027,7,aditya.malhotra.721@smartcampus.edu,9886277242
Atharva Shah,2005-08-11,ECE,ECE-2,2026-2027,7,atharva.shah.722@smartcampus.edu,9889980437
Khushi Bhat,2005-06-17,CSE,CSE-2,2026-2027,5,khushi.bhat.723@smartcampus.edu,9810769411
Sai Deshmukh,2005-06-30,CSM,CSM-2,2026-2027,3,sai.deshmukh.724@smartcampus.edu,9844263694
Navya Ghosh,2006-05-25,EEE,EEE-1,2026-2027,7,navya.ghosh.725@smartcampus.edu,9810171109
Riya Kulkarni,2005-04-25,ECE,ECE-1,2026-2027,7,riya.kulkarni.726@smartcampus.edu,9819931633
Aaryan Chatterjee,2003-04-24,ECE,ECE-2,2026-2027,7,aaryan.chatterjee.727@smartcampus.edu,9872126643
Ananya Saxena,2003-10-01,CSE,CSE-3,2026-2027,3,ananya.saxena.728@smartcampus.edu,9851519182
Varun Bose,2006-02-01,CAD,CAD-1,2026-2027,7,varun.bose.729@smartcampus.edu,9888072476
Aarav Shah,2006-08-04,CSM,CSM-2,2026-2027,3,aarav.shah.730@smartcampus.edu,9833475974
Atharva Mishra,2005-01-28,CSE,CSE-2,2026-2027,7,atharva.mishra.731@smartcampus.edu,9883956329
Dhruv Bose,2004-11-21,CAD,CAD-1,2026-2027,5,dhruv.bose.732@smartcampus.edu,9883051084
Gauri Gupta,2003-11-22,CSM,CSM-2,2026-2027,7,gauri.gupta.733@smartcampus.edu,9846719124
Kabir Verma,2005-02-14,EEE,EEE-2,2026-2027,3,kabir.verma.734@smartcampus.edu,9877346309
Deepak Agarwal,2006-08-09,EEE,EEE-2,2026-2027,3,deepak.agarwal.735@smartcampus.edu,9838229284
Kavya Rao,2004-07-01,ECE,ECE-1,2026-2027,5,kavya.rao.736@smartcampus.edu,9883564010
Advik Bhat,2006-07-20,CSE,CSE-2,2026-2027,7,advik.bhat.737@smartcampus.edu,9855915449
Dhruv Pandey,2004-01-13,ECE,ECE-1,2026-2027,3,dhruv.pandey.738@smartcampus.edu,9814860987
Preeti Reddy,2004-12-15,CSM,CSM-2,2026-2027,3,preeti.reddy.739@smartcampus.edu,9884177525
Tanvi Iyer,2004-08-09,CAD,CAD-2,2026-2027,7,tanvi.iyer.740@smartcampus.edu,9873078041
Myra Patel,2006-07-13,CSE,CSE-2,2026-2027,7,myra.patel.741@smartcampus.edu,9865515727
Manish Patil,2003-01-06,CSE,CSE-3,2026-2027,3,manish.patil.742@smartcampus.edu,9874237777
Siya Das,2006-11-21,ECE,ECE-2,2026-2027,5,siya.das.743@smartcampus.edu,9880748501
Nikhil Reddy,2004-08-29,EEE,EEE-2,2026-2027,7,nikhil.reddy.744@smartcampus.edu,9890590888
Navya Verma,2004-09-07,ECE,ECE-1,2026-2027,3,navya.verma.745@smartcampus.edu,9816798459
Divya Deshmukh,2005-04-14,CAD,CAD-1,2026-2027,3,divya.deshmukh.746@smartcampus.edu,9846549237
Vikram Kapoor,2004-08-12,CSM,CSM-2,2026-2027,3,vikram.kapoor.747@smartcampus.edu,9835268216
Gauri Reddy,2006-04-13,CSE,CSE-3,2026-2027,7,gauri.reddy.748@smartcampus.edu,9818406875
Vikram Ghosh,2003-02-17,CSE,CSE-3,2026-2027,5,vikram.ghosh.749@smartcampus.edu,9842842533
Anjali Gupta,2005-12-19,CSM,CSM-2,2026-2027,3,anjali.gupta.750@smartcampus.edu,9880757683
Harish Rao,2004-07-15,MECH,MECH-2,2026-2027,7,harish.rao.751@smartcampus.edu,9896181219
Vihaan Patel,2006-09-20,CAD,CAD-1,2026-2027,5,vihaan.patel.752@smartcampus.edu,9814497943
Deepak Kapoor,2004-05-05,CSE,CSE-3,2026-2027,7,deepak.kapoor.753@smartcampus.edu,9866389464
Manish Joshi,2006-03-16,CSE,CSE-2,2026-2027,5,manish.joshi.754@smartcampus.edu,9877914687
Myra Kulkarni,2005-12-07,CAD,CAD-2,2026-2027,5,myra.kulkarni.755@smartcampus.edu,9899410615
Rahul Agarwal,2005-08-15,CSM,CSM-2,2026-2027,3,rahul.agarwal.756@smartcampus.edu,9834227637
Veda Singh,2004-02-07,CSE,CSE-1,2026-2027,7,veda.singh.757@smartcampus.edu,9837944743
Pranav Choudhury,2005-10-01,EEE,EEE-1,2026-2027,3,pranav.choudhury.758@smartcampus.edu,9852758299
Pooja Patel,2006-06-02,CSM,CSM-2,2026-2027,7,pooja.patel.759@smartcampus.edu,9833167778
Vikram Patil,2003-12-18,CSE,CSE-3,2026-2027,7,vikram.patil.760@smartcampus.edu,9841644339
Ritu Choudhury,2005-02-27,CSM,CSM-2,2026-2027,3,ritu.choudhury.761@smartcampus.edu,9812704900
Diya Kumar,2006-07-16,CAD,CAD-1,2026-2027,5,diya.kumar.762@smartcampus.edu,9859972325
Advaith Kulkarni,2004-04-24,CSE,CSE-1,2026-2027,7,advaith.kulkarni.763@smartcampus.edu,9842165059
Meera Reddy,2003-02-24,MECH,MECH-2,2026-2027,5,meera.reddy.764@smartcampus.edu,9817075718
Sneha Nair,2003-09-15,ECE,ECE-2,2026-2027,7,sneha.nair.765@smartcampus.edu,9825842840
Dhruv Rao,2006-06-07,CSM,CSM-2,2026-2027,3,dhruv.rao.766@smartcampus.edu,9858999513
Gauri Shah,2003-01-07,CSM,CSM-1,2026-2027,3,gauri.shah.767@smartcampus.edu,9870881160
Aditya Malhotra,2006-01-01,ECE,ECE-1,2026-2027,7,aditya.malhotra.768@smartcampus.edu,9896444580
Veda Shah,2005-08-01,CSE,CSE-2,2026-2027,7,veda.shah.769@smartcampus.edu,9841540113
Deepak Banerjee,2006-07-06,CSM,CSM-1,2026-2027,3,deepak.banerjee.770@smartcampus.edu,9872387152
Sara Chatterjee,2006-01-14,ECE,ECE-1,2026-2027,5,sara.chatterjee.771@smartcampus.edu,9823884886
Prisha Rao,2006-03-12,ECE,ECE-2,2026-2027,3,prisha.rao.772@smartcampus.edu,9815564056
Ishaan Pandey,2005-02-18,EEE,EEE-1,2026-2027,5,ishaan.pandey.773@smartcampus.edu,9821561647
Ananya Kulkarni,2005-02-23,MECH,MECH-1,2026-2027,3,ananya.kulkarni.774@smartcampus.edu,9834817750
Dhruv Choudhury,2003-01-18,ECE,ECE-1,2026-2027,3,dhruv.choudhury.775@smartcampus.edu,9821587528
Preeti Verma,2005-05-24,CAD,CAD-2,2026-2027,7,preeti.verma.776@smartcampus.edu,9814610118
Priya Sharma,2003-02-14,ECE,ECE-1,2026-2027,5,priya.sharma.777@smartcampus.edu,9817297781
Nikhil Bose,2004-08-07,CSM,CSM-2,2026-2027,3,nikhil.bose.778@smartcampus.edu,9824110994
Nikhil Shah,2006-05-05,CAD,CAD-2,2026-2027,3,nikhil.shah.779@smartcampus.edu,9847985818
Ishita Kumar,2006-04-21,EEE,EEE-2,2026-2027,7,ishita.kumar.780@smartcampus.edu,9896743953
Sunita Bose,2003-04-05,CSM,CSM-2,2026-2027,3,sunita.bose.781@smartcampus.edu,9829722695
Krishna Mehta,2005-01-14,CSE,CSE-1,2026-2027,5,krishna.mehta.782@smartcampus.edu,9840962951
Shaurya Kulkarni,2005-01-13,CSE,CSE-3,2026-2027,3,shaurya.kulkarni.783@smartcampus.edu,9855144000
Nikhil Shah,2003-07-29,CSM,CSM-2,2026-2027,5,nikhil.shah.784@smartcampus.edu,9817771808
Zoya Bhat,2006-08-06,CSE,CSE-3,2026-2027,7,zoya.bhat.785@smartcampus.edu,9873634661
Krishna Sharma,2004-07-15,CSE,CSE-1,2026-2027,3,krishna.sharma.786@smartcampus.edu,9842636795
Kavya Pandey,2004-10-24,EEE,EEE-1,2026-2027,3,kavya.pandey.787@smartcampus.edu,9873083601
Ishaan Kapoor,2004-12-31,MECH,MECH-2,2026-2027,7,ishaan.kapoor.788@smartcampus.edu,9830065797
Preeti Sharma,2006-04-30,CAD,CAD-2,2026-2027,7,preeti.sharma.789@smartcampus.edu,9826983609
Swati Reddy,2006-10-22,CSM,CSM-1,2026-2027,5,swati.reddy.790@smartcampus.edu,9839694977
Aaryan Chatterjee,2004-06-26,CSE,CSE-3,2026-2027,7,aaryan.chatterjee.791@smartcampus.edu,9818789024
Sai Mehta,2005-03-25,CSE,CSE-2,2026-2027,3,sai.mehta.792@smartcampus.edu,9833904198
Sneha Kumar,2003-09-06,EEE,EEE-1,2026-2027,7,sneha.kumar.793@smartcampus.edu,9869046360
Gauri Kumar,2004-02-16,CSE,CSE-3,2026-2027,5,gauri.kumar.794@smartcampus.edu,9895628170
Kabir Agarwal,2005-04-25,MECH,MECH-1,2026-2027,7,kabir.agarwal.795@smartcampus.edu,9825681873
Kunal Reddy,2003-03-14,CSM,CSM-2,2026-2027,7,kunal.reddy.796@smartcampus.edu,9880348306
Ishita Gupta,2003-10-11,CSM,CSM-1,2026-2027,3,ishita.gupta.797@smartcampus.edu,9854571493
Aditya Bhat,2004-09-24,CSM,CSM-2,2026-2027,5,aditya.bhat.798@smartcampus.edu,9820192309
Atharva Mehta,2004-09-27,ECE,ECE-2,2026-2027,7,atharva.mehta.799@smartcampus.edu,9877689005
Aditya Agarwal,2005-02-13,EEE,EEE-2,2026-2027,5,aditya.agarwal.800@smartcampus.edu,9869700125
Siddharth Iyer,2005-02-06,CAD,CAD-1,2026-2027,7,siddharth.iyer.801@smartcampus.edu,9850623663
Aaryan Joshi,2006-08-05,MECH,MECH-1,2026-2027,5,aaryan.joshi.802@smartcampus.edu,9895247303
Gauri Iyer,2006-02-14,EEE,EEE-2,2026-2027,5,gauri.iyer.803@smartcampus.edu,9883967109
Anjali Singh,2005-09-15,CSM,CSM-2,2026-2027,3,anjali.singh.804@smartcampus.edu,9822152277
Vihaan Pandey,2005-12-26,CSM,CSM-2,2026-2027,3,vihaan.pandey.805@smartcampus.edu,9890577298
Gauri Agarwal,2006-04-13,CSM,CSM-2,2026-2027,7,gauri.agarwal.806@smartcampus.edu,9855275259
Riya Nair,2003-03-08,CSE,CSE-3,2026-2027,5,riya.nair.807@smartcampus.edu,9884935673
Preeti Banerjee,2005-12-31,EEE,EEE-1,2026-2027,5,preeti.banerjee.808@smartcampus.edu,9846241468
Vihaan Chopra,2004-09-23,CSE,CSE-1,2026-2027,3,vihaan.chopra.809@smartcampus.edu,9881342044
Riya Deshmukh,2003-04-11,CSM,CSM-1,2026-2027,3,riya.deshmukh.810@smartcampus.edu,9868498691
Rithvik Chopra,2003-05-26,CSE,CSE-2,2026-2027,7,rithvik.chopra.811@smartcampus.edu,9834644784
Krishna Patil,2003-04-14,ECE,ECE-1,2026-2027,3,krishna.patil.812@smartcampus.edu,9877444136
Zoya Reddy,2005-07-06,ECE,ECE-1,2026-2027,7,zoya.reddy.813@smartcampus.edu,9851358043
Vivaan Verma,2003-07-23,CSM,CSM-2,2026-2027,5,vivaan.verma.814@smartcampus.edu,9897253554
Rohan Joshi,2004-12-20,CSE,CSE-1,2026-2027,5,rohan.joshi.815@smartcampus.edu,9875544343
Ayaan Pandey,2006-03-22,CSM,CSM-1,2026-2027,3,ayaan.pandey.816@smartcampus.edu,9877127566
Sneha Iyer,2005-03-16,CSE,CSE-3,2026-2027,5,sneha.iyer.817@smartcampus.edu,9875936693
Pooja Malhotra,2006-12-10,ECE,ECE-1,2026-2027,7,pooja.malhotra.818@smartcampus.edu,9825052520
Pari Chopra,2005-12-20,CSE,CSE-1,2026-2027,3,pari.chopra.819@smartcampus.edu,9872484580
Navya Ghosh,2006-11-06,CSM,CSM-1,2026-2027,5,navya.ghosh.820@smartcampus.edu,9819692019
Ritu Joshi,2003-11-03,CSE,CSE-3,2026-2027,7,ritu.joshi.821@smartcampus.edu,9852922739
Nikhil Deshmukh,2006-08-07,CSE,CSE-1,2026-2027,7,nikhil.deshmukh.822@smartcampus.edu,9843433504
Sara Iyer,2006-10-24,CSE,CSE-3,2026-2027,3,sara.iyer.823@smartcampus.edu,9870560774
Aarav Rao,2003-03-27,CSE,CSE-2,2026-2027,7,aarav.rao.824@smartcampus.edu,9898016931
Myra Singh,2003-05-01,CAD,CAD-2,2026-2027,5,myra.singh.825@smartcampus.edu,9873897886
Siya Pandey,2006-04-10,CSE,CSE-3,2026-2027,3,siya.pandey.826@smartcampus.edu,9815459435
Rahul Kulkarni,2005-03-30,MECH,MECH-2,2026-2027,3,rahul.kulkarni.827@smartcampus.edu,9859929254
Diya Mishra,2004-02-03,CSE,CSE-3,2026-2027,7,diya.mishra.828@smartcampus.edu,9893717033
Shaurya Deshmukh,2004-03-16,ECE,ECE-2,2026-2027,3,shaurya.deshmukh.829@smartcampus.edu,9892364420
Arjun Deshmukh,2003-02-24,CSE,CSE-3,2026-2027,7,arjun.deshmukh.830@smartcampus.edu,9870857699
Krishna Banerjee,2004-01-14,CAD,CAD-1,2026-2027,5,krishna.banerjee.831@smartcampus.edu,9892767379
Ishaan Kumar,2003-05-18,CSM,CSM-1,2026-2027,3,ishaan.kumar.832@smartcampus.edu,9886846391
Pari Joshi,2003-09-12,CSE,CSE-3,2026-2027,3,pari.joshi.833@smartcampus.edu,9896421798
Siddharth Patil,2003-02-23,ECE,ECE-2,2026-2027,3,siddharth.patil.834@smartcampus.edu,9891076675
Vikram Kapoor,2005-04-28,CSM,CSM-1,2026-2027,7,vikram.kapoor.835@smartcampus.edu,9824660749
Ritu Patel,2003-05-24,CSE,CSE-2,2026-2027,5,ritu.patel.836@smartcampus.edu,9832592165
Siya Iyer,2004-05-02,ECE,ECE-2,2026-2027,5,siya.iyer.837@smartcampus.edu,9849558117
Ananya Chatterjee,2006-06-30,CSM,CSM-1,2026-2027,3,ananya.chatterjee.838@smartcampus.edu,9888414482
Ananya Verma,2005-04-04,CSE,CSE-3,2026-2027,3,ananya.verma.839@smartcampus.edu,9862392322
Advaith Malhotra,2003-08-06,CSE,CSE-3,2026-2027,7,advaith.malhotra.840@smartcampus.edu,9850278840
Nikhil Patel,2006-12-29,CSE,CSE-1,2026-2027,3,nikhil.patel.841@smartcampus.edu,9883538004
Ayaan Chopra,2003-05-19,ECE,ECE-1,2026-2027,7,ayaan.chopra.842@smartcampus.edu,9838206598
Varun Nair,2004-09-07,CSE,CSE-1,2026-2027,5,varun.nair.843@smartcampus.edu,9856928952
Aaryan Rao,2005-09-13,CSM,CSM-1,2026-2027,7,aaryan.rao.844@smartcampus.edu,9832592955
Shreya Singh,2003-10-15,CSM,CSM-2,2026-2027,7,shreya.singh.845@smartcampus.edu,9860733704
Zoya Reddy,2005-08-22,EEE,EEE-1,2026-2027,7,zoya.reddy.846@smartcampus.edu,9828698758
Kavya Patil,2006-04-11,MECH,MECH-2,2026-2027,5,kavya.patil.847@smartcampus.edu,9855019652
Reyansh Singh,2004-11-12,MECH,MECH-2,2026-2027,7,reyansh.singh.848@smartcampus.edu,9875321248
Zoya Kapoor,2006-10-26,CSE,CSE-3,2026-2027,3,zoya.kapoor.849@smartcampus.edu,9899258051
Neha Joshi,2004-10-01,ECE,ECE-2,2026-2027,5,neha.joshi.850@smartcampus.edu,9854319035
Kabir Kumar,2003-01-14,ECE,ECE-2,2026-2027,3,kabir.kumar.851@smartcampus.edu,9896946000
Siya Chatterjee,2005-08-29,CSM,CSM-1,2026-2027,3,siya.chatterjee.852@smartcampus.edu,9844638872
Kabir Malhotra,2006-04-13,CSE,CSE-3,2026-2027,7,kabir.malhotra.853@smartcampus.edu,9852121134
Aaryan Mishra,2003-04-18,CSM,CSM-2,2026-2027,5,aaryan.mishra.854@smartcampus.edu,9812167540
Sai Chatterjee,2005-12-07,ECE,ECE-2,2026-2027,3,sai.chatterjee.855@smartcampus.edu,9871058721
Atharva Das,2004-02-24,CAD,CAD-2,2026-2027,5,atharva.das.856@smartcampus.edu,9843742811
Neha Das,2006-06-20,CSM,CSM-2,2026-2027,7,neha.das.857@smartcampus.edu,9817409542
Anjali Kapoor,2004-09-01,CSM,CSM-2,2026-2027,7,anjali.kapoor.858@smartcampus.edu,9879305751
Saanvi Joshi,2003-08-16,CSE,CSE-1,2026-2027,3,saanvi.joshi.859@smartcampus.edu,9821311490
Sneha Singh,2004-11-02,CAD,CAD-1,2026-2027,7,sneha.singh.860@smartcampus.edu,9891987753
Varun Chopra,2004-09-22,CAD,CAD-2,2026-2027,5,varun.chopra.861@smartcampus.edu,9896102468
Vivaan Patel,2004-04-16,ECE,ECE-2,2026-2027,3,vivaan.patel.862@smartcampus.edu,9869723425
Krishna Das,2005-05-16,MECH,MECH-2,2026-2027,3,krishna.das.863@smartcampus.edu,9812315131
Reyansh Pandey,2003-06-14,CAD,CAD-1,2026-2027,7,reyansh.pandey.864@smartcampus.edu,9812702943
Ayaan Banerjee,2005-11-12,CSE,CSE-3,2026-2027,3,ayaan.banerjee.865@smartcampus.edu,9825331292
Advik Bhat,2006-03-30,ECE,ECE-2,2026-2027,7,advik.bhat.866@smartcampus.edu,9855877246
Divya Chopra,2006-03-31,EEE,EEE-1,2026-2027,7,divya.chopra.867@smartcampus.edu,9892491592
Harish Saxena,2005-07-08,CSE,CSE-2,2026-2027,7,harish.saxena.868@smartcampus.edu,9839376920
Vikram Pandey,2006-02-24,ECE,ECE-1,2026-2027,5,vikram.pandey.869@smartcampus.edu,9888959006
Krishna Kumar,2006-08-19,CAD,CAD-1,2026-2027,7,krishna.kumar.870@smartcampus.edu,9855107640
Arjun Choudhury,2004-06-29,CSM,CSM-2,2026-2027,7,arjun.choudhury.871@smartcampus.edu,9887167504
Myra Banerjee,2003-10-09,CSE,CSE-1,2026-2027,5,myra.banerjee.872@smartcampus.edu,9817711249
Aarav Saxena,2003-01-07,CSE,CSE-1,2026-2027,3,aarav.saxena.873@smartcampus.edu,9872528428
Siddharth Deshmukh,2003-01-02,CSM,CSM-1,2026-2027,3,siddharth.deshmukh.874@smartcampus.edu,9826389483
Vikram Bose,2003-04-24,CAD,CAD-1,2026-2027,3,vikram.bose.875@smartcampus.edu,9881407042
Neha Banerjee,2004-12-06,CSM,CSM-1,2026-2027,5,neha.banerjee.876@smartcampus.edu,9868309686
Krishna Singh,2004-10-24,MECH,MECH-1,2026-2027,5,krishna.singh.877@smartcampus.edu,9840031381
Meera Mehta,2003-01-26,CSM,CSM-1,2026-2027,5,meera.mehta.878@smartcampus.edu,9840305608
Atharva Rao,2005-06-18,ECE,ECE-1,2026-2027,7,atharva.rao.879@smartcampus.edu,9873296862
Khushi Verma,2004-05-26,CSE,CSE-2,2026-2027,3,khushi.verma.880@smartcampus.edu,9838993545
Myra Shah,2006-05-30,ECE,ECE-1,2026-2027,7,myra.shah.881@smartcampus.edu,9878081053
Pari Saxena,2005-02-12,CSE,CSE-3,2026-2027,7,pari.saxena.882@smartcampus.edu,9863352522
Shaurya Saxena,2003-06-09,CSM,CSM-1,2026-2027,3,shaurya.saxena.883@smartcampus.edu,9839510592
Vihaan Gupta,2004-06-26,ECE,ECE-1,2026-2027,5,vihaan.gupta.884@smartcampus.edu,9811049823
Harish Bhat,2003-05-12,CAD,CAD-1,2026-2027,7,harish.bhat.885@smartcampus.edu,9880606657
Anjali Bhat,2004-06-17,CSM,CSM-2,2026-2027,5,anjali.bhat.886@smartcampus.edu,9852765421
Siddharth Gupta,2003-09-11,CAD,CAD-1,2026-2027,3,siddharth.gupta.887@smartcampus.edu,9869048264
Navya Shah,2006-03-28,CAD,CAD-1,2026-2027,7,navya.shah.888@smartcampus.edu,9835094575
Sneha Mehta,2003-11-19,CSM,CSM-1,2026-2027,5,sneha.mehta.889@smartcampus.edu,9827068918
Rithvik Pandey,2006-11-07,MECH,MECH-1,2026-2027,7,rithvik.pandey.890@smartcampus.edu,9895363755
Kunal Verma,2006-11-28,ECE,ECE-2,2026-2027,5,kunal.verma.891@smartcampus.edu,9895870069
Zoya Malhotra,2006-06-28,ECE,ECE-2,2026-2027,7,zoya.malhotra.892@smartcampus.edu,9821466257
Vivaan Kumar,2003-10-02,CSE,CSE-1,2026-2027,5,vivaan.kumar.893@smartcampus.edu,9851963123
Vikram Verma,2003-05-05,CSM,CSM-1,2026-2027,7,vikram.verma.894@smartcampus.edu,9811635964
Vivaan Mishra,2006-01-23,MECH,MECH-1,2026-2027,5,vivaan.mishra.895@smartcampus.edu,9823558347
Reyansh Joshi,2006-07-12,CAD,CAD-1,2026-2027,7,reyansh.joshi.896@smartcampus.edu,9883378121
Ritu Choudhury,2003-03-03,CSM,CSM-1,2026-2027,7,ritu.choudhury.897@smartcampus.edu,9854777843
Manish Mishra,2004-01-27,ECE,ECE-1,2026-2027,5,manish.mishra.898@smartcampus.edu,9857212814
Ishaan Chatterjee,2006-10-16,MECH,MECH-2,2026-2027,5,ishaan.chatterjee.899@smartcampus.edu,9883189903
Neha Choudhury,2005-07-07,EEE,EEE-2,2026-2027,3,neha.choudhury.900@smartcampus.edu,9852490984
Tanvi Mehta,2004-12-04,CSM,CSM-1,2026-2027,5,tanvi.mehta.901@smartcampus.edu,9832411676
Dhruv Bose,2003-04-14,CSE,CSE-2,2026-2027,3,dhruv.bose.902@smartcampus.edu,9819119470
Vikram Iyer,2003-11-11,CSM,CSM-2,2026-2027,7,vikram.iyer.903@smartcampus.edu,9896511340
Divya Pandey,2003-07-10,ECE,ECE-2,2026-2027,3,divya.pandey.904@smartcampus.edu,9821555584
Rithvik Deshmukh,2003-08-17,CAD,CAD-2,2026-2027,5,rithvik.deshmukh.905@smartcampus.edu,9873015325
Priya Singh,2005-05-29,CSM,CSM-1,2026-2027,3,priya.singh.906@smartcampus.edu,9881308402
Diya Pandey,2005-02-11,CSE,CSE-1,2026-2027,5,diya.pandey.907@smartcampus.edu,9877290157
Dhruv Mishra,2003-09-12,CSE,CSE-3,2026-2027,7,dhruv.mishra.908@smartcampus.edu,9873933011
Gauri Shah,2006-10-25,CSE,CSE-2,2026-2027,7,gauri.shah.909@smartcampus.edu,9877939280
Aditya Agarwal,2004-08-02,CSE,CSE-2,2026-2027,5,aditya.agarwal.910@smartcampus.edu,9843841395
Zoya Pandey,2003-11-29,CSE,CSE-3,2026-2027,5,zoya.pandey.911@smartcampus.edu,9855910294
Kunal Deshmukh,2006-09-22,CSM,CSM-2,2026-2027,7,kunal.deshmukh.912@smartcampus.edu,9883592479
Pranav Shah,2003-07-14,CSE,CSE-1,2026-2027,5,pranav.shah.913@smartcampus.edu,9894800825
Rithvik Iyer,2004-07-16,CSM,CSM-2,2026-2027,3,rithvik.iyer.914@smartcampus.edu,9838987295
Simran Gupta,2003-07-22,EEE,EEE-2,2026-2027,3,simran.gupta.915@smartcampus.edu,9890758487
Krishna Pandey,2004-03-18,MECH,MECH-1,2026-2027,7,krishna.pandey.916@smartcampus.edu,9865867553
Manish Reddy,2003-12-25,CSM,CSM-2,2026-2027,3,manish.reddy.917@smartcampus.edu,9887219839
Advik Ghosh,2004-03-11,CSE,CSE-2,2026-2027,7,advik.ghosh.918@smartcampus.edu,9888372781
Meera Bhat,2005-11-26,EEE,EEE-1,2026-2027,5,meera.bhat.919@smartcampus.edu,9814904414
Pari Bhat,2006-12-15,CSE,CSE-3,2026-2027,7,pari.bhat.920@smartcampus.edu,9870115500
Aaryan Patil,2003-12-21,CSE,CSE-1,2026-2027,7,aaryan.patil.921@smartcampus.edu,9847284739
Aarav Chopra,2003-11-17,CSE,CSE-3,2026-2027,7,aarav.chopra.922@smartcampus.edu,9856671650
Riya Joshi,2004-08-28,ECE,ECE-2,2026-2027,7,riya.joshi.923@smartcampus.edu,9823371861
Pranav Gupta,2003-02-20,CSE,CSE-3,2026-2027,7,pranav.gupta.924@smartcampus.edu,9860750698
Ritu Patel,2003-09-21,CSM,CSM-2,2026-2027,7,ritu.patel.925@smartcampus.edu,9891093095
Navya Choudhury,2004-12-28,EEE,EEE-1,2026-2027,3,navya.choudhury.926@smartcampus.edu,9892485265
Saanvi Malhotra,2003-09-12,CSM,CSM-1,2026-2027,7,saanvi.malhotra.927@smartcampus.edu,9895596157
Divya Rao,2003-05-26,CSM,CSM-1,2026-2027,7,divya.rao.928@smartcampus.edu,9852387111
Manish Mehta,2003-09-12,EEE,EEE-1,2026-2027,7,manish.mehta.929@smartcampus.edu,9825526597
Pranav Gupta,2005-10-06,ECE,ECE-2,2026-2027,5,pranav.gupta.930@smartcampus.edu,9819800471
Nikhil Rao,2005-08-22,ECE,ECE-1,2026-2027,7,nikhil.rao.931@smartcampus.edu,9866764319
Sai Banerjee,2005-06-19,ECE,ECE-1,2026-2027,7,sai.banerjee.932@smartcampus.edu,9862392684
Siddharth Choudhury,2003-06-24,MECH,MECH-1,2026-2027,3,siddharth.choudhury.933@smartcampus.edu,9842555863
Vikram Nair,2004-11-22,EEE,EEE-1,2026-2027,3,vikram.nair.934@smartcampus.edu,9839129066
Pranav Deshmukh,2005-05-10,EEE,EEE-1,2026-2027,3,pranav.deshmukh.935@smartcampus.edu,9866755665
Rohan Joshi,2004-02-14,EEE,EEE-1,2026-2027,7,rohan.joshi.936@smartcampus.edu,9897735926
Saanvi Rao,2006-05-14,EEE,EEE-1,2026-2027,7,saanvi.rao.937@smartcampus.edu,9876192418
Gautam Reddy,2005-07-20,CSM,CSM-2,2026-2027,5,gautam.reddy.938@smartcampus.edu,9867643152
Riya Chatterjee,2006-05-10,EEE,EEE-1,2026-2027,5,riya.chatterjee.939@smartcampus.edu,9899387208
Advik Mehta,2003-01-06,CSM,CSM-1,2026-2027,7,advik.mehta.940@smartcampus.edu,9893704281
Myra Kapoor,2003-09-01,CSM,CSM-2,2026-2027,5,myra.kapoor.941@smartcampus.edu,9877456262
Sneha Nair,2003-03-10,ECE,ECE-2,2026-2027,5,sneha.nair.942@smartcampus.edu,9877569226
Vihaan Chatterjee,2005-05-19,CSE,CSE-1,2026-2027,5,vihaan.chatterjee.943@smartcampus.edu,9863857902
Krishna Chatterjee,2003-01-14,CSE,CSE-2,2026-2027,3,krishna.chatterjee.944@smartcampus.edu,9844046577
Ritu Deshmukh,2003-08-27,CSM,CSM-1,2026-2027,7,ritu.deshmukh.945@smartcampus.edu,9888437183
Advaith Patil,2003-06-28,CSM,CSM-1,2026-2027,7,advaith.patil.946@smartcampus.edu,9885013736
Swati Pandey,2004-08-15,CSM,CSM-1,2026-2027,7,swati.pandey.947@smartcampus.edu,9819574494
Zoya Bose,2003-06-16,EEE,EEE-1,2026-2027,3,zoya.bose.948@smartcampus.edu,9899863480
Ananya Reddy,2006-01-07,CSE,CSE-2,2026-2027,5,ananya.reddy.949@smartcampus.edu,9851398150
Krishna Nair,2006-08-09,CSE,CSE-1,2026-2027,7,krishna.nair.950@smartcampus.edu,9853911509
Atharva Banerjee,2003-10-06,MECH,MECH-1,2026-2027,7,atharva.banerjee.951@smartcampus.edu,9849995082
Priya Reddy,2005-09-22,MECH,MECH-2,2026-2027,5,priya.reddy.952@smartcampus.edu,9868476069
Vihaan Singh,2004-06-16,CSM,CSM-2,2026-2027,7,vihaan.singh.953@smartcampus.edu,9843133488
Neha Patil,2006-12-25,EEE,EEE-1,2026-2027,5,neha.patil.954@smartcampus.edu,9847800420
Ishaan Nair,2004-12-16,CSM,CSM-1,2026-2027,3,ishaan.nair.955@smartcampus.edu,9886707567
Rohan Banerjee,2003-09-29,EEE,EEE-1,2026-2027,7,rohan.banerjee.956@smartcampus.edu,9858163811
Sunita Malhotra,2003-01-10,CSM,CSM-1,2026-2027,7,sunita.malhotra.957@smartcampus.edu,9871071400
Khushi Deshmukh,2004-12-09,CSM,CSM-1,2026-2027,5,khushi.deshmukh.958@smartcampus.edu,9812599722
Kavya Ghosh,2005-06-03,CSM,CSM-1,2026-2027,5,kavya.ghosh.959@smartcampus.edu,9832316814
Neha Gupta,2003-07-29,CSE,CSE-2,2026-2027,5,neha.gupta.960@smartcampus.edu,9860392831
Swati Das,2006-07-19,ECE,ECE-1,2026-2027,5,swati.das.961@smartcampus.edu,9886807579
Varun Patil,2005-04-06,CSM,CSM-2,2026-2027,3,varun.patil.962@smartcampus.edu,9848794366
Advaith Patel,2004-11-24,MECH,MECH-1,2026-2027,3,advaith.patel.963@smartcampus.edu,9885623318
Advaith Patel,2005-09-06,CSE,CSE-2,2026-2027,3,advaith.patel.964@smartcampus.edu,9813496026
Kavya Patil,2004-04-02,CSM,CSM-1,2026-2027,3,kavya.patil.965@smartcampus.edu,9821340095
Arjun Ghosh,2005-01-14,CSM,CSM-2,2026-2027,3,arjun.ghosh.966@smartcampus.edu,9835569664
Deepak Chatterjee,2003-05-18,CAD,CAD-1,2026-2027,7,deepak.chatterjee.967@smartcampus.edu,9846359218
Swati Reddy,2003-03-17,EEE,EEE-2,2026-2027,3,swati.reddy.968@smartcampus.edu,9897796959
Anjali Gupta,2006-05-22,CSM,CSM-2,2026-2027,7,anjali.gupta.969@smartcampus.edu,9837332580
Anjali Kumar,2006-08-02,CAD,CAD-2,2026-2027,5,anjali.kumar.970@smartcampus.edu,9830616924
Ishita Ghosh,2003-05-02,CSM,CSM-1,2026-2027,3,ishita.ghosh.971@smartcampus.edu,9813972703
Rithvik Singh,2003-10-11,ECE,ECE-2,2026-2027,5,rithvik.singh.972@smartcampus.edu,9866761516
Tanvi Reddy,2006-08-24,CSM,CSM-2,2026-2027,5,tanvi.reddy.973@smartcampus.edu,9810208871
Neha Patel,2004-11-06,CSE,CSE-3,2026-2027,3,neha.patel.974@smartcampus.edu,9871147871
Gauri Iyer,2006-04-20,CAD,CAD-2,2026-2027,7,gauri.iyer.975@smartcampus.edu,9822781398
Khushi Das,2006-10-29,ECE,ECE-2,2026-2027,7,khushi.das.976@smartcampus.edu,9822229933
Simran Deshmukh,2004-02-26,ECE,ECE-2,2026-2027,7,simran.deshmukh.977@smartcampus.edu,9863952596
Aaryan Das,2006-02-20,CSE,CSE-2,2026-2027,7,aaryan.das.978@smartcampus.edu,9838028027
Priya Joshi,2005-10-07,ECE,ECE-2,2026-2027,7,priya.joshi.979@smartcampus.edu,9824131927
Saanvi Iyer,2004-07-23,CSM,CSM-2,2026-2027,5,saanvi.iyer.980@smartcampus.edu,9894268210
Arjun Mehta,2006-08-15,ECE,ECE-1,2026-2027,7,arjun.mehta.981@smartcampus.edu,9838126116
Nikhil Choudhury,2004-11-04,CAD,CAD-1,2026-2027,3,nikhil.choudhury.982@smartcampus.edu,9899636744
Kabir Singh,2006-08-17,CSM,CSM-1,2026-2027,5,kabir.singh.983@smartcampus.edu,9853531769
Zoya Sharma,2005-05-29,ECE,ECE-2,2026-2027,5,zoya.sharma.984@smartcampus.edu,9823654098
Diya Deshmukh,2005-04-03,CSE,CSE-1,2026-2027,7,diya.deshmukh.985@smartcampus.edu,9848623050
Anjali Chatterjee,2006-09-28,MECH,MECH-2,2026-2027,3,anjali.chatterjee.986@smartcampus.edu,9842270847
Sai Patel,2004-10-13,CSM,CSM-1,2026-2027,7,sai.patel.987@smartcampus.edu,9818565205
Ayaan Iyer,2006-08-10,CSM,CSM-2,2026-2027,5,ayaan.iyer.988@smartcampus.edu,9829052984
Veda Choudhury,2005-11-05,CSE,CSE-3,2026-2027,7,veda.choudhury.989@smartcampus.edu,9827726762
Sai Chopra,2003-05-18,CSE,CSE-3,2026-2027,7,sai.chopra.990@smartcampus.edu,9823164143
Deepak Iyer,2004-04-04,CSM,CSM-2,2026-2027,7,deepak.iyer.991@smartcampus.edu,9827511417
Ayaan Patil,2006-09-26,CSE,CSE-2,2026-2027,3,ayaan.patil.992@smartcampus.edu,9841956694
Aaryan Chatterjee,2006-02-01,CAD,CAD-1,2026-2027,5,aaryan.chatterjee.993@smartcampus.edu,9812618990
Navya Joshi,2003-07-28,CAD,CAD-1,2026-2027,7,navya.joshi.994@smartcampus.edu,9891961494
Simran Bose,2006-12-28,CSM,CSM-2,2026-2027,7,simran.bose.995@smartcampus.edu,9831059216
Simran Joshi,2004-01-16,EEE,EEE-2,2026-2027,7,simran.joshi.996@smartcampus.edu,9833842626
Preeti Singh,2005-10-29,EEE,EEE-1,2026-2027,3,preeti.singh.997@smartcampus.edu,9812124053
Sara Chatterjee,2006-07-07,CSM,CSM-1,2026-2027,7,sara.chatterjee.998@smartcampus.edu,9853938336
Myra Kulkarni,2004-05-17,MECH,MECH-2,2026-2027,7,myra.kulkarni.999@smartcampus.edu,9860621781
Arjun Agarwal,2006-01-29,ECE,ECE-2,2026-2027,3,arjun.agarwal.1000@smartcampus.edu,9892682067
Advaith Bose,2005-02-22,CSE,CSE-1,2026-2027,3,advaith.bose.1001@smartcampus.edu,9866645590
Aarav Agarwal,2005-01-14,CSM,CSM-2,2026-2027,3,aarav.agarwal.1002@smartcampus.edu,9885038663
Anjali Saxena,2004-08-22,ECE,ECE-1,2026-2027,7,anjali.saxena.1003@smartcampus.edu,9811961056
Ananya Kumar,2005-11-28,CSM,CSM-1,2026-2027,3,ananya.kumar.1004@smartcampus.edu,9868632659
Siddharth Malhotra,2004-05-19,CSM,CSM-2,2026-2027,3,siddharth.malhotra.1005@smartcampus.edu,9817369556
Veda Gupta,2004-04-10,CSM,CSM-1,2026-2027,5,veda.gupta.1006@smartcampus.edu,9858834248
Veda Rao,2006-09-07,EEE,EEE-2,2026-2027,7,veda.rao.1007@smartcampus.edu,9824968840
Divya Chatterjee,2005-07-14,CSE,CSE-3,2026-2027,7,divya.chatterjee.1008@smartcampus.edu,9860204989
Sai Malhotra,2004-04-22,ECE,ECE-2,2026-2027,7,sai.malhotra.1009@smartcampus.edu,9867877753
Pooja Shah,2003-03-22,ECE,ECE-1,2026-2027,3,pooja.shah.1010@smartcampus.edu,9898996170
Varun Shah,2006-03-28,ECE,ECE-1,2026-2027,3,varun.shah.1011@smartcampus.edu,9814943714
Gautam Malhotra,2006-04-26,CSE,CSE-1,2026-2027,5,gautam.malhotra.1012@smartcampus.edu,9873988186
Kavya Chopra,2004-11-01,EEE,EEE-2,2026-2027,5,kavya.chopra.1013@smartcampus.edu,9883157629
Pari Ghosh,2006-05-24,ECE,ECE-2,2026-2027,5,pari.ghosh.1014@smartcampus.edu,9832613401
Ritu Bhat,2003-09-28,CAD,CAD-1,2026-2027,5,ritu.bhat.1015@smartcampus.edu,9898189749
Diya Rao,2003-03-04,CSM,CSM-2,2026-2027,5,diya.rao.1016@smartcampus.edu,9825610469
Deepak Saxena,2003-06-29,ECE,ECE-2,2026-2027,7,deepak.saxena.1017@smartcampus.edu,9846614270
Advik Mehta,2005-10-22,CSE,CSE-1,2026-2027,7,advik.mehta.1018@smartcampus.edu,9812137993
Sara Bose,2006-07-13,ECE,ECE-1,2026-2027,7,sara.bose.1019@smartcampus.edu,9854209885
Shreya Sharma,2005-04-06,CSE,CSE-1,2026-2027,3,shreya.sharma.1020@smartcampus.edu,9829073700
Aditya Chopra,2006-03-30,CSM,CSM-2,2026-2027,3,aditya.chopra.1021@smartcampus.edu,9865705868
Reyansh Chopra,2005-12-26,ECE,ECE-2,2026-2027,3,reyansh.chopra.1022@smartcampus.edu,9853367100
Reyansh Chatterjee,2004-03-11,CSE,CSE-1,2026-2027,5,reyansh.chatterjee.1023@smartcampus.edu,9849676587
Arjun Mehta,2004-05-08,CSM,CSM-1,2026-2027,7,arjun.mehta.1024@smartcampus.edu,9818415564
Harish Nair,2004-10-01,ECE,ECE-1,2026-2027,7,harish.nair.1025@smartcampus.edu,9884852041
Ishita Deshmukh,2004-07-15,MECH,MECH-1,2026-2027,5,ishita.deshmukh.1026@smartcampus.edu,9874268920
Rohan Reddy,2003-02-21,CSM,CSM-1,2026-2027,3,rohan.reddy.1027@smartcampus.edu,9839835832
Zoya Mishra,2004-02-13,CSM,CSM-1,2026-2027,5,zoya.mishra.1028@smartcampus.edu,9829655760
Pari Kapoor,2006-10-16,EEE,EEE-1,2026-2027,7,pari.kapoor.1029@smartcampus.edu,9894446646
Deepak Singh,2004-02-20,CSM,CSM-2,2026-2027,3,deepak.singh.1030@smartcampus.edu,9834809311
Atharva Chopra,2004-10-12,CSM,CSM-2,2026-2027,7,atharva.chopra.1031@smartcampus.edu,9869831920
Siya Reddy,2004-09-21,CSM,CSM-1,2026-2027,7,siya.reddy.1032@smartcampus.edu,9831256661
Ritu Iyer,2003-01-23,CSM,CSM-1,2026-2027,5,ritu.iyer.1033@smartcampus.edu,9898357724
Aarav Joshi,2003-08-05,CSE,CSE-3,2026-2027,3,aarav.joshi.1034@smartcampus.edu,9826550466
Divya Verma,2006-08-21,ECE,ECE-1,2026-2027,3,divya.verma.1035@smartcampus.edu,9832111876
Advik Choudhury,2004-10-14,CSM,CSM-2,2026-2027,7,advik.choudhury.1036@smartcampus.edu,9814130840
Kavya Reddy,2003-05-28,ECE,ECE-1,2026-2027,5,kavya.reddy.1037@smartcampus.edu,9844991068
Sara Nair,2004-12-19,CSE,CSE-1,2026-2027,3,sara.nair.1038@smartcampus.edu,9886473411
Zoya Banerjee,2004-07-31,EEE,EEE-1,2026-2027,7,zoya.banerjee.1039@smartcampus.edu,9818660967
Khushi Das,2003-07-31,EEE,EEE-2,2026-2027,3,khushi.das.1040@smartcampus.edu,9853280399
Gauri Banerjee,2006-02-17,CSE,CSE-1,2026-2027,5,gauri.banerjee.1041@smartcampus.edu,9847669141
Gauri Nair,2004-06-12,EEE,EEE-2,2026-2027,5,gauri.nair.1042@smartcampus.edu,9885239585
Saanvi Choudhury,2005-12-15,MECH,MECH-1,2026-2027,7,saanvi.choudhury.1043@smartcampus.edu,9889866575
Navya Kumar,2003-07-06,CSE,CSE-2,2026-2027,3,navya.kumar.1044@smartcampus.edu,9830476380
Sara Kumar,2004-10-09,ECE,ECE-2,2026-2027,5,sara.kumar.1045@smartcampus.edu,9869138230
Reyansh Deshmukh,2004-05-09,CSM,CSM-2,2026-2027,7,reyansh.deshmukh.1046@smartcampus.edu,9845466493
Varun Das,2006-05-16,ECE,ECE-1,2026-2027,3,varun.das.1047@smartcampus.edu,9822517727
Preeti Gupta,2003-09-29,CSM,CSM-1,2026-2027,7,preeti.gupta.1048@smartcampus.edu,9883686946
Rahul Chopra,2006-08-30,CSE,CSE-2,2026-2027,5,rahul.chopra.1049@smartcampus.edu,9841195422
Rithvik Nair,2005-07-22,CSM,CSM-1,2026-2027,5,rithvik.nair.1050@smartcampus.edu,9813947047
Varun Nair,2003-07-05,ECE,ECE-2,2026-2027,5,varun.nair.1051@smartcampus.edu,9840994677
Atharva Deshmukh,2003-07-29,CSE,CSE-1,2026-2027,7,atharva.deshmukh.1052@smartcampus.edu,9814799584
Ritu Bhat,2006-07-19,CSM,CSM-2,2026-2027,3,ritu.bhat.1053@smartcampus.edu,9813302997
Siya Choudhury,2006-06-10,ECE,ECE-1,2026-2027,5,siya.choudhury.1054@smartcampus.edu,9858746429
Kabir Patil,2003-12-21,EEE,EEE-1,2026-2027,7,kabir.patil.1055@smartcampus.edu,9878680016
Prisha Kapoor,2006-03-14,MECH,MECH-1,2026-2027,3,prisha.kapoor.1056@smartcampus.edu,9879264998
Meera Verma,2003-04-24,CSE,CSE-3,2026-2027,3,meera.verma.1057@smartcampus.edu,9829791354
Prisha Bhat,2006-07-12,ECE,ECE-2,2026-2027,7,prisha.bhat.1058@smartcampus.edu,9816517415
Veda Banerjee,2003-06-13,ECE,ECE-2,2026-2027,3,veda.banerjee.1059@smartcampus.edu,9817291054
Ayaan Kapoor,2006-10-08,CSE,CSE-1,2026-2027,5,ayaan.kapoor.1060@smartcampus.edu,9852562069
Manish Verma,2005-05-16,ECE,ECE-2,2026-2027,5,manish.verma.1061@smartcampus.edu,9834326952
Sai Choudhury,2005-01-18,MECH,MECH-2,2026-2027,3,sai.choudhury.1062@smartcampus.edu,9892650865
Meera Iyer,2003-09-14,CSM,CSM-2,2026-2027,3,meera.iyer.1063@smartcampus.edu,9899666915
Ayaan Kumar,2005-01-02,MECH,MECH-2,2026-2027,5,ayaan.kumar.1064@smartcampus.edu,9867285830
Gauri Choudhury,2004-03-31,ECE,ECE-1,2026-2027,5,gauri.choudhury.1065@smartcampus.edu,9813885907
Myra Saxena,2005-03-29,EEE,EEE-1,2026-2027,5,myra.saxena.1066@smartcampus.edu,9899400484
Sneha Mehta,2006-07-13,MECH,MECH-2,2026-2027,7,sneha.mehta.1067@smartcampus.edu,9873335917
Gauri Choudhury,2005-02-05,ECE,ECE-2,2026-2027,7,gauri.choudhury.1068@smartcampus.edu,9817951850
Priya Mishra,2005-01-15,CSE,CSE-2,2026-2027,7,priya.mishra.1069@smartcampus.edu,9810040312
Ritu Pandey,2005-12-15,ECE,ECE-2,2026-2027,3,ritu.pandey.1070@smartcampus.edu,9830706680
Rohan Kapoor,2005-01-14,ECE,ECE-2,2026-2027,7,rohan.kapoor.1071@smartcampus.edu,9877969097
Swati Verma,2003-04-30,MECH,MECH-1,2026-2027,3,swati.verma.1072@smartcampus.edu,9857228554
Divya Kulkarni,2006-10-19,CAD,CAD-1,2026-2027,7,divya.kulkarni.1073@smartcampus.edu,9893536084
Nikhil Bose,2003-08-01,CSM,CSM-2,2026-2027,5,nikhil.bose.1074@smartcampus.edu,9844766185
Kunal Saxena,2004-08-31,EEE,EEE-2,2026-2027,3,kunal.saxena.1075@smartcampus.edu,9882368357
Riya Agarwal,2005-10-31,EEE,EEE-2,2026-2027,3,riya.agarwal.1076@smartcampus.edu,9827655920
Simran Singh,2005-02-22,CSE,CSE-1,2026-2027,7,simran.singh.1077@smartcampus.edu,9830664823
Siya Agarwal,2004-11-10,CSE,CSE-2,2026-2027,3,siya.agarwal.1078@smartcampus.edu,9832275559
Krishna Mehta,2003-06-14,CSM,CSM-2,2026-2027,3,krishna.mehta.1079@smartcampus.edu,9829371873
Reyansh Rao,2006-03-23,EEE,EEE-1,2026-2027,3,reyansh.rao.1080@smartcampus.edu,9828893593
Pooja Deshmukh,2005-06-07,CSE,CSE-3,2026-2027,5,pooja.deshmukh.1081@smartcampus.edu,9865982354
Gauri Sharma,2005-05-09,MECH,MECH-1,2026-2027,7,gauri.sharma.1082@smartcampus.edu,9816322249
Anjali Joshi,2003-10-07,MECH,MECH-1,2026-2027,5,anjali.joshi.1083@smartcampus.edu,9874901780
Sneha Chatterjee,2004-01-21,CSM,CSM-1,2026-2027,5,sneha.chatterjee.1084@smartcampus.edu,9892159573
Shreya Malhotra,2003-03-02,CSE,CSE-1,2026-2027,3,shreya.malhotra.1085@smartcampus.edu,9885083204
Veda Malhotra,2004-09-16,ECE,ECE-1,2026-2027,3,veda.malhotra.1086@smartcampus.edu,9811986678
Aarav Iyer,2006-05-18,CSM,CSM-1,2026-2027,3,aarav.iyer.1087@smartcampus.edu,9817165921
Saanvi Kapoor,2005-03-19,EEE,EEE-2,2026-2027,7,saanvi.kapoor.1088@smartcampus.edu,9834590960
Arjun Pandey,2003-09-28,CSE,CSE-2,2026-2027,5,arjun.pandey.1089@smartcampus.edu,9869881088
Diya Patel,2006-04-07,CSE,CSE-2,2026-2027,5,diya.patel.1090@smartcampus.edu,9879759571
Nikhil Banerjee,2003-05-14,CSM,CSM-1,2026-2027,3,nikhil.banerjee.1091@smartcampus.edu,9874023294
Prisha Singh,2004-01-16,ECE,ECE-1,2026-2027,5,prisha.singh.1092@smartcampus.edu,9834885868
Kavya Mishra,2006-12-11,ECE,ECE-1,2026-2027,3,kavya.mishra.1093@smartcampus.edu,9818184121
Swati Banerjee,2005-08-29,CSE,CSE-2,2026-2027,5,swati.banerjee.1094@smartcampus.edu,9817802052
Gautam Mehta,2005-10-21,CSE,CSE-3,2026-2027,3,gautam.mehta.1095@smartcampus.edu,9845953439
Diya Mishra,2004-07-30,CSM,CSM-2,2026-2027,7,diya.mishra.1096@smartcampus.edu,9813452798
Sara Shah,2006-11-29,CSE,CSE-2,2026-2027,3,sara.shah.1097@smartcampus.edu,9858130195
Rohan Das,2003-12-22,ECE,ECE-2,2026-2027,3,rohan.das.1098@smartcampus.edu,9887505224
Sunita Malhotra,2006-12-01,CSE,CSE-3,2026-2027,7,sunita.malhotra.1099@smartcampus.edu,9875426265
Advaith Kumar,2003-02-24,ECE,ECE-2,2026-2027,7,advaith.kumar.1100@smartcampus.edu,9874733760
Navya Das,2005-07-02,ECE,ECE-2,2026-2027,7,navya.das.1101@smartcampus.edu,9883981799
Manish Chopra,2005-03-22,CSM,CSM-1,2026-2027,7,manish.chopra.1102@smartcampus.edu,9895673496
Atharva Mehta,2004-02-18,EEE,EEE-1,2026-2027,5,atharva.mehta.1103@smartcampus.edu,9873526067
Siddharth Chopra,2005-09-25,CSM,CSM-1,2026-2027,3,siddharth.chopra.1104@smartcampus.edu,9862858726
Sneha Mehta,2004-08-12,EEE,EEE-1,2026-2027,3,sneha.mehta.1105@smartcampus.edu,9810498274
Ishaan Rao,2003-12-31,EEE,EEE-2,2026-2027,5,ishaan.rao.1106@smartcampus.edu,9871692475
Ishaan Patil,2006-01-17,ECE,ECE-2,2026-2027,5,ishaan.patil.1107@smartcampus.edu,9829542288
Atharva Reddy,2003-07-19,CSM,CSM-1,2026-2027,7,atharva.reddy.1108@smartcampus.edu,9889474775
Krishna Agarwal,2006-02-12,EEE,EEE-2,2026-2027,7,krishna.agarwal.1109@smartcampus.edu,9823476667
Divya Joshi,2003-08-16,CAD,CAD-2,2026-2027,3,divya.joshi.1110@smartcampus.edu,9883806113
Reyansh Gupta,2003-05-26,CSE,CSE-3,2026-2027,5,reyansh.gupta.1111@smartcampus.edu,9884732264
Ritu Pandey,2003-06-24,CSM,CSM-2,2026-2027,5,ritu.pandey.1112@smartcampus.edu,9847191463
Ananya Sharma,2005-02-17,CSE,CSE-2,2026-2027,3,ananya.sharma.1113@smartcampus.edu,9865738265
Aarav Banerjee,2004-07-09,EEE,EEE-2,2026-2027,3,aarav.banerjee.1114@smartcampus.edu,9842765487
Arjun Rao,2005-06-01,ECE,ECE-2,2026-2027,5,arjun.rao.1115@smartcampus.edu,9813373425
Gauri Patil,2004-09-02,EEE,EEE-1,2026-2027,3,gauri.patil.1116@smartcampus.edu,9867639814
Rahul Pandey,2003-10-12,ECE,ECE-2,2026-2027,7,rahul.pandey.1117@smartcampus.edu,9843259526
Vikram Kapoor,2005-09-01,CAD,CAD-1,2026-2027,3,vikram.kapoor.1118@smartcampus.edu,9857422232
Vivaan Deshmukh,2003-05-21,ECE,ECE-1,2026-2027,5,vivaan.deshmukh.1119@smartcampus.edu,9888128989
Arjun Kulkarni,2006-08-26,CSM,CSM-1,2026-2027,5,arjun.kulkarni.1120@smartcampus.edu,9817342284
Sneha Chatterjee,2004-05-14,CSE,CSE-1,2026-2027,5,sneha.chatterjee.1121@smartcampus.edu,9885153765
Divya Deshmukh,2003-08-12,CSM,CSM-1,2026-2027,3,divya.deshmukh.1122@smartcampus.edu,9822090885
Shreya Chopra,2004-12-03,CAD,CAD-1,2026-2027,5,shreya.chopra.1123@smartcampus.edu,9877090227
Shreya Sharma,2005-03-09,ECE,ECE-2,2026-2027,5,shreya.sharma.1124@smartcampus.edu,9838003972
Siddharth Das,2004-11-01,CAD,CAD-1,2026-2027,3,siddharth.das.1125@smartcampus.edu,9838152241
Sunita Ghosh,2004-07-27,CSE,CSE-3,2026-2027,3,sunita.ghosh.1126@smartcampus.edu,9829235245
Sneha Reddy,2006-01-17,CSM,CSM-1,2026-2027,3,sneha.reddy.1127@smartcampus.edu,9889061158
Ananya Chatterjee,2003-11-22,CAD,CAD-1,2026-2027,7,ananya.chatterjee.1128@smartcampus.edu,9874326387
Myra Chopra,2005-08-02,ECE,ECE-2,2026-2027,5,myra.chopra.1129@smartcampus.edu,9895669816
Shaurya Malhotra,2004-05-22,EEE,EEE-2,2026-2027,5,shaurya.malhotra.1130@smartcampus.edu,9838700435
Sara Nair,2005-06-23,CSM,CSM-2,2026-2027,3,sara.nair.1131@smartcampus.edu,9871900591
Gauri Bhat,2004-04-30,ECE,ECE-2,2026-2027,5,gauri.bhat.1132@smartcampus.edu,9865159150
Rohan Pandey,2003-07-14,CSM,CSM-2,2026-2027,7,rohan.pandey.1133@smartcampus.edu,9858479560
Anjali Shah,2003-06-02,CAD,CAD-1,2026-2027,5,anjali.shah.1134@smartcampus.edu,9860977858
Gauri Mehta,2003-06-03,CSE,CSE-2,2026-2027,3,gauri.mehta.1135@smartcampus.edu,9826189906
Prisha Pandey,2003-12-21,EEE,EEE-2,2026-2027,7,prisha.pandey.1136@smartcampus.edu,9813407208
Rohan Gupta,2006-01-09,MECH,MECH-2,2026-2027,3,rohan.gupta.1137@smartcampus.edu,9886658940
Rahul Rao,2003-12-13,MECH,MECH-1,2026-2027,7,rahul.rao.1138@smartcampus.edu,9827238133
Shreya Deshmukh,2006-10-19,CSM,CSM-2,2026-2027,7,shreya.deshmukh.1139@smartcampus.edu,9891401117
Riya Chopra,2003-08-28,CSE,CSE-2,2026-2027,5,riya.chopra.1140@smartcampus.edu,9855637186
Meera Patel,2005-07-17,CAD,CAD-1,2026-2027,7,meera.patel.1141@smartcampus.edu,9842023481
Reyansh Chatterjee,2005-10-15,EEE,EEE-2,2026-2027,3,reyansh.chatterjee.1142@smartcampus.edu,9826459097
Saanvi Kumar,2005-03-07,EEE,EEE-2,2026-2027,7,saanvi.kumar.1143@smartcampus.edu,9895001857
Arjun Joshi,2003-08-03,EEE,EEE-2,2026-2027,3,arjun.joshi.1144@smartcampus.edu,9829572969
Kabir Nair,2006-07-04,MECH,MECH-2,2026-2027,3,kabir.nair.1145@smartcampus.edu,9840085249
Vivaan Kulkarni,2003-01-24,ECE,ECE-2,2026-2027,5,vivaan.kulkarni.1146@smartcampus.edu,9882607845
Ayaan Saxena,2005-03-20,MECH,MECH-2,2026-2027,5,ayaan.saxena.1147@smartcampus.edu,9863668349
Preeti Malhotra,2005-02-26,CAD,CAD-2,2026-2027,3,preeti.malhotra.1148@smartcampus.edu,9854619015
Rahul Kulkarni,2006-02-22,EEE,EEE-1,2026-2027,7,rahul.kulkarni.1149@smartcampus.edu,9882185549
Aaryan Kapoor,2004-05-06,MECH,MECH-1,2026-2027,3,aaryan.kapoor.1150@smartcampus.edu,9886859961
Anjali Malhotra,2004-09-29,MECH,MECH-2,2026-2027,3,anjali.malhotra.1151@smartcampus.edu,9870863993
Rahul Saxena,2003-10-28,CSM,CSM-2,2026-2027,3,rahul.saxena.1152@smartcampus.edu,9842837364
Vivaan Malhotra,2004-11-29,ECE,ECE-2,2026-2027,3,vivaan.malhotra.1153@smartcampus.edu,9863868764
Reyansh Bhat,2003-01-15,CSM,CSM-1,2026-2027,5,reyansh.bhat.1154@smartcampus.edu,9879113483
Advaith Gupta,2004-01-09,CSE,CSE-3,2026-2027,5,advaith.gupta.1155@smartcampus.edu,9868728289
Meera Banerjee,2006-12-05,CSE,CSE-3,2026-2027,5,meera.banerjee.1156@smartcampus.edu,9821726052
Swati Gupta,2006-03-24,EEE,EEE-2,2026-2027,7,swati.gupta.1157@smartcampus.edu,9836620854
Khushi Kulkarni,2004-01-01,CSE,CSE-1,2026-2027,5,khushi.kulkarni.1158@smartcampus.edu,9880965668
Siddharth Reddy,2004-03-02,CSE,CSE-3,2026-2027,5,siddharth.reddy.1159@smartcampus.edu,9846261314
Aaryan Bose,2005-09-13,CSE,CSE-2,2026-2027,7,aaryan.bose.1160@smartcampus.edu,9834796464
Gautam Patil,2006-08-11,CSE,CSE-3,2026-2027,7,gautam.patil.1161@smartcampus.edu,9883609401
Veda Kumar,2003-09-02,MECH,MECH-2,2026-2027,5,veda.kumar.1162@smartcampus.edu,9883106544
Sneha Kapoor,2003-02-15,CSE,CSE-3,2026-2027,5,sneha.kapoor.1163@smartcampus.edu,9864413943
Rithvik Singh,2003-01-25,CSM,CSM-1,2026-2027,5,rithvik.singh.1164@smartcampus.edu,9888025534
Rohan Malhotra,2006-09-09,CSE,CSE-1,2026-2027,3,rohan.malhotra.1165@smartcampus.edu,9820252011
Vivaan Kumar,2004-03-02,CSE,CSE-3,2026-2027,5,vivaan.kumar.1166@smartcampus.edu,9878019488
Sunita Sharma,2005-10-05,EEE,EEE-2,2026-2027,5,sunita.sharma.1167@smartcampus.edu,9829694385
Prisha Verma,2003-08-01,ECE,ECE-1,2026-2027,5,prisha.verma.1168@smartcampus.edu,9812956757
Neha Ghosh,2006-08-31,CSE,CSE-1,2026-2027,7,neha.ghosh.1169@smartcampus.edu,9821550999
Kunal Mehta,2005-07-29,CSM,CSM-1,2026-2027,5,kunal.mehta.1170@smartcampus.edu,9841604643
Tanvi Verma,2006-02-08,ECE,ECE-1,2026-2027,7,tanvi.verma.1171@smartcampus.edu,9810988658
Shaurya Choudhury,2006-01-05,CSE,CSE-2,2026-2027,5,shaurya.choudhury.1172@smartcampus.edu,9857003722
Varun Rao,2005-02-20,CSE,CSE-3,2026-2027,3,varun.rao.1173@smartcampus.edu,9836174404
Advik Chatterjee,2004-10-11,CSE,CSE-2,2026-2027,3,advik.chatterjee.1174@smartcampus.edu,9896907140
Diya Rao,2006-10-23,CSM,CSM-1,2026-2027,7,diya.rao.1175@smartcampus.edu,9814165793
Shreya Verma,2005-05-06,MECH,MECH-2,2026-2027,5,shreya.verma.1176@smartcampus.edu,9864998082
Divya Verma,2004-12-16,CSE,CSE-3,2026-2027,5,divya.verma.1177@smartcampus.edu,9817245072
Vihaan Saxena,2004-09-10,CSM,CSM-2,2026-2027,3,vihaan.saxena.1178@smartcampus.edu,9838813427
Siddharth Reddy,2005-11-17,CSM,CSM-2,2026-2027,7,siddharth.reddy.1179@smartcampus.edu,9845292120
Myra Bhat,2006-06-15,CSM,CSM-2,2026-2027,7,myra.bhat.1180@smartcampus.edu,9876763049
Deepak Gupta,2005-01-31,CSE,CSE-3,2026-2027,5,deepak.gupta.1181@smartcampus.edu,9871028031
Navya Deshmukh,2004-06-19,EEE,EEE-1,2026-2027,7,navya.deshmukh.1182@smartcampus.edu,9827191112
Rahul Saxena,2005-09-11,CSE,CSE-1,2026-2027,5,rahul.saxena.1183@smartcampus.edu,9835402346
Ayaan Das,2004-04-07,CSM,CSM-1,2026-2027,3,ayaan.das.1184@smartcampus.edu,9825513597
Vikram Malhotra,2003-04-08,MECH,MECH-2,2026-2027,7,vikram.malhotra.1185@smartcampus.edu,9849514533
Ishaan Malhotra,2006-10-28,MECH,MECH-2,2026-2027,5,ishaan.malhotra.1186@smartcampus.edu,9862139593
Manish Gupta,2006-03-15,CSE,CSE-3,2026-2027,3,manish.gupta.1187@smartcampus.edu,9841966652
Vivaan Kulkarni,2003-01-20,CSE,CSE-1,2026-2027,7,vivaan.kulkarni.1188@smartcampus.edu,9885330431
Manish Patil,2004-10-17,CSE,CSE-2,2026-2027,3,manish.patil.1189@smartcampus.edu,9884135300
Rahul Mishra,2003-03-27,CAD,CAD-1,2026-2027,3,rahul.mishra.1190@smartcampus.edu,9889414148
Pooja Choudhury,2003-11-11,CSE,CSE-1,2026-2027,5,pooja.choudhury.1191@smartcampus.edu,9846648991
Diya Kumar,2005-06-06,EEE,EEE-2,2026-2027,3,diya.kumar.1192@smartcampus.edu,9869399809
Nikhil Malhotra,2005-05-02,CSE,CSE-3,2026-2027,3,nikhil.malhotra.1193@smartcampus.edu,9887126236
Ishita Joshi,2004-07-26,CSE,CSE-1,2026-2027,7,ishita.joshi.1194@smartcampus.edu,9815812471
Sunita Pandey,2003-11-08,CSM,CSM-1,2026-2027,5,sunita.pandey.1195@smartcampus.edu,9856430069
Ritu Banerjee,2005-12-14,MECH,MECH-1,2026-2027,3,ritu.banerjee.1196@smartcampus.edu,9881478227
Priya Mehta,2004-03-10,MECH,MECH-1,2026-2027,3,priya.mehta.1197@smartcampus.edu,9872010026
Vivaan Bose,2006-07-04,ECE,ECE-2,2026-2027,5,vivaan.bose.1198@smartcampus.edu,9884731323
Kunal Kumar,2005-07-24,CSE,CSE-1,2026-2027,7,kunal.kumar.1199@smartcampus.edu,9854342701
Saanvi Singh,2006-01-26,CSM,CSM-1,2026-2027,7,saanvi.singh.1200@smartcampus.edu,9824495637
Ananya Mishra,2006-03-16,EEE,EEE-1,2026-2027,5,ananya.mishra.1201@smartcampus.edu,9872390619
Diya Iyer,2004-11-16,ECE,ECE-2,2026-2027,7,diya.iyer.1202@smartcampus.edu,9860133945
Atharva Sharma,2005-04-02,MECH,MECH-2,2026-2027,3,atharva.sharma.1203@smartcampus.edu,9853634716
Dhruv Bhat,2004-02-24,MECH,MECH-2,2026-2027,5,dhruv.bhat.1204@smartcampus.edu,9858749816
Deepak Saxena,2006-08-20,CSM,CSM-1,2026-2027,5,deepak.saxena.1205@smartcampus.edu,9833713710
Neha Mishra,2005-12-13,ECE,ECE-2,2026-2027,5,neha.mishra.1206@smartcampus.edu,9813128768
Gauri Bose,2003-08-31,CSE,CSE-2,2026-2027,3,gauri.bose.1207@smartcampus.edu,9879509832
Priya Verma,2003-12-16,CAD,CAD-2,2026-2027,5,priya.verma.1208@smartcampus.edu,9813694053
Ananya Chatterjee,2006-03-29,ECE,ECE-1,2026-2027,5,ananya.chatterjee.1209@smartcampus.edu,9861625888
Atharva Mehta,2006-01-07,EEE,EEE-1,2026-2027,7,atharva.mehta.1210@smartcampus.edu,9841689415
Dhruv Gupta,2004-02-29,CSE,CSE-3,2026-2027,3,dhruv.gupta.1211@smartcampus.edu,9849163753
Diya Saxena,2006-07-09,ECE,ECE-1,2026-2027,3,diya.saxena.1212@smartcampus.edu,9896590294
Aarav Chopra,2003-06-08,EEE,EEE-2,2026-2027,7,aarav.chopra.1213@smartcampus.edu,9836227720
Vikram Shah,2006-11-25,CAD,CAD-2,2026-2027,3,vikram.shah.1214@smartcampus.edu,9821444063
Nikhil Bose,2004-08-05,EEE,EEE-1,2026-2027,7,nikhil.bose.1215@smartcampus.edu,9834356336
Kabir Mehta,2005-05-23,CSE,CSE-2,2026-2027,3,kabir.mehta.1216@smartcampus.edu,9839196865
Siya Kapoor,2003-11-25,CSE,CSE-1,2026-2027,7,siya.kapoor.1217@smartcampus.edu,9897346521
Shaurya Sharma,2004-12-23,CSM,CSM-1,2026-2027,5,shaurya.sharma.1218@smartcampus.edu,9877070499
Ayaan Das,2004-03-02,CSE,CSE-3,2026-2027,3,ayaan.das.1219@smartcampus.edu,9812746573
Vihaan Chatterjee,2005-05-26,MECH,MECH-1,2026-2027,5,vihaan.chatterjee.1220@smartcampus.edu,9849480104
Pranav Nair,2006-06-18,CSE,CSE-3,2026-2027,7,pranav.nair.1221@smartcampus.edu,9899849344
Prisha Iyer,2006-05-18,ECE,ECE-2,2026-2027,7,prisha.iyer.1222@smartcampus.edu,9863582525
Ishita Bhat,2005-12-15,CSE,CSE-3,2026-2027,5,ishita.bhat.1223@smartcampus.edu,9894423434
Ritu Nair,2006-05-15,MECH,MECH-2,2026-2027,3,ritu.nair.1224@smartcampus.edu,9888785211
Ishaan Pandey,2003-08-12,CSE,CSE-3,2026-2027,3,ishaan.pandey.1225@smartcampus.edu,9835969874
Meera Bose,2005-04-08,CSE,CSE-2,2026-2027,5,meera.bose.1226@smartcampus.edu,9852563537
Diya Deshmukh,2005-09-17,CSE,CSE-3,2026-2027,5,diya.deshmukh.1227@smartcampus.edu,9820474027
Varun Patil,2004-01-21,CSM,CSM-1,2026-2027,3,varun.patil.1228@smartcampus.edu,9812331421
Ananya Saxena,2005-08-26,EEE,EEE-2,2026-2027,5,ananya.saxena.1229@smartcampus.edu,9878098046
Veda Banerjee,2005-09-26,ECE,ECE-2,2026-2027,3,veda.banerjee.1230@smartcampus.edu,9839200595
Siya Rao,2006-11-04,CAD,CAD-2,2026-2027,3,siya.rao.1231@smartcampus.edu,9857665564
Neha Patil,2006-07-28,CSM,CSM-2,2026-2027,5,neha.patil.1232@smartcampus.edu,9835235821
Manish Patel,2005-12-03,ECE,ECE-1,2026-2027,5,manish.patel.1233@smartcampus.edu,9871173980
Rahul Bose,2003-11-03,CSM,CSM-2,2026-2027,5,rahul.bose.1234@smartcampus.edu,9846171439
Simran Ghosh,2003-11-23,CSE,CSE-1,2026-2027,3,simran.ghosh.1235@smartcampus.edu,9819997229
Aarav Choudhury,2004-08-06,EEE,EEE-1,2026-2027,5,aarav.choudhury.1236@smartcampus.edu,9899348865
Deepak Banerjee,2006-05-31,CSM,CSM-2,2026-2027,3,deepak.banerjee.1237@smartcampus.edu,9873960953
Varun Patel,2003-01-24,CSM,CSM-1,2026-2027,7,varun.patel.1238@smartcampus.edu,9893456896
Tanvi Rao,2003-12-06,CSE,CSE-1,2026-2027,5,tanvi.rao.1239@smartcampus.edu,9832315446
Meera Agarwal,2005-06-14,ECE,ECE-2,2026-2027,5,meera.agarwal.1240@smartcampus.edu,9849609723
Pooja Singh,2003-03-08,EEE,EEE-1,2026-2027,3,pooja.singh.1241@smartcampus.edu,9855940366
Rahul Ghosh,2004-11-17,CSM,CSM-2,2026-2027,5,rahul.ghosh.1242@smartcampus.edu,9845875050
Vivaan Bhat,2003-07-31,EEE,EEE-1,2026-2027,3,vivaan.bhat.1243@smartcampus.edu,9830115660
Veda Sharma,2004-07-22,MECH,MECH-2,2026-2027,7,veda.sharma.1244@smartcampus.edu,9826748385
Navya Nair,2006-03-07,CSE,CSE-1,2026-2027,5,navya.nair.1245@smartcampus.edu,9846379760
Veda Banerjee,2005-08-26,CSE,CSE-1,2026-2027,5,veda.banerjee.1246@smartcampus.edu,9862522986
Harish Singh,2005-12-09,CSE,CSE-2,2026-2027,5,harish.singh.1247@smartcampus.edu,9811799209
Gauri Nair,2005-04-16,CSE,CSE-3,2026-2027,5,gauri.nair.1248@smartcampus.edu,9845018684
Simran Rao,2005-11-23,ECE,ECE-2,2026-2027,3,simran.rao.1249@smartcampus.edu,9854556455
Saanvi Deshmukh,2003-12-13,CSE,CSE-3,2026-2027,3,saanvi.deshmukh.1250@smartcampus.edu,9833744300
Simran Kulkarni,2003-02-19,EEE,EEE-1,2026-2027,7,simran.kulkarni.1251@smartcampus.edu,9854911297
Shaurya Iyer,2005-10-10,ECE,ECE-1,2026-2027,5,shaurya.iyer.1252@smartcampus.edu,9891132940
Pranav Banerjee,2003-04-05,MECH,MECH-2,2026-2027,7,pranav.banerjee.1253@smartcampus.edu,9897452511
Nikhil Patel,2005-04-08,EEE,EEE-1,2026-2027,7,nikhil.patel.1254@smartcampus.edu,9821372177
Neha Shah,2003-07-06,CSE,CSE-3,2026-2027,3,neha.shah.1255@smartcampus.edu,9817459684
Aarav Mehta,2003-12-20,ECE,ECE-2,2026-2027,7,aarav.mehta.1256@smartcampus.edu,9891262443
Vivaan Kumar,2005-04-03,EEE,EEE-2,2026-2027,3,vivaan.kumar.1257@smartcampus.edu,9853245629
Aarav Pandey,2003-08-19,CSE,CSE-2,2026-2027,7,aarav.pandey.1258@smartcampus.edu,9894347397
Deepak Ghosh,2004-01-01,MECH,MECH-1,2026-2027,5,deepak.ghosh.1259@smartcampus.edu,9849539278
Arjun Shah,2003-01-04,MECH,MECH-1,2026-2027,7,arjun.shah.1260@smartcampus.edu,9898872406
Siya Agarwal,2005-11-06,MECH,MECH-2,2026-2027,5,siya.agarwal.1261@smartcampus.edu,9815447075
Priya Singh,2003-01-01,EEE,EEE-2,2026-2027,3,priya.singh.1262@smartcampus.edu,9849881113
Pranav Sharma,2005-09-26,EEE,EEE-1,2026-2027,5,pranav.sharma.1263@smartcampus.edu,9896725744
Preeti Das,2003-07-17,ECE,ECE-1,2026-2027,7,preeti.das.1264@smartcampus.edu,9868787709
Dhruv Banerjee,2003-12-26,EEE,EEE-1,2026-2027,7,dhruv.banerjee.1265@smartcampus.edu,9858202983
Dhruv Singh,2004-11-17,CSM,CSM-2,2026-2027,7,dhruv.singh.1266@smartcampus.edu,9847167935
Varun Singh,2003-07-05,CSM,CSM-2,2026-2027,3,varun.singh.1267@smartcampus.edu,9849488697
Sai Kapoor,2006-04-29,MECH,MECH-2,2026-2027,7,sai.kapoor.1268@smartcampus.edu,9823793445
Ayaan Shah,2004-12-20,CSM,CSM-2,2026-2027,3,ayaan.shah.1269@smartcampus.edu,9845579662
Priya Chopra,2004-04-10,CSE,CSE-3,2026-2027,7,priya.chopra.1270@smartcampus.edu,9811961989
Atharva Kapoor,2004-05-10,ECE,ECE-1,2026-2027,3,atharva.kapoor.1271@smartcampus.edu,9894959530
Sneha Shah,2003-02-07,CSM,CSM-2,2026-2027,5,sneha.shah.1272@smartcampus.edu,9841583977
Pooja Rao,2005-03-01,CAD,CAD-1,2026-2027,5,pooja.rao.1273@smartcampus.edu,9878005600
Shaurya Iyer,2005-05-26,CSE,CSE-3,2026-2027,3,shaurya.iyer.1274@smartcampus.edu,9837264248
Navya Kumar,2003-10-20,CSE,CSE-3,2026-2027,7,navya.kumar.1275@smartcampus.edu,9860668042
Divya Reddy,2005-01-23,CSE,CSE-2,2026-2027,3,divya.reddy.1276@smartcampus.edu,9811438052
Shreya Pandey,2003-04-13,ECE,ECE-2,2026-2027,7,shreya.pandey.1277@smartcampus.edu,9833505074
Preeti Ghosh,2005-03-26,ECE,ECE-1,2026-2027,5,preeti.ghosh.1278@smartcampus.edu,9873024609
Prisha Verma,2006-03-02,MECH,MECH-2,2026-2027,7,prisha.verma.1279@smartcampus.edu,9836088917
Siddharth Bose,2003-02-12,CSE,CSE-2,2026-2027,5,siddharth.bose.1280@smartcampus.edu,9814427129
Rahul Iyer,2003-01-19,MECH,MECH-2,2026-2027,7,rahul.iyer.1281@smartcampus.edu,9831245072
Advaith Verma,2003-06-26,CSE,CSE-2,2026-2027,7,advaith.verma.1282@smartcampus.edu,9860408782
Rohan Banerjee,2006-03-18,ECE,ECE-1,2026-2027,7,rohan.banerjee.1283@smartcampus.edu,9827628246
Aaryan Das,2005-01-29,CSE,CSE-1,2026-2027,7,aaryan.das.1284@smartcampus.edu,9812012258
Ishita Gupta,2005-03-27,CSM,CSM-1,2026-2027,7,ishita.gupta.1285@smartcampus.edu,9854262759
Sai Kumar,2003-07-09,ECE,ECE-2,2026-2027,7,sai.kumar.1286@smartcampus.edu,9839170147
Meera Pandey,2003-05-30,CSE,CSE-1,2026-2027,5,meera.pandey.1287@smartcampus.edu,9876980703
Shreya Kumar,2004-03-22,CSM,CSM-1,2026-2027,7,shreya.kumar.1288@smartcampus.edu,9852090444
Vivaan Chopra,2004-10-16,ECE,ECE-2,2026-2027,5,vivaan.chopra.1289@smartcampus.edu,9867791297
Preeti Patil,2003-06-26,CSE,CSE-3,2026-2027,3,preeti.patil.1290@smartcampus.edu,9877956113
Kavya Joshi,2003-01-16,ECE,ECE-1,2026-2027,5,kavya.joshi.1291@smartcampus.edu,9856065087
Vihaan Verma,2006-01-18,CSE,CSE-2,2026-2027,5,vihaan.verma.1292@smartcampus.edu,9885490767
Preeti Mehta,2005-06-24,CSE,CSE-3,2026-2027,7,preeti.mehta.1293@smartcampus.edu,9887206253
Vikram Ghosh,2005-03-30,ECE,ECE-1,2026-2027,7,vikram.ghosh.1294@smartcampus.edu,9844830198
Rahul Bhat,2004-05-01,MECH,MECH-1,2026-2027,3,rahul.bhat.1295@smartcampus.edu,9877348558
Ishita Singh,2006-08-18,CSM,CSM-2,2026-2027,7,ishita.singh.1296@smartcampus.edu,9836633461
Rohan Mehta,2003-09-18,ECE,ECE-1,2026-2027,7,rohan.mehta.1297@smartcampus.edu,9846218740
Navya Malhotra,2004-11-03,EEE,EEE-2,2026-2027,5,navya.malhotra.1298@smartcampus.edu,9824575691
Kavya Pandey,2004-11-22,CSE,CSE-2,2026-2027,5,kavya.pandey.1299@smartcampus.edu,9834969495
Ananya Singh,2003-05-26,CSM,CSM-1,2026-2027,7,ananya.singh.1300@smartcampus.edu,9889435920
Vivaan Reddy,2005-10-08,ECE,ECE-1,2026-2027,5,vivaan.reddy.1301@smartcampus.edu,9874352914
Rithvik Bose,2005-08-24,CSE,CSE-2,2026-2027,5,rithvik.bose.1302@smartcampus.edu,9881637567
Kunal Verma,2006-05-14,CSM,CSM-2,2026-2027,7,kunal.verma.1303@smartcampus.edu,9861282319
Divya Malhotra,2003-08-28,CSE,CSE-1,2026-2027,7,divya.malhotra.1304@smartcampus.edu,9815139918
Pranav Pandey,2006-06-17,CSE,CSE-3,2026-2027,7,pranav.pandey.1305@smartcampus.edu,9866522337
Shaurya Agarwal,2003-06-03,CSE,CSE-3,2026-2027,5,shaurya.agarwal.1306@smartcampus.edu,9844778248
Tanvi Sharma,2003-04-17,EEE,EEE-2,2026-2027,3,tanvi.sharma.1307@smartcampus.edu,9885804704
Nikhil Bhat,2004-01-01,EEE,EEE-2,2026-2027,5,nikhil.bhat.1308@smartcampus.edu,9895551874
Aaryan Agarwal,2003-04-02,ECE,ECE-2,2026-2027,7,aaryan.agarwal.1309@smartcampus.edu,9823435008
Riya Das,2004-07-13,CSM,CSM-2,2026-2027,7,riya.das.1310@smartcampus.edu,9881500824
Tanvi Gupta,2005-09-30,ECE,ECE-2,2026-2027,5,tanvi.gupta.1311@smartcampus.edu,9881586529
Myra Bose,2003-04-04,CSE,CSE-1,2026-2027,7,myra.bose.1312@smartcampus.edu,9869733841
Nikhil Kulkarni,2006-06-21,CAD,CAD-2,2026-2027,3,nikhil.kulkarni.1313@smartcampus.edu,9884205607
Gauri Malhotra,2004-04-21,CSE,CSE-3,2026-2027,5,gauri.malhotra.1314@smartcampus.edu,9834021588
Swati Sharma,2004-02-10,CSE,CSE-3,2026-2027,5,swati.sharma.1315@smartcampus.edu,9897689614
Veda Kumar,2005-05-08,ECE,ECE-2,2026-2027,7,veda.kumar.1316@smartcampus.edu,9844100803
Neha Chatterjee,2006-12-07,CAD,CAD-1,2026-2027,7,neha.chatterjee.1317@smartcampus.edu,9870677668
Varun Ghosh,2005-12-08,CSM,CSM-2,2026-2027,5,varun.ghosh.1318@smartcampus.edu,9849009093
Atharva Joshi,2006-01-21,EEE,EEE-2,2026-2027,5,atharva.joshi.1319@smartcampus.edu,9895042588
Dhruv Malhotra,2003-03-09,CSM,CSM-1,2026-2027,3,dhruv.malhotra.1320@smartcampus.edu,9870133246
Rahul Rao,2003-01-14,CSM,CSM-2,2026-2027,3,rahul.rao.1321@smartcampus.edu,9886750007
Siddharth Agarwal,2004-03-29,CSE,CSE-1,2026-2027,5,siddharth.agarwal.1322@smartcampus.edu,9841522136
Simran Agarwal,2006-02-03,ECE,ECE-1,2026-2027,3,simran.agarwal.1323@smartcampus.edu,9896469915
Ananya Patil,2006-11-14,MECH,MECH-2,2026-2027,7,ananya.patil.1324@smartcampus.edu,9829462378
Ishita Iyer,2006-07-03,MECH,MECH-1,2026-2027,7,ishita.iyer.1325@smartcampus.edu,9855076222
Aaryan Verma,2003-09-14,ECE,ECE-1,2026-2027,7,aaryan.verma.1326@smartcampus.edu,9880942505
Sara Mehta,2003-01-02,EEE,EEE-1,2026-2027,5,sara.mehta.1327@smartcampus.edu,9846387533
Aaryan Bose,2004-07-01,ECE,ECE-1,2026-2027,3,aaryan.bose.1328@smartcampus.edu,9850599383
Advik Banerjee,2006-01-20,ECE,ECE-1,2026-2027,5,advik.banerjee.1329@smartcampus.edu,9895425811
Ishaan Patel,2004-11-21,CSE,CSE-1,2026-2027,5,ishaan.patel.1330@smartcampus.edu,9822247634
Diya Singh,2003-07-08,ECE,ECE-1,2026-2027,7,diya.singh.1331@smartcampus.edu,9817303728
Navya Ghosh,2006-09-28,CSM,CSM-1,2026-2027,5,navya.ghosh.1332@smartcampus.edu,9889107592
Pooja Deshmukh,2005-12-25,CAD,CAD-2,2026-2027,3,pooja.deshmukh.1333@smartcampus.edu,9842411795
Kabir Verma,2005-05-02,CSM,CSM-2,2026-2027,7,kabir.verma.1334@smartcampus.edu,9851027375
Riya Malhotra,2004-03-06,MECH,MECH-1,2026-2027,3,riya.malhotra.1335@smartcampus.edu,9874341969
Veda Das,2006-02-27,MECH,MECH-1,2026-2027,7,veda.das.1336@smartcampus.edu,9888000386
Priya Deshmukh,2003-12-05,ECE,ECE-1,2026-2027,5,priya.deshmukh.1337@smartcampus.edu,9842017904
Sara Joshi,2004-08-27,CSE,CSE-1,2026-2027,7,sara.joshi.1338@smartcampus.edu,9851188971
Advaith Malhotra,2006-09-21,CSM,CSM-2,2026-2027,5,advaith.malhotra.1339@smartcampus.edu,9897089121
Manish Verma,2003-05-07,EEE,EEE-2,2026-2027,5,manish.verma.1340@smartcampus.edu,9832018422
Rahul Ghosh,2006-06-30,CSE,CSE-3,2026-2027,5,rahul.ghosh.1341@smartcampus.edu,9872529423
Prisha Bhat,2006-04-20,CSE,CSE-1,2026-2027,7,prisha.bhat.1342@smartcampus.edu,9852528745
Sai Shah,2004-08-04,EEE,EEE-2,2026-2027,7,sai.shah.1343@smartcampus.edu,9886992267
Shreya Kumar,2005-02-11,CSM,CSM-1,2026-2027,7,shreya.kumar.1344@smartcampus.edu,9817975724
Kabir Gupta,2003-09-20,CSE,CSE-2,2026-2027,7,kabir.gupta.1345@smartcampus.edu,9847167052
Atharva Das,2006-09-12,CSE,CSE-2,2026-2027,7,atharva.das.1346@smartcampus.edu,9815439713
Ananya Deshmukh,2005-09-04,CSE,CSE-3,2026-2027,3,ananya.deshmukh.1347@smartcampus.edu,9834763679
Manish Kapoor,2003-04-07,ECE,ECE-1,2026-2027,7,manish.kapoor.1348@smartcampus.edu,9874159864
Advaith Agarwal,2005-05-05,CSE,CSE-2,2026-2027,7,advaith.agarwal.1349@smartcampus.edu,9863565647
Divya Ghosh,2005-03-07,CAD,CAD-1,2026-2027,7,divya.ghosh.1350@smartcampus.edu,9892074579
Rahul Choudhury,2006-09-10,CAD,CAD-2,2026-2027,7,rahul.choudhury.1351@smartcampus.edu,9834488905
Varun Patil,2003-08-20,CSM,CSM-2,2026-2027,7,varun.patil.1352@smartcampus.edu,9883725303
Siya Sharma,2004-11-11,MECH,MECH-1,2026-2027,5,siya.sharma.1353@smartcampus.edu,9863056342
Sara Ghosh,2003-11-19,EEE,EEE-1,2026-2027,7,sara.ghosh.1354@smartcampus.edu,9888520069
Dhruv Mishra,2004-07-19,EEE,EEE-1,2026-2027,7,dhruv.mishra.1355@smartcampus.edu,9836363781
Arjun Mishra,2006-12-25,CAD,CAD-2,2026-2027,5,arjun.mishra.1356@smartcampus.edu,9868112137
Simran Bhat,2003-02-26,EEE,EEE-1,2026-2027,7,simran.bhat.1357@smartcampus.edu,9858807713
Pranav Patel,2003-08-05,CSM,CSM-2,2026-2027,5,pranav.patel.1358@smartcampus.edu,9887463478
Preeti Reddy,2005-06-22,CSE,CSE-1,2026-2027,7,preeti.reddy.1359@smartcampus.edu,9849388295
Aditya Nair,2004-07-12,EEE,EEE-2,2026-2027,5,aditya.nair.1360@smartcampus.edu,9811801469
Harish Joshi,2005-08-24,CSM,CSM-2,2026-2027,5,harish.joshi.1361@smartcampus.edu,9887352032
Siddharth Kumar,2006-04-25,CAD,CAD-1,2026-2027,3,siddharth.kumar.1362@smartcampus.edu,9827693354
Advaith Patil,2004-03-08,ECE,ECE-1,2026-2027,7,advaith.patil.1363@smartcampus.edu,9836060815
Kunal Choudhury,2006-06-03,EEE,EEE-1,2026-2027,3,kunal.choudhury.1364@smartcampus.edu,9858987822
Tanvi Verma,2006-08-08,CAD,CAD-1,2026-2027,3,tanvi.verma.1365@smartcampus.edu,9847700822
Pari Bose,2003-04-30,CSM,CSM-1,2026-2027,3,pari.bose.1366@smartcampus.edu,9811205120
Rahul Singh,2003-01-13,ECE,ECE-2,2026-2027,7,rahul.singh.1367@smartcampus.edu,9867361255
Aarav Shah,2003-05-31,EEE,EEE-1,2026-2027,5,aarav.shah.1368@smartcampus.edu,9878289042
Vivaan Mishra,2004-02-09,CSM,CSM-1,2026-2027,5,vivaan.mishra.1369@smartcampus.edu,9836344772
Rahul Mishra,2003-12-08,MECH,MECH-2,2026-2027,7,rahul.mishra.1370@smartcampus.edu,9855189126
Veda Kapoor,2006-12-11,CSE,CSE-3,2026-2027,5,veda.kapoor.1371@smartcampus.edu,9835374385
Gautam Iyer,2005-06-07,EEE,EEE-2,2026-2027,5,gautam.iyer.1372@smartcampus.edu,9817641855
Riya Sharma,2005-03-30,CSE,CSE-2,2026-2027,5,riya.sharma.1373@smartcampus.edu,9831104983
Pari Shah,2003-12-22,CSE,CSE-3,2026-2027,7,pari.shah.1374@smartcampus.edu,9842265689
Tanvi Kumar,2005-06-06,CSE,CSE-3,2026-2027,3,tanvi.kumar.1375@smartcampus.edu,9819234154
Veda Choudhury,2003-11-22,CSM,CSM-1,2026-2027,7,veda.choudhury.1376@smartcampus.edu,9895598364
Simran Verma,2004-01-04,CSM,CSM-2,2026-2027,3,simran.verma.1377@smartcampus.edu,9844417220
Deepak Saxena,2005-02-12,CSE,CSE-2,2026-2027,3,deepak.saxena.1378@smartcampus.edu,9827686149
Krishna Malhotra,2004-08-07,MECH,MECH-2,2026-2027,3,krishna.malhotra.1379@smartcampus.edu,9838666283
Simran Agarwal,2003-02-17,EEE,EEE-1,2026-2027,5,simran.agarwal.1380@smartcampus.edu,9830968202
Ritu Iyer,2006-05-22,ECE,ECE-1,2026-2027,5,ritu.iyer.1381@smartcampus.edu,9886949105
Aaryan Chopra,2004-07-26,MECH,MECH-1,2026-2027,5,aaryan.chopra.1382@smartcampus.edu,9823458280
Harish Chatterjee,2004-01-16,CSE,CSE-3,2026-2027,7,harish.chatterjee.1383@smartcampus.edu,9869866071
Khushi Patel,2004-10-11,CSE,CSE-3,2026-2027,3,khushi.patel.1384@smartcampus.edu,9825630524
Rohan Kulkarni,2005-05-05,CSE,CSE-3,2026-2027,5,rohan.kulkarni.1385@smartcampus.edu,9831734480
Veda Malhotra,2006-01-01,CSE,CSE-3,2026-2027,5,veda.malhotra.1386@smartcampus.edu,9864997015
Vikram Joshi,2004-10-08,CSM,CSM-1,2026-2027,5,vikram.joshi.1387@smartcampus.edu,9848348428
Advaith Banerjee,2006-12-20,CSE,CSE-3,2026-2027,7,advaith.banerjee.1388@smartcampus.edu,9862366391
Kabir Deshmukh,2006-06-03,CAD,CAD-1,2026-2027,7,kabir.deshmukh.1389@smartcampus.edu,9892179221
Zoya Rao,2006-12-17,CSM,CSM-1,2026-2027,7,zoya.rao.1390@smartcampus.edu,9867094167
Kavya Patil,2004-04-21,CSE,CSE-2,2026-2027,7,kavya.patil.1391@smartcampus.edu,9813268914
Nikhil Chatterjee,2004-09-21,ECE,ECE-1,2026-2027,3,nikhil.chatterjee.1392@smartcampus.edu,9894188183
Khushi Bose,2004-12-21,MECH,MECH-1,2026-2027,5,khushi.bose.1393@smartcampus.edu,9863786306
Zoya Choudhury,2005-05-10,EEE,EEE-2,2026-2027,3,zoya.choudhury.1394@smartcampus.edu,9893918627
Simran Mehta,2004-04-27,CSE,CSE-3,2026-2027,5,simran.mehta.1395@smartcampus.edu,9896062235
Aditya Sharma,2004-04-19,CSE,CSE-3,2026-2027,5,aditya.sharma.1396@smartcampus.edu,9865243494
Riya Mishra,2005-10-20,CSM,CSM-1,2026-2027,5,riya.mishra.1397@smartcampus.edu,9832394790
Swati Patil,2004-05-18,MECH,MECH-1,2026-2027,3,swati.patil.1398@smartcampus.edu,9884484441
Anjali Singh,2003-03-31,CSE,CSE-1,2026-2027,3,anjali.singh.1399@smartcampus.edu,9889909472
Deepak Shah,2004-10-09,CAD,CAD-2,2026-2027,5,deepak.shah.1400@smartcampus.edu,9853515552
Prisha Mishra,2003-11-15,ECE,ECE-1,2026-2027,7,prisha.mishra.1401@smartcampus.edu,9816462357
Gautam Malhotra,2004-12-27,ECE,ECE-1,2026-2027,3,gautam.malhotra.1402@smartcampus.edu,9826183328
Aditya Mehta,2005-12-08,CAD,CAD-2,2026-2027,5,aditya.mehta.1403@smartcampus.edu,9825517028
Priya Saxena,2003-04-13,MECH,MECH-1,2026-2027,3,priya.saxena.1404@smartcampus.edu,9898201563
Kabir Shah,2005-02-15,ECE,ECE-1,2026-2027,7,kabir.shah.1405@smartcampus.edu,9822188843
Vikram Mehta,2006-10-23,EEE,EEE-2,2026-2027,7,vikram.mehta.1406@smartcampus.edu,9877680369
Ananya Chatterjee,2005-05-31,ECE,ECE-2,2026-2027,7,ananya.chatterjee.1407@smartcampus.edu,9861062381
Vivaan Ghosh,2005-04-02,CSM,CSM-2,2026-2027,3,vivaan.ghosh.1408@smartcampus.edu,9878546255
Navya Rao,2006-04-11,CSE,CSE-2,2026-2027,7,navya.rao.1409@smartcampus.edu,9815782342
Prisha Mehta,2005-04-28,MECH,MECH-1,2026-2027,5,prisha.mehta.1410@smartcampus.edu,9886595859
Ishaan Agarwal,2004-12-26,MECH,MECH-1,2026-2027,3,ishaan.agarwal.1411@smartcampus.edu,9892247241
Vikram Sharma,2003-05-30,CAD,CAD-2,2026-2027,7,vikram.sharma.1412@smartcampus.edu,9826940635
Nikhil Verma,2005-06-21,CSE,CSE-2,2026-2027,5,nikhil.verma.1413@smartcampus.edu,9896614346
Divya Mehta,2003-04-24,MECH,MECH-2,2026-2027,3,divya.mehta.1414@smartcampus.edu,9894799857
Preeti Malhotra,2003-04-10,MECH,MECH-1,2026-2027,7,preeti.malhotra.1415@smartcampus.edu,9834331505
Advik Chopra,2005-07-26,CSE,CSE-1,2026-2027,7,advik.chopra.1416@smartcampus.edu,9874558786
Aarav Sharma,2003-02-04,ECE,ECE-2,2026-2027,3,aarav.sharma.1417@smartcampus.edu,9888772215
Manish Patel,2003-11-28,CAD,CAD-1,2026-2027,5,manish.patel.1418@smartcampus.edu,9825896803
Navya Patil,2003-04-16,CAD,CAD-1,2026-2027,3,navya.patil.1419@smartcampus.edu,9889254435
Zoya Banerjee,2004-10-11,ECE,ECE-2,2026-2027,7,zoya.banerjee.1420@smartcampus.edu,9874015952
Riya Agarwal,2003-05-03,CSM,CSM-2,2026-2027,3,riya.agarwal.1421@smartcampus.edu,9840400714
Sai Pandey,2005-12-31,CSM,CSM-2,2026-2027,5,sai.pandey.1422@smartcampus.edu,9834046265
Sneha Das,2006-04-03,CSE,CSE-3,2026-2027,5,sneha.das.1423@smartcampus.edu,9824131967
Gauri Bose,2004-09-21,ECE,ECE-2,2026-2027,3,gauri.bose.1424@smartcampus.edu,9834100174
Rahul Rao,2004-08-27,CSE,CSE-2,2026-2027,7,rahul.rao.1425@smartcampus.edu,9879672503
Ananya Singh,2006-05-14,ECE,ECE-1,2026-2027,5,ananya.singh.1426@smartcampus.edu,9833477029
Sneha Shah,2005-01-31,CSE,CSE-3,2026-2027,3,sneha.shah.1427@smartcampus.edu,9820063463
Anjali Malhotra,2006-10-27,CSE,CSE-2,2026-2027,7,anjali.malhotra.1428@smartcampus.edu,9892834767
Kavya Choudhury,2003-03-31,MECH,MECH-1,2026-2027,7,kavya.choudhury.1429@smartcampus.edu,9820450528
Shaurya Das,2006-03-25,MECH,MECH-2,2026-2027,5,shaurya.das.1430@smartcampus.edu,9856062108
Pranav Verma,2003-02-02,ECE,ECE-1,2026-2027,7,pranav.verma.1431@smartcampus.edu,9843233015
Vikram Deshmukh,2005-01-07,CSE,CSE-1,2026-2027,7,vikram.deshmukh.1432@smartcampus.edu,9842913249
Vivaan Chatterjee,2003-02-28,MECH,MECH-2,2026-2027,5,vivaan.chatterjee.1433@smartcampus.edu,9860922529
Zoya Verma,2003-03-27,CAD,CAD-1,2026-2027,3,zoya.verma.1434@smartcampus.edu,9877009381
Krishna Mehta,2003-01-11,CSE,CSE-3,2026-2027,5,krishna.mehta.1435@smartcampus.edu,9863443375
Tanvi Verma,2006-10-13,CSE,CSE-2,2026-2027,5,tanvi.verma.1436@smartcampus.edu,9868955856
Vikram Gupta,2006-04-30,CSE,CSE-2,2026-2027,3,vikram.gupta.1437@smartcampus.edu,9882852275
Ayaan Patil,2005-06-20,ECE,ECE-2,2026-2027,5,ayaan.patil.1438@smartcampus.edu,9821587036
Sara Kapoor,2004-09-23,ECE,ECE-2,2026-2027,3,sara.kapoor.1439@smartcampus.edu,9873093365
Kavya Bose,2005-03-29,CAD,CAD-1,2026-2027,5,kavya.bose.1440@smartcampus.edu,9871136778
Sara Malhotra,2005-01-22,CSE,CSE-2,2026-2027,7,sara.malhotra.1441@smartcampus.edu,9835480658
Zoya Nair,2006-10-30,ECE,ECE-2,2026-2027,3,zoya.nair.1442@smartcampus.edu,9869175940
Gautam Chopra,2005-04-03,CSE,CSE-2,2026-2027,3,gautam.chopra.1443@smartcampus.edu,9898973653
Shaurya Joshi,2005-12-18,CSE,CSE-2,2026-2027,3,shaurya.joshi.1444@smartcampus.edu,9896077280
Veda Singh,2004-01-10,CSM,CSM-1,2026-2027,5,veda.singh.1445@smartcampus.edu,9878037920
Reyansh Bhat,2005-02-20,CSM,CSM-1,2026-2027,3,reyansh.bhat.1446@smartcampus.edu,9846604480
Pooja Mehta,2006-03-20,MECH,MECH-2,2026-2027,7,pooja.mehta.1447@smartcampus.edu,9848324768
Anjali Patil,2006-05-26,ECE,ECE-2,2026-2027,7,anjali.patil.1448@smartcampus.edu,9833278485
Aditya Reddy,2003-09-22,CSE,CSE-1,2026-2027,3,aditya.reddy.1449@smartcampus.edu,9831712989
Gauri Patel,2006-05-18,CAD,CAD-2,2026-2027,7,gauri.patel.1450@smartcampus.edu,9879859122
Vikram Banerjee,2006-06-29,CAD,CAD-1,2026-2027,5,vikram.banerjee.1451@smartcampus.edu,9868010624
Deepak Rao,2004-02-16,CSE,CSE-3,2026-2027,3,deepak.rao.1452@smartcampus.edu,9890788718
Reyansh Pandey,2005-11-30,CSM,CSM-1,2026-2027,5,reyansh.pandey.1453@smartcampus.edu,9812342567
Ritu Chatterjee,2006-04-08,ECE,ECE-2,2026-2027,7,ritu.chatterjee.1454@smartcampus.edu,9844185188
Varun Kumar,2004-02-07,MECH,MECH-1,2026-2027,5,varun.kumar.1455@smartcampus.edu,9863145292
Advik Chopra,2006-10-28,CSE,CSE-2,2026-2027,3,advik.chopra.1456@smartcampus.edu,9836484623
Nikhil Chopra,2004-11-08,CSE,CSE-1,2026-2027,7,nikhil.chopra.1457@smartcampus.edu,9873837521
Aaryan Chopra,2006-05-16,CSE,CSE-3,2026-2027,5,aaryan.chopra.1458@smartcampus.edu,9833213417
Ananya Singh,2006-01-23,CSM,CSM-2,2026-2027,3,ananya.singh.1459@smartcampus.edu,9861422115
Pooja Deshmukh,2004-05-02,ECE,ECE-2,2026-2027,5,pooja.deshmukh.1460@smartcampus.edu,9864504184
Advaith Mishra,2004-06-16,ECE,ECE-2,2026-2027,3,advaith.mishra.1461@smartcampus.edu,9813337316
Saanvi Agarwal,2005-08-27,CSM,CSM-2,2026-2027,3,saanvi.agarwal.1462@smartcampus.edu,9882311372
Ayaan Patil,2005-12-26,CSM,CSM-1,2026-2027,3,ayaan.patil.1463@smartcampus.edu,9890061575
Tanvi Joshi,2005-04-26,CAD,CAD-1,2026-2027,3,tanvi.joshi.1464@smartcampus.edu,9815819956
Ishita Singh,2004-05-29,CAD,CAD-2,2026-2027,5,ishita.singh.1465@smartcampus.edu,9812801284
Rahul Reddy,2003-02-23,CSM,CSM-2,2026-2027,3,rahul.reddy.1466@smartcampus.edu,9828700823
Deepak Reddy,2006-08-03,CAD,CAD-1,2026-2027,5,deepak.reddy.1467@smartcampus.edu,9870918167
Zoya Gupta,2005-02-14,CSE,CSE-3,2026-2027,7,zoya.gupta.1468@smartcampus.edu,9820835199
Riya Bose,2004-05-04,MECH,MECH-2,2026-2027,3,riya.bose.1469@smartcampus.edu,9874977486
Myra Verma,2005-12-05,CAD,CAD-2,2026-2027,5,myra.verma.1470@smartcampus.edu,9884992028
Prisha Malhotra,2004-11-21,CAD,CAD-1,2026-2027,3,prisha.malhotra.1471@smartcampus.edu,9892323055
Rithvik Das,2004-10-24,CSM,CSM-2,2026-2027,7,rithvik.das.1472@smartcampus.edu,9852829930
Harish Iyer,2006-01-23,CSE,CSE-3,2026-2027,7,harish.iyer.1473@smartcampus.edu,9850967929
Vikram Shah,2004-06-01,CSE,CSE-1,2026-2027,5,vikram.shah.1474@smartcampus.edu,9836427028
Priya Saxena,2003-05-17,MECH,MECH-2,2026-2027,7,priya.saxena.1475@smartcampus.edu,9830974987
Khushi Patel,2004-08-01,ECE,ECE-1,2026-2027,5,khushi.patel.1476@smartcampus.edu,9825220298
Neha Verma,2004-03-13,CAD,CAD-2,2026-2027,3,neha.verma.1477@smartcampus.edu,9842173858
Diya Bose,2003-01-23,ECE,ECE-2,2026-2027,7,diya.bose.1478@smartcampus.edu,9840610652
Neha Malhotra,2006-04-20,CSE,CSE-2,2026-2027,3,neha.malhotra.1479@smartcampus.edu,9857406143
Arjun Saxena,2004-11-06,EEE,EEE-1,2026-2027,5,arjun.saxena.1480@smartcampus.edu,9863531628
Ritu Joshi,2003-08-24,ECE,ECE-2,2026-2027,7,ritu.joshi.1481@smartcampus.edu,9853399670
Khushi Agarwal,2006-05-29,CSE,CSE-3,2026-2027,7,khushi.agarwal.1482@smartcampus.edu,9888257687
Preeti Kumar,2003-05-31,CSE,CSE-2,2026-2027,3,preeti.kumar.1483@smartcampus.edu,9864475617
Divya Ghosh,2003-03-04,MECH,MECH-1,2026-2027,3,divya.ghosh.1484@smartcampus.edu,9865249394
Simran Pandey,2006-10-23,CSE,CSE-1,2026-2027,5,simran.pandey.1485@smartcampus.edu,9813503277
Riya Gupta,2005-08-11,ECE,ECE-2,2026-2027,7,riya.gupta.1486@smartcampus.edu,9883106467
Zoya Patel,2004-09-16,CSE,CSE-2,2026-2027,7,zoya.patel.1487@smartcampus.edu,9818173310
Navya Choudhury,2003-12-16,CSE,CSE-3,2026-2027,5,navya.choudhury.1488@smartcampus.edu,9893482581
Navya Verma,2004-04-01,CSM,CSM-2,2026-2027,3,navya.verma.1489@smartcampus.edu,9862549759
Ritu Banerjee,2006-05-18,CSE,CSE-3,2026-2027,5,ritu.banerjee.1490@smartcampus.edu,9888478542
Vikram Chatterjee,2006-07-25,CSM,CSM-2,2026-2027,7,vikram.chatterjee.1491@smartcampus.edu,9886511765
Ananya Patil,2004-09-16,CAD,CAD-2,2026-2027,7,ananya.patil.1492@smartcampus.edu,9862994312
Pari Kulkarni,2004-05-14,CSM,CSM-2,2026-2027,5,pari.kulkarni.1493@smartcampus.edu,9894688689
Dhruv Ghosh,2006-08-27,EEE,EEE-1,2026-2027,3,dhruv.ghosh.1494@smartcampus.edu,9831320066
Pooja Kumar,2003-04-19,CSM,CSM-2,2026-2027,5,pooja.kumar.1495@smartcampus.edu,9888138180
Zoya Ghosh,2005-11-02,MECH,MECH-1,2026-2027,3,zoya.ghosh.1496@smartcampus.edu,9857850508
Pooja Pandey,2004-10-04,CSE,CSE-1,2026-2027,3,pooja.pandey.1497@smartcampus.edu,9834789504
Sai Bhat,2003-08-31,CSE,CSE-1,2026-2027,3,sai.bhat.1498@smartcampus.edu,9896483444
Meera Chatterjee,2005-06-24,CSM,CSM-1,2026-2027,7,meera.chatterjee.1499@smartcampus.edu,9826942798
Aaryan Sharma,2006-02-14,CSE,CSE-2,2026-2027,7,aaryan.sharma.1500@smartcampus.edu,9836593223
Vikram Verma,2004-09-24,CSM,CSM-1,2026-2027,5,vikram.verma.1501@smartcampus.edu,9828489382
Zoya Patel,2005-04-19,CSM,CSM-2,2026-2027,5,zoya.patel.1502@smartcampus.edu,9838628675
Simran Reddy,2004-04-24,CSM,CSM-2,2026-2027,3,simran.reddy.1503@smartcampus.edu,9876132304
Khushi Kulkarni,2005-04-14,ECE,ECE-1,2026-2027,3,khushi.kulkarni.1504@smartcampus.edu,9875712494
Gautam Agarwal,2004-09-02,CSE,CSE-2,2026-2027,5,gautam.agarwal.1505@smartcampus.edu,9842203429
Harish Mishra,2003-04-02,CSM,CSM-2,2026-2027,7,harish.mishra.1506@smartcampus.edu,9812233416
Reyansh Rao,2006-07-27,ECE,ECE-2,2026-2027,3,reyansh.rao.1507@smartcampus.edu,9810742278
Vihaan Patil,2006-01-11,MECH,MECH-1,2026-2027,3,vihaan.patil.1508@smartcampus.edu,9853280006
Vikram Chatterjee,2006-05-02,CAD,CAD-1,2026-2027,3,vikram.chatterjee.1509@smartcampus.edu,9850202746
Ananya Bose,2006-10-27,CSE,CSE-3,2026-2027,3,ananya.bose.1510@smartcampus.edu,9849947604
Saanvi Singh,2004-02-23,MECH,MECH-1,2026-2027,5,saanvi.singh.1511@smartcampus.edu,9823753006
Gauri Kumar,2006-04-12,EEE,EEE-2,2026-2027,7,gauri.kumar.1512@smartcampus.edu,9865109067
Vihaan Pandey,2004-05-26,ECE,ECE-1,2026-2027,7,vihaan.pandey.1513@smartcampus.edu,9869975864
Vikram Chopra,2005-04-24,EEE,EEE-2,2026-2027,7,vikram.chopra.1514@smartcampus.edu,9861139086
Ritu Iyer,2006-07-14,CSE,CSE-1,2026-2027,5,ritu.iyer.1515@smartcampus.edu,9895019544
Veda Agarwal,2003-04-03,EEE,EEE-1,2026-2027,3,veda.agarwal.1516@smartcampus.edu,9815050738
Simran Kulkarni,2003-07-01,ECE,ECE-2,2026-2027,3,simran.kulkarni.1517@smartcampus.edu,9851091171
Kavya Malhotra,2003-05-17,CSE,CSE-2,2026-2027,7,kavya.malhotra.1518@smartcampus.edu,9814015655
Riya Kapoor,2005-10-09,CSM,CSM-2,2026-2027,5,riya.kapoor.1519@smartcampus.edu,9838900935
Pari Patel,2003-05-27,MECH,MECH-1,2026-2027,5,pari.patel.1520@smartcampus.edu,9824973266
Aaryan Iyer,2005-07-16,CSE,CSE-2,2026-2027,3,aaryan.iyer.1521@smartcampus.edu,9823439415
Shreya Malhotra,2004-07-28,MECH,MECH-1,2026-2027,7,shreya.malhotra.1522@smartcampus.edu,9812152532
Riya Patel,2005-05-03,CSE,CSE-3,2026-2027,5,riya.patel.1523@smartcampus.edu,9811192414
Preeti Banerjee,2006-02-14,ECE,ECE-1,2026-2027,5,preeti.banerjee.1524@smartcampus.edu,9848153846
Ishaan Bhat,2004-05-15,MECH,MECH-1,2026-2027,7,ishaan.bhat.1525@smartcampus.edu,9826737737
Swati Bose,2004-05-22,ECE,ECE-1,2026-2027,5,swati.bose.1526@smartcampus.edu,9826191259
Zoya Rao,2005-11-21,CSM,CSM-1,2026-2027,5,zoya.rao.1527@smartcampus.edu,9860302273
Rahul Patil,2006-12-26,CSE,CSE-2,2026-2027,5,rahul.patil.1528@smartcampus.edu,9840252623
Sara Kumar,2004-10-08,CSE,CSE-1,2026-2027,3,sara.kumar.1529@smartcampus.edu,9861465552
Siya Iyer,2006-04-04,CSM,CSM-1,2026-2027,3,siya.iyer.1530@smartcampus.edu,9898374108
Shaurya Agarwal,2004-09-10,CSE,CSE-3,2026-2027,5,shaurya.agarwal.1531@smartcampus.edu,9878689776
Navya Verma,2003-03-14,ECE,ECE-2,2026-2027,7,navya.verma.1532@smartcampus.edu,9819202466
Riya Deshmukh,2005-04-13,CSE,CSE-3,2026-2027,3,riya.deshmukh.1533@smartcampus.edu,9844196962
Saanvi Mehta,2004-03-27,ECE,ECE-2,2026-2027,7,saanvi.mehta.1534@smartcampus.edu,9853835730
Arjun Mishra,2006-04-17,ECE,ECE-1,2026-2027,5,arjun.mishra.1535@smartcampus.edu,9881178742
Advaith Verma,2004-02-25,EEE,EEE-2,2026-2027,3,advaith.verma.1536@smartcampus.edu,9856335403
Priya Sharma,2006-01-17,CSM,CSM-2,2026-2027,5,priya.sharma.1537@smartcampus.edu,9882839965
Siddharth Mishra,2003-02-15,CSM,CSM-1,2026-2027,3,siddharth.mishra.1538@smartcampus.edu,9810415935
Navya Choudhury,2005-01-28,ECE,ECE-2,2026-2027,7,navya.choudhury.1539@smartcampus.edu,9879450749
Ananya Kumar,2004-01-26,EEE,EEE-2,2026-2027,7,ananya.kumar.1540@smartcampus.edu,9817341286
Meera Nair,2006-08-21,EEE,EEE-1,2026-2027,5,meera.nair.1541@smartcampus.edu,9896649446
Sunita Chopra,2005-07-24,ECE,ECE-2,2026-2027,3,sunita.chopra.1542@smartcampus.edu,9867114260
Pooja Choudhury,2006-05-13,CSM,CSM-1,2026-2027,5,pooja.choudhury.1543@smartcampus.edu,9846028206
Sunita Reddy,2004-07-23,CAD,CAD-2,2026-2027,5,sunita.reddy.1544@smartcampus.edu,9858730417
Veda Malhotra,2006-05-15,CSM,CSM-1,2026-2027,7,veda.malhotra.1545@smartcampus.edu,9844423074
Neha Nair,2006-03-23,CSE,CSE-1,2026-2027,3,neha.nair.1546@smartcampus.edu,9848261611
Krishna Kumar,2006-08-05,CSM,CSM-1,2026-2027,7,krishna.kumar.1547@smartcampus.edu,9877654334
Siya Saxena,2005-01-04,MECH,MECH-1,2026-2027,5,siya.saxena.1548@smartcampus.edu,9851919532
Ritu Singh,2006-03-09,CSM,CSM-1,2026-2027,3,ritu.singh.1549@smartcampus.edu,9855965689
Advaith Kumar,2004-12-14,CSM,CSM-1,2026-2027,7,advaith.kumar.1550@smartcampus.edu,9898247994
Swati Joshi,2004-09-14,CSE,CSE-3,2026-2027,5,swati.joshi.1551@smartcampus.edu,9810736066
Saanvi Das,2004-09-27,CSE,CSE-1,2026-2027,5,saanvi.das.1552@smartcampus.edu,9831030734
Neha Kapoor,2004-12-05,ECE,ECE-1,2026-2027,7,neha.kapoor.1553@smartcampus.edu,9837614156
Saanvi Rao,2005-05-16,EEE,EEE-2,2026-2027,5,saanvi.rao.1554@smartcampus.edu,9885972721
Myra Mehta,2005-05-12,EEE,EEE-1,2026-2027,3,myra.mehta.1555@smartcampus.edu,9878512914
Arjun Patil,2004-09-29,CSE,CSE-3,2026-2027,3,arjun.patil.1556@smartcampus.edu,9864435142
Myra Bhat,2003-11-22,MECH,MECH-2,2026-2027,5,myra.bhat.1557@smartcampus.edu,9824479342
Aditya Iyer,2003-07-19,MECH,MECH-1,2026-2027,5,aditya.iyer.1558@smartcampus.edu,9862401355
Reyansh Kumar,2006-03-08,CSM,CSM-2,2026-2027,5,reyansh.kumar.1559@smartcampus.edu,9853137854
Sneha Pandey,2004-04-05,CSM,CSM-2,2026-2027,3,sneha.pandey.1560@smartcampus.edu,9872988786
Priya Sharma,2006-05-04,CSM,CSM-1,2026-2027,7,priya.sharma.1561@smartcampus.edu,9865660340
Vikram Joshi,2006-11-01,EEE,EEE-1,2026-2027,3,vikram.joshi.1562@smartcampus.edu,9852092996
Harish Bhat,2003-11-16,CSM,CSM-1,2026-2027,3,harish.bhat.1563@smartcampus.edu,9821436372
Vikram Sharma,2003-01-27,ECE,ECE-1,2026-2027,7,vikram.sharma.1564@smartcampus.edu,9838016767
Veda Gupta,2003-06-24,CSE,CSE-2,2026-2027,3,veda.gupta.1565@smartcampus.edu,9887445821
Sneha Mishra,2006-12-26,EEE,EEE-2,2026-2027,7,sneha.mishra.1566@smartcampus.edu,9865713417
Preeti Deshmukh,2003-02-09,CSM,CSM-1,2026-2027,7,preeti.deshmukh.1567@smartcampus.edu,9827435308
Veda Pandey,2005-10-29,MECH,MECH-2,2026-2027,3,veda.pandey.1568@smartcampus.edu,9824996388
Siya Chatterjee,2005-06-22,CSE,CSE-1,2026-2027,7,siya.chatterjee.1569@smartcampus.edu,9826451614
Veda Iyer,2006-05-14,CSM,CSM-2,2026-2027,3,veda.iyer.1570@smartcampus.edu,9827824110
Zoya Bhat,2006-06-08,ECE,ECE-1,2026-2027,5,zoya.bhat.1571@smartcampus.edu,9853186597
Anjali Chopra,2004-06-10,EEE,EEE-1,2026-2027,5,anjali.chopra.1572@smartcampus.edu,9878804513
Gauri Sharma,2006-05-22,CSE,CSE-3,2026-2027,5,gauri.sharma.1573@smartcampus.edu,9822144580
Saanvi Kumar,2004-02-24,EEE,EEE-2,2026-2027,3,saanvi.kumar.1574@smartcampus.edu,9856584988
Dhruv Deshmukh,2003-11-26,ECE,ECE-1,2026-2027,5,dhruv.deshmukh.1575@smartcampus.edu,9836836486
Khushi Singh,2005-04-28,CSE,CSE-3,2026-2027,7,khushi.singh.1576@smartcampus.edu,9855861622
Tanvi Reddy,2006-10-07,CAD,CAD-1,2026-2027,7,tanvi.reddy.1577@smartcampus.edu,9893431482
Kunal Kulkarni,2006-02-26,CSM,CSM-1,2026-2027,7,kunal.kulkarni.1578@smartcampus.edu,9851038373
Vivaan Shah,2005-04-26,CSE,CSE-2,2026-2027,5,vivaan.shah.1579@smartcampus.edu,9864627805
Ayaan Kulkarni,2004-10-31,MECH,MECH-2,2026-2027,5,ayaan.kulkarni.1580@smartcampus.edu,9846815505
Shaurya Banerjee,2005-04-17,MECH,MECH-2,2026-2027,5,shaurya.banerjee.1581@smartcampus.edu,9826621634
Ishita Pandey,2005-01-15,CSM,CSM-2,2026-2027,5,ishita.pandey.1582@smartcampus.edu,9891677646
Vihaan Iyer,2003-09-28,CSE,CSE-1,2026-2027,5,vihaan.iyer.1583@smartcampus.edu,9897402626
Ishita Pandey,2006-10-17,CSE,CSE-2,2026-2027,7,ishita.pandey.1584@smartcampus.edu,9833652726
Neha Rao,2004-04-21,ECE,ECE-1,2026-2027,7,neha.rao.1585@smartcampus.edu,9885012547
Shaurya Kapoor,2004-06-06,ECE,ECE-2,2026-2027,5,shaurya.kapoor.1586@smartcampus.edu,9844536659
Ritu Saxena,2006-10-28,CSE,CSE-2,2026-2027,7,ritu.saxena.1587@smartcampus.edu,9816391144
Aarav Verma,2005-04-07,CSE,CSE-2,2026-2027,5,aarav.verma.1588@smartcampus.edu,9896830760
Diya Deshmukh,2003-12-13,ECE,ECE-1,2026-2027,3,diya.deshmukh.1589@smartcampus.edu,9846559384
Rithvik Das,2004-01-22,ECE,ECE-2,2026-2027,3,rithvik.das.1590@smartcampus.edu,9815404082
Simran Bhat,2003-02-12,CAD,CAD-1,2026-2027,5,simran.bhat.1591@smartcampus.edu,9882048209
Veda Verma,2006-08-17,ECE,ECE-1,2026-2027,3,veda.verma.1592@smartcampus.edu,9827701759
Aditya Saxena,2004-11-17,ECE,ECE-1,2026-2027,3,aditya.saxena.1593@smartcampus.edu,9884357299
Pranav Bhat,2004-01-10,CSM,CSM-2,2026-2027,3,pranav.bhat.1594@smartcampus.edu,9857067680
Navya Patil,2005-12-28,ECE,ECE-1,2026-2027,7,navya.patil.1595@smartcampus.edu,9823607143
Priya Iyer,2003-01-15,CSE,CSE-2,2026-2027,7,priya.iyer.1596@smartcampus.edu,9898720140
Meera Joshi,2003-07-19,CSE,CSE-3,2026-2027,5,meera.joshi.1597@smartcampus.edu,9834261146
Kabir Gupta,2006-04-20,ECE,ECE-1,2026-2027,7,kabir.gupta.1598@smartcampus.edu,9810513413
Vikram Shah,2006-07-05,CSE,CSE-2,2026-2027,5,vikram.shah.1599@smartcampus.edu,9899385654
Reyansh Kapoor,2004-06-25,CSM,CSM-1,2026-2027,7,reyansh.kapoor.1600@smartcampus.edu,9864417213
Tanvi Iyer,2004-08-12,CSE,CSE-3,2026-2027,5,tanvi.iyer.1601@smartcampus.edu,9833350449
Veda Joshi,2005-10-20,CSE,CSE-3,2026-2027,7,veda.joshi.1602@smartcampus.edu,9889546111
Sai Nair,2003-04-26,ECE,ECE-1,2026-2027,5,sai.nair.1603@smartcampus.edu,9846258282
Swati Singh,2005-01-23,CSE,CSE-3,2026-2027,5,swati.singh.1604@smartcampus.edu,9893687976
Nikhil Kulkarni,2006-11-26,CAD,CAD-1,2026-2027,7,nikhil.kulkarni.1605@smartcampus.edu,9844931886
Ritu Das,2003-02-14,CAD,CAD-2,2026-2027,5,ritu.das.1606@smartcampus.edu,9825494986
Aditya Mishra,2006-10-28,EEE,EEE-2,2026-2027,5,aditya.mishra.1607@smartcampus.edu,9875172432
Pari Gupta,2006-05-29,CSM,CSM-2,2026-2027,7,pari.gupta.1608@smartcampus.edu,9878459840
Pranav Chopra,2003-04-29,CSM,CSM-2,2026-2027,5,pranav.chopra.1609@smartcampus.edu,9818694987
Reyansh Kumar,2005-04-21,CSE,CSE-2,2026-2027,5,reyansh.kumar.1610@smartcampus.edu,9868685555
Rohan Rao,2006-09-18,CSE,CSE-1,2026-2027,3,rohan.rao.1611@smartcampus.edu,9877086400
Varun Iyer,2004-05-11,ECE,ECE-1,2026-2027,5,varun.iyer.1612@smartcampus.edu,9868354508
Dhruv Banerjee,2004-10-15,ECE,ECE-1,2026-2027,7,dhruv.banerjee.1613@smartcampus.edu,9861899712
Veda Mehta,2004-06-22,CSE,CSE-1,2026-2027,5,veda.mehta.1614@smartcampus.edu,9880721912
Myra Verma,2005-02-11,CSM,CSM-2,2026-2027,5,myra.verma.1615@smartcampus.edu,9834671083
Kunal Singh,2003-10-15,CAD,CAD-1,2026-2027,3,kunal.singh.1616@smartcampus.edu,9879899770
Advik Deshmukh,2004-03-08,CSE,CSE-2,2026-2027,3,advik.deshmukh.1617@smartcampus.edu,9834112500
Myra Bhat,2003-05-19,CSM,CSM-1,2026-2027,5,myra.bhat.1618@smartcampus.edu,9866202842
Kabir Singh,2003-09-28,MECH,MECH-2,2026-2027,3,kabir.singh.1619@smartcampus.edu,9861654325
Diya Gupta,2005-02-15,CSE,CSE-3,2026-2027,3,diya.gupta.1620@smartcampus.edu,9826715887
Advaith Kulkarni,2006-01-09,CSE,CSE-2,2026-2027,3,advaith.kulkarni.1621@smartcampus.edu,9840316266
Sai Agarwal,2006-12-24,CSM,CSM-1,2026-2027,5,sai.agarwal.1622@smartcampus.edu,9841020196
Divya Patel,2004-08-16,CSE,CSE-2,2026-2027,3,divya.patel.1623@smartcampus.edu,9826511672
Kabir Nair,2005-03-17,ECE,ECE-1,2026-2027,3,kabir.nair.1624@smartcampus.edu,9842916017
Sara Agarwal,2005-04-26,CSM,CSM-2,2026-2027,7,sara.agarwal.1625@smartcampus.edu,9843500325
Ritu Joshi,2003-08-19,CSM,CSM-1,2026-2027,7,ritu.joshi.1626@smartcampus.edu,9862157068
Gautam Kulkarni,2003-06-02,CSE,CSE-3,2026-2027,3,gautam.kulkarni.1627@smartcampus.edu,9880974488
Dhruv Reddy,2004-04-26,CAD,CAD-1,2026-2027,3,dhruv.reddy.1628@smartcampus.edu,9827857430
Deepak Kapoor,2003-09-27,CSM,CSM-2,2026-2027,7,deepak.kapoor.1629@smartcampus.edu,9828474091
Vihaan Gupta,2004-10-25,ECE,ECE-1,2026-2027,5,vihaan.gupta.1630@smartcampus.edu,9890550592
Harish Ghosh,2005-03-14,CSE,CSE-1,2026-2027,7,harish.ghosh.1631@smartcampus.edu,9861976966
Gauri Shah,2004-06-08,CSE,CSE-3,2026-2027,7,gauri.shah.1632@smartcampus.edu,9821104676
Advaith Gupta,2005-09-30,ECE,ECE-1,2026-2027,3,advaith.gupta.1633@smartcampus.edu,9860169136
Siya Kapoor,2004-03-10,CSM,CSM-1,2026-2027,3,siya.kapoor.1634@smartcampus.edu,9888857368
Divya Kulkarni,2004-09-15,ECE,ECE-2,2026-2027,7,divya.kulkarni.1635@smartcampus.edu,9836750631
Saanvi Kulkarni,2006-08-21,EEE,EEE-2,2026-2027,7,saanvi.kulkarni.1636@smartcampus.edu,9842006889
Pari Verma,2003-08-01,ECE,ECE-1,2026-2027,7,pari.verma.1637@smartcampus.edu,9894782734
Harish Mishra,2006-03-24,CAD,CAD-2,2026-2027,3,harish.mishra.1638@smartcampus.edu,9836799177
Navya Sharma,2003-08-29,CSM,CSM-2,2026-2027,3,navya.sharma.1639@smartcampus.edu,9863894040
Advik Joshi,2003-08-15,CSM,CSM-1,2026-2027,3,advik.joshi.1640@smartcampus.edu,9843913914
Nikhil Ghosh,2006-03-05,CSE,CSE-1,2026-2027,5,nikhil.ghosh.1641@smartcampus.edu,9883275371
Gautam Joshi,2004-06-03,ECE,ECE-2,2026-2027,5,gautam.joshi.1642@smartcampus.edu,9840200372
Khushi Patel,2005-02-15,CAD,CAD-2,2026-2027,5,khushi.patel.1643@smartcampus.edu,9813039307
Sneha Reddy,2006-10-14,EEE,EEE-2,2026-2027,5,sneha.reddy.1644@smartcampus.edu,9833315690
Sai Malhotra,2005-04-15,ECE,ECE-2,2026-2027,5,sai.malhotra.1645@smartcampus.edu,9864729467
Shaurya Bhat,2006-11-05,CSE,CSE-3,2026-2027,3,shaurya.bhat.1646@smartcampus.edu,9821825558
Tanvi Nair,2006-06-19,ECE,ECE-1,2026-2027,3,tanvi.nair.1647@smartcampus.edu,9865665313
Khushi Patel,2006-12-06,CSE,CSE-2,2026-2027,3,khushi.patel.1648@smartcampus.edu,9820298469
Khushi Bhat,2006-11-22,EEE,EEE-2,2026-2027,3,khushi.bhat.1649@smartcampus.edu,9886835856
Swati Malhotra,2003-03-27,ECE,ECE-2,2026-2027,5,swati.malhotra.1650@smartcampus.edu,9874842040
Riya Bhat,2006-07-19,EEE,EEE-2,2026-2027,3,riya.bhat.1651@smartcampus.edu,9825479576
Khushi Agarwal,2005-11-03,EEE,EEE-1,2026-2027,5,khushi.agarwal.1652@smartcampus.edu,9812745271
Pooja Kapoor,2006-02-16,CSE,CSE-3,2026-2027,3,pooja.kapoor.1653@smartcampus.edu,9880921889
Veda Ghosh,2004-07-15,CSM,CSM-1,2026-2027,7,veda.ghosh.1654@smartcampus.edu,9872226016
Ishita Bhat,2003-03-29,EEE,EEE-1,2026-2027,7,ishita.bhat.1655@smartcampus.edu,9894952098
Gauri Chatterjee,2005-01-26,CAD,CAD-1,2026-2027,3,gauri.chatterjee.1656@smartcampus.edu,9889747704
Preeti Chatterjee,2005-06-03,CSE,CSE-2,2026-2027,3,preeti.chatterjee.1657@smartcampus.edu,9898753215
Khushi Banerjee,2003-03-23,CSE,CSE-2,2026-2027,7,khushi.banerjee.1658@smartcampus.edu,9852168545
Shaurya Kumar,2005-12-30,CSM,CSM-2,2026-2027,5,shaurya.kumar.1659@smartcampus.edu,9855699390
Khushi Mehta,2003-09-29,CSE,CSE-2,2026-2027,3,khushi.mehta.1660@smartcampus.edu,9810497428
Ritu Patel,2006-04-12,ECE,ECE-2,2026-2027,3,ritu.patel.1661@smartcampus.edu,9874426580
Divya Chatterjee,2005-11-30,MECH,MECH-1,2026-2027,3,divya.chatterjee.1662@smartcampus.edu,9823266091
Siya Reddy,2004-11-09,CSM,CSM-1,2026-2027,5,siya.reddy.1663@smartcampus.edu,9884365802
Harish Singh,2006-09-01,CSM,CSM-1,2026-2027,3,harish.singh.1664@smartcampus.edu,9876955925
Meera Patel,2003-10-28,CSM,CSM-2,2026-2027,3,meera.patel.1665@smartcampus.edu,9899642645
Ishaan Bose,2004-11-15,EEE,EEE-2,2026-2027,7,ishaan.bose.1666@smartcampus.edu,9847077796
Pari Reddy,2004-01-09,MECH,MECH-1,2026-2027,5,pari.reddy.1667@smartcampus.edu,9815270078
Rohan Rao,2005-06-24,CSM,CSM-2,2026-2027,7,rohan.rao.1668@smartcampus.edu,9878187258
Dhruv Iyer,2005-04-11,CSE,CSE-2,2026-2027,7,dhruv.iyer.1669@smartcampus.edu,9818264987
Kunal Mehta,2003-01-03,CSM,CSM-1,2026-2027,3,kunal.mehta.1670@smartcampus.edu,9853622760
Rithvik Sharma,2004-08-14,ECE,ECE-1,2026-2027,7,rithvik.sharma.1671@smartcampus.edu,9830047056
Ishita Kulkarni,2004-07-27,CAD,CAD-1,2026-2027,7,ishita.kulkarni.1672@smartcampus.edu,9836102349
Prisha Bose,2003-01-23,CSM,CSM-1,2026-2027,7,prisha.bose.1673@smartcampus.edu,9899484694
Vihaan Agarwal,2004-09-10,EEE,EEE-1,2026-2027,7,vihaan.agarwal.1674@smartcampus.edu,9818453489
Myra Kumar,2004-07-01,CSE,CSE-3,2026-2027,3,myra.kumar.1675@smartcampus.edu,9893331511
Riya Kulkarni,2004-01-14,CSE,CSE-3,2026-2027,5,riya.kulkarni.1676@smartcampus.edu,9852910727
Veda Gupta,2005-10-23,EEE,EEE-2,2026-2027,5,veda.gupta.1677@smartcampus.edu,9888732134
Vihaan Das,2003-07-26,MECH,MECH-1,2026-2027,5,vihaan.das.1678@smartcampus.edu,9869997632
Aarav Patil,2005-10-14,EEE,EEE-1,2026-2027,5,aarav.patil.1679@smartcampus.edu,9858884336
Dhruv Singh,2003-01-03,CAD,CAD-1,2026-2027,3,dhruv.singh.1680@smartcampus.edu,9819160578
Harish Kulkarni,2006-02-18,CAD,CAD-2,2026-2027,7,harish.kulkarni.1681@smartcampus.edu,9899188403
Ananya Patel,2004-01-14,ECE,ECE-1,2026-2027,7,ananya.patel.1682@smartcampus.edu,9896470633
Rahul Joshi,2005-04-26,CSM,CSM-1,2026-2027,7,rahul.joshi.1683@smartcampus.edu,9872305943
Anjali Shah,2003-10-18,CSE,CSE-3,2026-2027,7,anjali.shah.1684@smartcampus.edu,9891911959
Priya Patil,2005-04-25,EEE,EEE-1,2026-2027,7,priya.patil.1685@smartcampus.edu,9840569707
Aarav Kapoor,2006-04-24,MECH,MECH-1,2026-2027,5,aarav.kapoor.1686@smartcampus.edu,9841644687
Vivaan Iyer,2005-01-12,CSE,CSE-3,2026-2027,7,vivaan.iyer.1687@smartcampus.edu,9891926420
Divya Bose,2003-06-23,CSE,CSE-2,2026-2027,5,divya.bose.1688@smartcampus.edu,9834011919
Manish Mehta,2005-08-12,CSM,CSM-2,2026-2027,3,manish.mehta.1689@smartcampus.edu,9833001886
Krishna Joshi,2006-01-14,CAD,CAD-1,2026-2027,5,krishna.joshi.1690@smartcampus.edu,9822020382
Rithvik Malhotra,2003-12-26,CSE,CSE-3,2026-2027,7,rithvik.malhotra.1691@smartcampus.edu,9831707900
Myra Patil,2005-01-21,CAD,CAD-2,2026-2027,3,myra.patil.1692@smartcampus.edu,9822447227
Manish Bhat,2006-01-30,CSE,CSE-2,2026-2027,7,manish.bhat.1693@smartcampus.edu,9888684603
Siya Ghosh,2004-08-30,CSM,CSM-1,2026-2027,7,siya.ghosh.1694@smartcampus.edu,9899588321
Pooja Verma,2005-01-12,CAD,CAD-1,2026-2027,7,pooja.verma.1695@smartcampus.edu,9839628715
Vivaan Nair,2005-06-26,CSM,CSM-2,2026-2027,3,vivaan.nair.1696@smartcampus.edu,9831480431
Nikhil Agarwal,2004-03-25,EEE,EEE-1,2026-2027,5,nikhil.agarwal.1697@smartcampus.edu,9858857317
Preeti Mehta,2004-12-18,ECE,ECE-1,2026-2027,5,preeti.mehta.1698@smartcampus.edu,9827239260
Navya Reddy,2003-03-18,CSM,CSM-2,2026-2027,3,navya.reddy.1699@smartcampus.edu,9824752273
Zoya Mishra,2006-10-25,CAD,CAD-1,2026-2027,3,zoya.mishra.1700@smartcampus.edu,9835495027
Rahul Chatterjee,2006-02-05,CSM,CSM-2,2026-2027,3,rahul.chatterjee.1701@smartcampus.edu,9866998764
Neha Rao,2005-10-30,CSM,CSM-2,2026-2027,3,neha.rao.1702@smartcampus.edu,9815870717
Neha Singh,2004-10-24,EEE,EEE-1,2026-2027,5,neha.singh.1703@smartcampus.edu,9850400517
Deepak Nair,2005-11-28,CSM,CSM-2,2026-2027,7,deepak.nair.1704@smartcampus.edu,9899707371
Vivaan Saxena,2003-07-14,ECE,ECE-2,2026-2027,5,vivaan.saxena.1705@smartcampus.edu,9863114381
Divya Reddy,2003-12-30,CSE,CSE-3,2026-2027,3,divya.reddy.1706@smartcampus.edu,9834292377
Pari Kulkarni,2006-12-01,CAD,CAD-1,2026-2027,5,pari.kulkarni.1707@smartcampus.edu,9862167808
Divya Bhat,2005-12-19,EEE,EEE-2,2026-2027,3,divya.bhat.1708@smartcampus.edu,9858357804
Advaith Patil,2005-12-08,EEE,EEE-1,2026-2027,7,advaith.patil.1709@smartcampus.edu,9872274099
Advik Verma,2005-01-26,EEE,EEE-2,2026-2027,3,advik.verma.1710@smartcampus.edu,9876968991
Sara Choudhury,2004-02-18,MECH,MECH-1,2026-2027,7,sara.choudhury.1711@smartcampus.edu,9865200880
Aarav Joshi,2004-09-04,ECE,ECE-2,2026-2027,7,aarav.joshi.1712@smartcampus.edu,9851232837
Ayaan Mishra,2003-04-13,CSE,CSE-3,2026-2027,3,ayaan.mishra.1713@smartcampus.edu,9846540905
Gauri Kulkarni,2004-02-24,CSE,CSE-1,2026-2027,3,gauri.kulkarni.1714@smartcampus.edu,9817976974
Zoya Kumar,2005-09-23,CSE,CSE-3,2026-2027,3,zoya.kumar.1715@smartcampus.edu,9887353694
Gauri Reddy,2004-07-24,ECE,ECE-2,2026-2027,3,gauri.reddy.1716@smartcampus.edu,9886302888
Vikram Banerjee,2003-01-15,CSE,CSE-1,2026-2027,7,vikram.banerjee.1717@smartcampus.edu,9876285187
Ishaan Joshi,2003-01-13,ECE,ECE-1,2026-2027,3,ishaan.joshi.1718@smartcampus.edu,9832138842
Rohan Malhotra,2005-01-27,ECE,ECE-2,2026-2027,5,rohan.malhotra.1719@smartcampus.edu,9868170921
Aarav Malhotra,2005-09-18,ECE,ECE-2,2026-2027,7,aarav.malhotra.1720@smartcampus.edu,9821239755
Krishna Saxena,2005-03-02,CSM,CSM-2,2026-2027,7,krishna.saxena.1721@smartcampus.edu,9865200855
Myra Deshmukh,2006-05-23,CAD,CAD-1,2026-2027,3,myra.deshmukh.1722@smartcampus.edu,9880227433
Nikhil Shah,2004-02-26,EEE,EEE-2,2026-2027,7,nikhil.shah.1723@smartcampus.edu,9837520068
Deepak Deshmukh,2006-07-17,ECE,ECE-1,2026-2027,3,deepak.deshmukh.1724@smartcampus.edu,9893735070
Varun Patil,2005-03-26,CSE,CSE-3,2026-2027,3,varun.patil.1725@smartcampus.edu,9831594696
Sunita Shah,2003-02-13,EEE,EEE-2,2026-2027,3,sunita.shah.1726@smartcampus.edu,9834867575
Pooja Mishra,2003-02-18,CSE,CSE-2,2026-2027,3,pooja.mishra.1727@smartcampus.edu,9872849372
Gauri Chopra,2006-11-12,EEE,EEE-1,2026-2027,3,gauri.chopra.1728@smartcampus.edu,9851975780
Kavya Agarwal,2006-07-28,CSM,CSM-2,2026-2027,7,kavya.agarwal.1729@smartcampus.edu,9883805299
Myra Das,2006-10-20,CSE,CSE-1,2026-2027,3,myra.das.1730@smartcampus.edu,9848696569
Rahul Kumar,2005-07-17,ECE,ECE-2,2026-2027,7,rahul.kumar.1731@smartcampus.edu,9826063622
Divya Reddy,2004-01-18,CSE,CSE-1,2026-2027,7,divya.reddy.1732@smartcampus.edu,9850964049
Nikhil Chopra,2006-05-10,CSM,CSM-1,2026-2027,5,nikhil.chopra.1733@smartcampus.edu,9835060665
Advik Nair,2006-11-11,CSM,CSM-2,2026-2027,5,advik.nair.1734@smartcampus.edu,9846045786
Varun Pandey,2003-03-15,CSM,CSM-1,2026-2027,3,varun.pandey.1735@smartcampus.edu,9853770631
Ritu Deshmukh,2004-09-23,CSE,CSE-1,2026-2027,7,ritu.deshmukh.1736@smartcampus.edu,9822389979
Anjali Chatterjee,2003-01-31,ECE,ECE-2,2026-2027,7,anjali.chatterjee.1737@smartcampus.edu,9815413868
Rithvik Kumar,2005-11-07,ECE,ECE-2,2026-2027,7,rithvik.kumar.1738@smartcampus.edu,9854745179
Navya Nair,2006-08-09,CSE,CSE-2,2026-2027,5,navya.nair.1739@smartcampus.edu,9817090171
Meera Malhotra,2006-07-30,CSE,CSE-2,2026-2027,5,meera.malhotra.1740@smartcampus.edu,9891602196
Harish Kapoor,2006-10-06,CSE,CSE-3,2026-2027,3,harish.kapoor.1741@smartcampus.edu,9852851144
Reyansh Agarwal,2004-08-19,CSE,CSE-3,2026-2027,3,reyansh.agarwal.1742@smartcampus.edu,9844957034
Manish Chopra,2006-07-05,CSM,CSM-1,2026-2027,7,manish.chopra.1743@smartcampus.edu,9849970209
Priya Pandey,2003-07-31,CSE,CSE-2,2026-2027,5,priya.pandey.1744@smartcampus.edu,9880998269
Meera Malhotra,2003-02-24,CSE,CSE-1,2026-2027,3,meera.malhotra.1745@smartcampus.edu,9862451678
Vihaan Mehta,2003-03-15,CSE,CSE-2,2026-2027,7,vihaan.mehta.1746@smartcampus.edu,9844793988
Prisha Mehta,2005-05-16,ECE,ECE-2,2026-2027,3,prisha.mehta.1747@smartcampus.edu,9847173520
Gautam Pandey,2006-09-12,CSE,CSE-2,2026-2027,3,gautam.pandey.1748@smartcampus.edu,9823279416
Vivaan Singh,2004-08-04,EEE,EEE-1,2026-2027,3,vivaan.singh.1749@smartcampus.edu,9875578267
Diya Mehta,2005-10-01,EEE,EEE-1,2026-2027,3,diya.mehta.1750@smartcampus.edu,9892098450
Aaryan Verma,2005-06-20,CSM,CSM-1,2026-2027,5,aaryan.verma.1751@smartcampus.edu,9835194211
Krishna Mishra,2005-04-18,ECE,ECE-2,2026-2027,5,krishna.mishra.1752@smartcampus.edu,9894635825
Vivaan Saxena,2003-02-13,CSE,CSE-1,2026-2027,7,vivaan.saxena.1753@smartcampus.edu,9810867595
Navya Mishra,2003-02-15,ECE,ECE-2,2026-2027,3,navya.mishra.1754@smartcampus.edu,9890022537
Shreya Patel,2005-05-24,CAD,CAD-2,2026-2027,3,shreya.patel.1755@smartcampus.edu,9880133533
Ayaan Pandey,2004-12-06,ECE,ECE-1,2026-2027,7,ayaan.pandey.1756@smartcampus.edu,9820764052
Rithvik Saxena,2006-01-20,ECE,ECE-2,2026-2027,5,rithvik.saxena.1757@smartcampus.edu,9865904316
Kabir Patel,2006-04-07,ECE,ECE-1,2026-2027,5,kabir.patel.1758@smartcampus.edu,9846572122
Siddharth Sharma,2005-10-28,CAD,CAD-1,2026-2027,5,siddharth.sharma.1759@smartcampus.edu,9819633528
Sneha Saxena,2006-04-12,MECH,MECH-2,2026-2027,7,sneha.saxena.1760@smartcampus.edu,9824436879
Sneha Joshi,2005-05-22,EEE,EEE-1,2026-2027,7,sneha.joshi.1761@smartcampus.edu,9864686147
Divya Mishra,2005-06-04,CSM,CSM-2,2026-2027,5,divya.mishra.1762@smartcampus.edu,9831389234
Priya Chatterjee,2005-03-06,ECE,ECE-1,2026-2027,3,priya.chatterjee.1763@smartcampus.edu,9826342033
Prisha Joshi,2004-12-17,ECE,ECE-2,2026-2027,7,prisha.joshi.1764@smartcampus.edu,9875126024
Reyansh Patil,2006-09-24,CSM,CSM-2,2026-2027,5,reyansh.patil.1765@smartcampus.edu,9898668891
Veda Malhotra,2003-03-15,ECE,ECE-2,2026-2027,7,veda.malhotra.1766@smartcampus.edu,9826433191
Ishaan Pandey,2005-03-21,MECH,MECH-2,2026-2027,3,ishaan.pandey.1767@smartcampus.edu,9868135401
Pranav Kulkarni,2006-02-08,ECE,ECE-1,2026-2027,7,pranav.kulkarni.1768@smartcampus.edu,9823804157
Rohan Deshmukh,2003-01-29,CSE,CSE-1,2026-2027,3,rohan.deshmukh.1769@smartcampus.edu,9894901497
Shaurya Patel,2004-04-04,CSE,CSE-3,2026-2027,3,shaurya.patel.1770@smartcampus.edu,9867463189
Meera Gupta,2006-04-22,EEE,EEE-1,2026-2027,7,meera.gupta.1771@smartcampus.edu,9829861828
Ishaan Mehta,2006-09-06,CAD,CAD-2,2026-2027,3,ishaan.mehta.1772@smartcampus.edu,9867645137
Aaryan Singh,2006-02-18,CSE,CSE-3,2026-2027,7,aaryan.singh.1773@smartcampus.edu,9898933504
Saanvi Das,2003-02-22,CSE,CSE-1,2026-2027,7,saanvi.das.1774@smartcampus.edu,9871965524
Aarav Ghosh,2005-08-05,CSE,CSE-1,2026-2027,5,aarav.ghosh.1775@smartcampus.edu,9848942172
Veda Choudhury,2003-04-06,CSM,CSM-1,2026-2027,3,veda.choudhury.1776@smartcampus.edu,9862447473
Prisha Pandey,2004-06-16,MECH,MECH-2,2026-2027,7,prisha.pandey.1777@smartcampus.edu,9840584521
Riya Choudhury,2003-04-02,CAD,CAD-1,2026-2027,5,riya.choudhury.1778@smartcampus.edu,9861425952
Shreya Banerjee,2005-09-30,EEE,EEE-1,2026-2027,5,shreya.banerjee.1779@smartcampus.edu,9844979004
Saanvi Joshi,2006-04-06,CSE,CSE-3,2026-2027,3,saanvi.joshi.1780@smartcampus.edu,9848954744
Divya Patel,2003-03-09,CAD,CAD-2,2026-2027,7,divya.patel.1781@smartcampus.edu,9815755439
Riya Verma,2006-09-03,MECH,MECH-1,2026-2027,5,riya.verma.1782@smartcampus.edu,9848436886
Siya Reddy,2006-11-14,CSM,CSM-2,2026-2027,5,siya.reddy.1783@smartcampus.edu,9890570110
Navya Gupta,2003-10-15,CSM,CSM-1,2026-2027,7,navya.gupta.1784@smartcampus.edu,9875938590
Sai Mishra,2006-08-02,ECE,ECE-2,2026-2027,5,sai.mishra.1785@smartcampus.edu,9898119924
Aaryan Singh,2003-08-31,CSE,CSE-2,2026-2027,3,aaryan.singh.1786@smartcampus.edu,9845471814
Veda Chatterjee,2003-01-02,CSM,CSM-2,2026-2027,7,veda.chatterjee.1787@smartcampus.edu,9857062514
Krishna Bhat,2004-11-19,ECE,ECE-1,2026-2027,7,krishna.bhat.1788@smartcampus.edu,9842119763
Vihaan Chopra,2004-05-06,EEE,EEE-2,2026-2027,3,vihaan.chopra.1789@smartcampus.edu,9851933945
Arjun Nair,2003-06-01,CSE,CSE-1,2026-2027,3,arjun.nair.1790@smartcampus.edu,9829160629
Zoya Kulkarni,2003-07-30,ECE,ECE-1,2026-2027,7,zoya.kulkarni.1791@smartcampus.edu,9873451188
Arjun Saxena,2003-09-20,ECE,ECE-2,2026-2027,3,arjun.saxena.1792@smartcampus.edu,9860048933
Ananya Verma,2006-10-28,CSM,CSM-1,2026-2027,5,ananya.verma.1793@smartcampus.edu,9861680559
Vihaan Kapoor,2006-06-23,EEE,EEE-1,2026-2027,7,vihaan.kapoor.1794@smartcampus.edu,9829957828
Varun Patel,2006-06-07,CSM,CSM-2,2026-2027,7,varun.patel.1795@smartcampus.edu,9833668801
Saanvi Joshi,2006-02-20,ECE,ECE-2,2026-2027,3,saanvi.joshi.1796@smartcampus.edu,9890700490
Navya Malhotra,2004-06-02,ECE,ECE-1,2026-2027,3,navya.malhotra.1797@smartcampus.edu,9871435312
Atharva Kulkarni,2006-10-09,EEE,EEE-2,2026-2027,7,atharva.kulkarni.1798@smartcampus.edu,9865775645
Vivaan Chopra,2005-12-08,EEE,EEE-1,2026-2027,3,vivaan.chopra.1799@smartcampus.edu,9870239380
Harish Mehta,2006-05-08,ECE,ECE-2,2026-2027,3,harish.mehta.1800@smartcampus.edu,9870820828
Pooja Saxena,2004-06-02,EEE,EEE-1,2026-2027,5,pooja.saxena.1801@smartcampus.edu,9851174752
Priya Gupta,2006-05-19,CSM,CSM-1,2026-2027,7,priya.gupta.1802@smartcampus.edu,9893623717
Zoya Kumar,2005-09-07,CSE,CSE-1,2026-2027,3,zoya.kumar.1803@smartcampus.edu,9898753582
Siddharth Joshi,2005-07-14,MECH,MECH-2,2026-2027,5,siddharth.joshi.1804@smartcampus.edu,9822915911
Shaurya Chopra,2005-03-18,CSE,CSE-3,2026-2027,3,shaurya.chopra.1805@smartcampus.edu,9840615224
Prisha Singh,2004-03-05,EEE,EEE-1,2026-2027,3,prisha.singh.1806@smartcampus.edu,9893944748
Kavya Nair,2005-02-12,EEE,EEE-1,2026-2027,5,kavya.nair.1807@smartcampus.edu,9839131373
Simran Sharma,2003-04-16,CSM,CSM-1,2026-2027,3,simran.sharma.1808@smartcampus.edu,9851648562
Vikram Verma,2006-09-06,CAD,CAD-2,2026-2027,7,vikram.verma.1809@smartcampus.edu,9874055848
Pooja Deshmukh,2003-07-26,ECE,ECE-2,2026-2027,7,pooja.deshmukh.1810@smartcampus.edu,9812883294
Aaryan Bhat,2006-04-25,ECE,ECE-1,2026-2027,7,aaryan.bhat.1811@smartcampus.edu,9894968466
Tanvi Agarwal,2004-08-27,MECH,MECH-2,2026-2027,5,tanvi.agarwal.1812@smartcampus.edu,9836831777
Anjali Das,2004-06-13,CSM,CSM-2,2026-2027,3,anjali.das.1813@smartcampus.edu,9839297518
Manish Iyer,2005-03-20,MECH,MECH-1,2026-2027,5,manish.iyer.1814@smartcampus.edu,9854412494
Anjali Mehta,2004-10-30,ECE,ECE-2,2026-2027,3,anjali.mehta.1815@smartcampus.edu,9884139791
Aaryan Ghosh,2005-04-01,CAD,CAD-1,2026-2027,7,aaryan.ghosh.1816@smartcampus.edu,9828377511
Sai Das,2004-09-27,EEE,EEE-2,2026-2027,7,sai.das.1817@smartcampus.edu,9854247627
Harish Sharma,2004-06-25,CAD,CAD-1,2026-2027,3,harish.sharma.1818@smartcampus.edu,9872681585
Rohan Chatterjee,2003-06-25,ECE,ECE-1,2026-2027,3,rohan.chatterjee.1819@smartcampus.edu,9865450597
Aaryan Saxena,2006-12-05,ECE,ECE-1,2026-2027,5,aaryan.saxena.1820@smartcampus.edu,9862363433
Diya Saxena,2005-03-11,CSE,CSE-1,2026-2027,5,diya.saxena.1821@smartcampus.edu,9885703603
Simran Mehta,2003-10-28,MECH,MECH-1,2026-2027,5,simran.mehta.1822@smartcampus.edu,9872832431
Sara Saxena,2004-09-02,EEE,EEE-2,2026-2027,7,sara.saxena.1823@smartcampus.edu,9824748481
Shreya Rao,2003-12-22,ECE,ECE-2,2026-2027,7,shreya.rao.1824@smartcampus.edu,9857074275
Aditya Banerjee,2004-08-25,CSM,CSM-2,2026-2027,3,aditya.banerjee.1825@smartcampus.edu,9857459048
Neha Das,2005-03-27,ECE,ECE-1,2026-2027,5,neha.das.1826@smartcampus.edu,9845836319
Harish Gupta,2005-12-18,CSM,CSM-1,2026-2027,3,harish.gupta.1827@smartcampus.edu,9852317190
Sai Verma,2003-07-15,ECE,ECE-2,2026-2027,7,sai.verma.1828@smartcampus.edu,9829832904
Siya Iyer,2003-03-25,ECE,ECE-2,2026-2027,7,siya.iyer.1829@smartcampus.edu,9840994913
Riya Iyer,2006-07-30,EEE,EEE-1,2026-2027,5,riya.iyer.1830@smartcampus.edu,9889539109
Diya Kapoor,2006-08-12,CSM,CSM-2,2026-2027,5,diya.kapoor.1831@smartcampus.edu,9854617463
Riya Kumar,2003-06-05,EEE,EEE-1,2026-2027,7,riya.kumar.1832@smartcampus.edu,9821359504
Shaurya Mehta,2006-03-27,EEE,EEE-2,2026-2027,5,shaurya.mehta.1833@smartcampus.edu,9836268831
Navya Ghosh,2004-04-22,MECH,MECH-2,2026-2027,5,navya.ghosh.1834@smartcampus.edu,9828836860
Priya Pandey,2005-08-21,CSE,CSE-3,2026-2027,3,priya.pandey.1835@smartcampus.edu,9890547373
Prisha Pandey,2003-08-02,CSE,CSE-2,2026-2027,3,prisha.pandey.1836@smartcampus.edu,9887576899
Anjali Malhotra,2004-08-07,CAD,CAD-2,2026-2027,7,anjali.malhotra.1837@smartcampus.edu,9837150874
Deepak Nair,2005-07-29,CSM,CSM-2,2026-2027,3,deepak.nair.1838@smartcampus.edu,9830927068
Shreya Malhotra,2006-10-12,EEE,EEE-2,2026-2027,5,shreya.malhotra.1839@smartcampus.edu,9887838594
Preeti Patil,2005-09-23,EEE,EEE-2,2026-2027,5,preeti.patil.1840@smartcampus.edu,9874804393
Kabir Kulkarni,2004-12-29,CSE,CSE-1,2026-2027,5,kabir.kulkarni.1841@smartcampus.edu,9899806058
Prisha Deshmukh,2005-05-19,CSE,CSE-2,2026-2027,3,prisha.deshmukh.1842@smartcampus.edu,9848342646
Shaurya Choudhury,2003-08-09,MECH,MECH-2,2026-2027,5,shaurya.choudhury.1843@smartcampus.edu,9822541434
Gautam Iyer,2003-01-14,EEE,EEE-2,2026-2027,5,gautam.iyer.1844@smartcampus.edu,9890481090
Shreya Chopra,2004-01-15,CAD,CAD-1,2026-2027,3,shreya.chopra.1845@smartcampus.edu,9849099941
Vikram Singh,2005-09-06,CSM,CSM-1,2026-2027,7,vikram.singh.1846@smartcampus.edu,9862214202
Vihaan Mishra,2004-07-14,ECE,ECE-2,2026-2027,5,vihaan.mishra.1847@smartcampus.edu,9856837181
Priya Bose,2005-12-05,ECE,ECE-2,2026-2027,3,priya.bose.1848@smartcampus.edu,9898118861
Priya Nair,2004-02-15,CAD,CAD-1,2026-2027,3,priya.nair.1849@smartcampus.edu,9872800651
Divya Joshi,2006-06-08,CSE,CSE-1,2026-2027,7,divya.joshi.1850@smartcampus.edu,9856595673
Gauri Kumar,2006-11-16,ECE,ECE-2,2026-2027,3,gauri.kumar.1851@smartcampus.edu,9848986732
Simran Pandey,2004-03-30,CSM,CSM-1,2026-2027,5,simran.pandey.1852@smartcampus.edu,9891694495
Khushi Patel,2005-11-09,ECE,ECE-1,2026-2027,7,khushi.patel.1853@smartcampus.edu,9844670300
Ayaan Banerjee,2005-01-26,MECH,MECH-2,2026-2027,5,ayaan.banerjee.1854@smartcampus.edu,9813944660
Khushi Kumar,2003-07-20,CSM,CSM-1,2026-2027,3,khushi.kumar.1855@smartcampus.edu,9850856239
Anjali Saxena,2005-01-30,MECH,MECH-1,2026-2027,5,anjali.saxena.1856@smartcampus.edu,9861255593
Tanvi Das,2005-04-17,ECE,ECE-1,2026-2027,7,tanvi.das.1857@smartcampus.edu,9867787658
Varun Chatterjee,2006-10-13,ECE,ECE-2,2026-2027,3,varun.chatterjee.1858@smartcampus.edu,9827051434
Navya Das,2004-08-05,EEE,EEE-2,2026-2027,5,navya.das.1859@smartcampus.edu,9875224153
Aarav Kapoor,2005-04-14,CSM,CSM-1,2026-2027,5,aarav.kapoor.1860@smartcampus.edu,9847286198
Advaith Patil,2003-12-03,CSM,CSM-1,2026-2027,5,advaith.patil.1861@smartcampus.edu,9817523662
Kavya Choudhury,2004-04-20,CSE,CSE-2,2026-2027,7,kavya.choudhury.1862@smartcampus.edu,9835000117
Navya Chatterjee,2005-06-20,CSE,CSE-1,2026-2027,3,navya.chatterjee.1863@smartcampus.edu,9869682538
Veda Joshi,2005-11-17,MECH,MECH-2,2026-2027,5,veda.joshi.1864@smartcampus.edu,9863718043
Aditya Mishra,2006-09-04,MECH,MECH-2,2026-2027,5,aditya.mishra.1865@smartcampus.edu,9867667564
Khushi Mehta,2005-03-19,CSE,CSE-3,2026-2027,3,khushi.mehta.1866@smartcampus.edu,9823069716
Zoya Shah,2006-07-18,CSM,CSM-2,2026-2027,7,zoya.shah.1867@smartcampus.edu,9888150318
Pranav Das,2004-08-26,CSM,CSM-2,2026-2027,3,pranav.das.1868@smartcampus.edu,9815763370
Ishaan Kapoor,2006-06-30,ECE,ECE-2,2026-2027,7,ishaan.kapoor.1869@smartcampus.edu,9823654607
Neha Reddy,2003-09-27,CAD,CAD-2,2026-2027,3,neha.reddy.1870@smartcampus.edu,9887050479
Ayaan Kumar,2003-03-24,CSE,CSE-2,2026-2027,3,ayaan.kumar.1871@smartcampus.edu,9848755095
Rohan Sharma,2005-06-03,CAD,CAD-2,2026-2027,7,rohan.sharma.1872@smartcampus.edu,9841635700
Deepak Bhat,2004-05-01,CSE,CSE-3,2026-2027,3,deepak.bhat.1873@smartcampus.edu,9836004218
Dhruv Gupta,2005-07-30,CSE,CSE-3,2026-2027,3,dhruv.gupta.1874@smartcampus.edu,9870279022
Varun Patel,2003-07-17,CSM,CSM-1,2026-2027,7,varun.patel.1875@smartcampus.edu,9889344571
Kabir Patil,2003-01-23,CAD,CAD-2,2026-2027,7,kabir.patil.1876@smartcampus.edu,9891021083
Ananya Joshi,2005-08-25,CSE,CSE-2,2026-2027,5,ananya.joshi.1877@smartcampus.edu,9892423048
Aditya Chatterjee,2006-04-16,ECE,ECE-1,2026-2027,7,aditya.chatterjee.1878@smartcampus.edu,9868523660
Sara Mehta,2006-06-25,ECE,ECE-2,2026-2027,7,sara.mehta.1879@smartcampus.edu,9863607699
Rohan Patil,2003-10-18,EEE,EEE-1,2026-2027,7,rohan.patil.1880@smartcampus.edu,9877087722
Swati Chatterjee,2006-06-02,CSE,CSE-1,2026-2027,7,swati.chatterjee.1881@smartcampus.edu,9885765645
Rohan Rao,2006-08-31,CSM,CSM-2,2026-2027,5,rohan.rao.1882@smartcampus.edu,9897938213
Nikhil Mehta,2003-07-20,MECH,MECH-2,2026-2027,5,nikhil.mehta.1883@smartcampus.edu,9884151824
Riya Iyer,2006-06-01,ECE,ECE-2,2026-2027,7,riya.iyer.1884@smartcampus.edu,9884065099
Preeti Mehta,2006-11-16,MECH,MECH-1,2026-2027,3,preeti.mehta.1885@smartcampus.edu,9838242022
Arjun Chatterjee,2003-03-14,CSE,CSE-2,2026-2027,7,arjun.chatterjee.1886@smartcampus.edu,9838006471
Khushi Das,2005-09-09,CSM,CSM-1,2026-2027,3,khushi.das.1887@smartcampus.edu,9828267302
Rithvik Bhat,2005-05-21,EEE,EEE-1,2026-2027,7,rithvik.bhat.1888@smartcampus.edu,9822132579
Simran Choudhury,2003-08-07,CSE,CSE-3,2026-2027,7,simran.choudhury.1889@smartcampus.edu,9839042699
Gautam Kulkarni,2004-01-03,CSE,CSE-3,2026-2027,3,gautam.kulkarni.1890@smartcampus.edu,9866146859
Meera Bhat,2003-07-10,CSM,CSM-2,2026-2027,5,meera.bhat.1891@smartcampus.edu,9878789804
Siya Reddy,2006-11-23,ECE,ECE-1,2026-2027,3,siya.reddy.1892@smartcampus.edu,9885684071
Rahul Kapoor,2004-03-01,CSM,CSM-1,2026-2027,5,rahul.kapoor.1893@smartcampus.edu,9843053671
Manish Kapoor,2005-12-02,CSE,CSE-3,2026-2027,3,manish.kapoor.1894@smartcampus.edu,9839445181
Zoya Bose,2005-08-16,ECE,ECE-2,2026-2027,3,zoya.bose.1895@smartcampus.edu,9851514243
Meera Choudhury,2005-04-08,ECE,ECE-2,2026-2027,7,meera.choudhury.1896@smartcampus.edu,9832044351
Priya Patel,2003-12-13,EEE,EEE-1,2026-2027,5,priya.patel.1897@smartcampus.edu,9861629105
Aditya Patil,2004-01-06,CSM,CSM-2,2026-2027,3,aditya.patil.1898@smartcampus.edu,9883248475
Reyansh Rao,2004-07-03,ECE,ECE-2,2026-2027,7,reyansh.rao.1899@smartcampus.edu,9876838300
Saanvi Shah,2003-12-11,CSM,CSM-1,2026-2027,7,saanvi.shah.1900@smartcampus.edu,9821224040
Pranav Pandey,2004-03-29,MECH,MECH-2,2026-2027,3,pranav.pandey.1901@smartcampus.edu,9874446718
Tanvi Rao,2003-07-31,ECE,ECE-1,2026-2027,5,tanvi.rao.1902@smartcampus.edu,9820474691
Prisha Bose,2004-06-14,CSE,CSE-2,2026-2027,7,prisha.bose.1903@smartcampus.edu,9886127667
Saanvi Verma,2004-12-21,CSM,CSM-2,2026-2027,7,saanvi.verma.1904@smartcampus.edu,9858627525
Myra Saxena,2006-03-09,CSM,CSM-1,2026-2027,3,myra.saxena.1905@smartcampus.edu,9820928615
Aarav Sharma,2006-05-08,CSE,CSE-1,2026-2027,5,aarav.sharma.1906@smartcampus.edu,9841433573
Advaith Chatterjee,2004-07-22,CSM,CSM-2,2026-2027,7,advaith.chatterjee.1907@smartcampus.edu,9893231809
Saanvi Rao,2003-07-05,CAD,CAD-1,2026-2027,7,saanvi.rao.1908@smartcampus.edu,9852054833
Aditya Pandey,2005-06-10,CAD,CAD-1,2026-2027,3,aditya.pandey.1909@smartcampus.edu,9873328081
Rithvik Rao,2004-05-30,CSE,CSE-2,2026-2027,5,rithvik.rao.1910@smartcampus.edu,9852682355
Pooja Agarwal,2004-03-31,ECE,ECE-1,2026-2027,5,pooja.agarwal.1911@smartcampus.edu,9864832086
Siddharth Nair,2004-03-21,ECE,ECE-2,2026-2027,3,siddharth.nair.1912@smartcampus.edu,9839759267
Aaryan Gupta,2004-12-07,CSM,CSM-1,2026-2027,7,aaryan.gupta.1913@smartcampus.edu,9864834868
Aaryan Choudhury,2006-04-27,CSE,CSE-1,2026-2027,5,aaryan.choudhury.1914@smartcampus.edu,9826252467
Pari Deshmukh,2003-09-19,MECH,MECH-2,2026-2027,3,pari.deshmukh.1915@smartcampus.edu,9818171606
Saanvi Patil,2003-01-01,CSE,CSE-3,2026-2027,7,saanvi.patil.1916@smartcampus.edu,9834915288
Pranav Joshi,2006-07-15,ECE,ECE-2,2026-2027,5,pranav.joshi.1917@smartcampus.edu,9887276364
Khushi Agarwal,2005-11-16,CAD,CAD-2,2026-2027,3,khushi.agarwal.1918@smartcampus.edu,9828019230
Arjun Agarwal,2006-02-10,CSM,CSM-1,2026-2027,3,arjun.agarwal.1919@smartcampus.edu,9848169513
Deepak Singh,2005-09-01,ECE,ECE-1,2026-2027,3,deepak.singh.1920@smartcampus.edu,9846848066
Ananya Deshmukh,2004-04-05,CSM,CSM-1,2026-2027,3,ananya.deshmukh.1921@smartcampus.edu,9887279934
Pranav Mehta,2003-04-03,MECH,MECH-1,2026-2027,7,pranav.mehta.1922@smartcampus.edu,9811682295
Kabir Chopra,2004-03-08,MECH,MECH-1,2026-2027,5,kabir.chopra.1923@smartcampus.edu,9851541489
Kabir Bhat,2004-10-26,CSE,CSE-3,2026-2027,5,kabir.bhat.1924@smartcampus.edu,9849580597
Krishna Deshmukh,2004-05-28,EEE,EEE-1,2026-2027,3,krishna.deshmukh.1925@smartcampus.edu,9821576549
Atharva Patel,2003-12-09,ECE,ECE-2,2026-2027,5,atharva.patel.1926@smartcampus.edu,9880581163
Varun Saxena,2005-01-17,MECH,MECH-1,2026-2027,7,varun.saxena.1927@smartcampus.edu,9853602940
Manish Iyer,2005-03-19,ECE,ECE-1,2026-2027,3,manish.iyer.1928@smartcampus.edu,9884588319
Saanvi Nair,2006-04-27,CAD,CAD-1,2026-2027,7,saanvi.nair.1929@smartcampus.edu,9883913984
Gautam Singh,2004-08-10,ECE,ECE-1,2026-2027,5,gautam.singh.1930@smartcampus.edu,9895174261
Siddharth Patil,2004-09-10,EEE,EEE-1,2026-2027,5,siddharth.patil.1931@smartcampus.edu,9867038793
Advik Mishra,2004-12-11,CSM,CSM-2,2026-2027,5,advik.mishra.1932@smartcampus.edu,9866931956
Reyansh Patil,2004-01-02,CSE,CSE-2,2026-2027,3,reyansh.patil.1933@smartcampus.edu,9854993237
Divya Kulkarni,2005-08-28,CAD,CAD-1,2026-2027,3,divya.kulkarni.1934@smartcampus.edu,9869345496
Pari Gupta,2003-08-08,MECH,MECH-1,2026-2027,3,pari.gupta.1935@smartcampus.edu,9857488957
Manish Deshmukh,2003-06-29,CSM,CSM-2,2026-2027,7,manish.deshmukh.1936@smartcampus.edu,9812595061
Saanvi Nair,2003-11-18,CSE,CSE-3,2026-2027,3,saanvi.nair.1937@smartcampus.edu,9853565084
Aditya Deshmukh,2005-08-06,CSM,CSM-1,2026-2027,3,aditya.deshmukh.1938@smartcampus.edu,9865636887
Shaurya Bose,2006-07-10,CSE,CSE-3,2026-2027,7,shaurya.bose.1939@smartcampus.edu,9886809034
Khushi Choudhury,2006-07-04,EEE,EEE-2,2026-2027,7,khushi.choudhury.1940@smartcampus.edu,9897752247
Pooja Mishra,2003-04-25,MECH,MECH-2,2026-2027,5,pooja.mishra.1941@smartcampus.edu,9877193518
Swati Saxena,2005-06-02,CSM,CSM-1,2026-2027,3,swati.saxena.1942@smartcampus.edu,9887284784
Gauri Joshi,2006-07-07,CSM,CSM-2,2026-2027,5,gauri.joshi.1943@smartcampus.edu,9893180926
Anjali Pandey,2006-02-05,ECE,ECE-2,2026-2027,3,anjali.pandey.1944@smartcampus.edu,9823569556
Kunal Kapoor,2004-12-17,CSM,CSM-2,2026-2027,3,kunal.kapoor.1945@smartcampus.edu,9843773419
Simran Saxena,2006-06-13,CSM,CSM-2,2026-2027,7,simran.saxena.1946@smartcampus.edu,9872724002
Deepak Chatterjee,2003-07-01,CSE,CSE-2,2026-2027,3,deepak.chatterjee.1947@smartcampus.edu,9830137872
Shaurya Deshmukh,2006-12-02,CSM,CSM-2,2026-2027,3,shaurya.deshmukh.1948@smartcampus.edu,9895696580
Prisha Iyer,2006-12-03,EEE,EEE-2,2026-2027,3,prisha.iyer.1949@smartcampus.edu,9892297922
Divya Joshi,2004-02-18,ECE,ECE-2,2026-2027,3,divya.joshi.1950@smartcampus.edu,9825975927
Rohan Kapoor,2005-05-15,EEE,EEE-2,2026-2027,3,rohan.kapoor.1951@smartcampus.edu,9844140846
Veda Kulkarni,2006-02-10,ECE,ECE-1,2026-2027,5,veda.kulkarni.1952@smartcampus.edu,9887176236
Atharva Ghosh,2006-12-27,CSE,CSE-1,2026-2027,5,atharva.ghosh.1953@smartcampus.edu,9843090913
Arjun Rao,2004-04-04,CSE,CSE-3,2026-2027,5,arjun.rao.1954@smartcampus.edu,9824890868
Advaith Nair,2006-12-27,CSM,CSM-2,2026-2027,5,advaith.nair.1955@smartcampus.edu,9873303859
Deepak Reddy,2004-12-03,CSE,CSE-3,2026-2027,3,deepak.reddy.1956@smartcampus.edu,9887894994
Tanvi Chatterjee,2004-03-29,EEE,EEE-1,2026-2027,3,tanvi.chatterjee.1957@smartcampus.edu,9834335326
Diya Das,2004-10-16,CSM,CSM-2,2026-2027,5,diya.das.1958@smartcampus.edu,9886741317
Siddharth Verma,2003-05-24,CSE,CSE-1,2026-2027,3,siddharth.verma.1959@smartcampus.edu,9880737027
Rohan Patil,2006-06-08,CSM,CSM-1,2026-2027,7,rohan.patil.1960@smartcampus.edu,9836433045
Kabir Nair,2005-10-13,ECE,ECE-2,2026-2027,7,kabir.nair.1961@smartcampus.edu,9863471545
Advaith Kumar,2004-09-27,CSE,CSE-1,2026-2027,3,advaith.kumar.1962@smartcampus.edu,9834955004
Anjali Rao,2005-12-29,CSE,CSE-1,2026-2027,7,anjali.rao.1963@smartcampus.edu,9886285203
Siya Gupta,2005-09-20,CAD,CAD-1,2026-2027,5,siya.gupta.1964@smartcampus.edu,9884795421
Rahul Kulkarni,2006-03-17,CSM,CSM-2,2026-2027,3,rahul.kulkarni.1965@smartcampus.edu,9836646292
Prisha Kapoor,2005-10-25,MECH,MECH-1,2026-2027,7,prisha.kapoor.1966@smartcampus.edu,9848943342
Aarav Patel,2004-08-10,CSM,CSM-1,2026-2027,3,aarav.patel.1967@smartcampus.edu,9826145861
Ananya Malhotra,2006-03-20,CSM,CSM-1,2026-2027,3,ananya.malhotra.1968@smartcampus.edu,9876835197
Rohan Joshi,2004-08-04,CSE,CSE-2,2026-2027,3,rohan.joshi.1969@smartcampus.edu,9850937707
Simran Saxena,2005-05-25,ECE,ECE-2,2026-2027,7,simran.saxena.1970@smartcampus.edu,9856383924
Kabir Verma,2003-10-22,CAD,CAD-1,2026-2027,5,kabir.verma.1971@smartcampus.edu,9890735095
Divya Reddy,2006-08-20,CSM,CSM-2,2026-2027,7,divya.reddy.1972@smartcampus.edu,9849820170
Swati Kumar,2006-12-18,EEE,EEE-2,2026-2027,7,swati.kumar.1973@smartcampus.edu,9834268039
Deepak Malhotra,2006-07-14,CSM,CSM-2,2026-2027,5,deepak.malhotra.1974@smartcampus.edu,9898320896
Rohan Reddy,2004-05-23,CSE,CSE-2,2026-2027,5,rohan.reddy.1975@smartcampus.edu,9887047383
Anjali Mishra,2006-06-20,ECE,ECE-2,2026-2027,7,anjali.mishra.1976@smartcampus.edu,9879655382
Varun Das,2005-11-22,ECE,ECE-1,2026-2027,3,varun.das.1977@smartcampus.edu,9858788885
Rithvik Sharma,2005-02-11,CSM,CSM-2,2026-2027,7,rithvik.sharma.1978@smartcampus.edu,9892404237
Prisha Singh,2003-05-18,ECE,ECE-1,2026-2027,7,prisha.singh.1979@smartcampus.edu,9846467597
Sara Saxena,2005-06-08,CSM,CSM-1,2026-2027,5,sara.saxena.1980@smartcampus.edu,9816121132
Varun Kumar,2004-09-03,ECE,ECE-2,2026-2027,7,varun.kumar.1981@smartcampus.edu,9886899671
Deepak Gupta,2004-01-10,EEE,EEE-1,2026-2027,3,deepak.gupta.1982@smartcampus.edu,9875327635
Kabir Agarwal,2006-02-22,ECE,ECE-1,2026-2027,3,kabir.agarwal.1983@smartcampus.edu,9883452356
Sai Bose,2005-04-29,MECH,MECH-2,2026-2027,5,sai.bose.1984@smartcampus.edu,9812181260
Prisha Pandey,2006-10-02,ECE,ECE-1,2026-2027,5,prisha.pandey.1985@smartcampus.edu,9870207661
Gautam Malhotra,2006-10-24,ECE,ECE-2,2026-2027,7,gautam.malhotra.1986@smartcampus.edu,9820711343
Siddharth Singh,2005-11-21,ECE,ECE-1,2026-2027,3,siddharth.singh.1987@smartcampus.edu,9834227868
Divya Kulkarni,2004-11-12,CSE,CSE-1,2026-2027,3,divya.kulkarni.1988@smartcampus.edu,9862444644
Manish Kulkarni,2004-03-22,ECE,ECE-2,2026-2027,7,manish.kulkarni.1989@smartcampus.edu,9820253885
Tanvi Verma,2003-07-10,MECH,MECH-2,2026-2027,3,tanvi.verma.1990@smartcampus.edu,9878588404
Sai Sharma,2004-05-07,ECE,ECE-2,2026-2027,7,sai.sharma.1991@smartcampus.edu,9865456710
Manish Das,2004-05-12,MECH,MECH-1,2026-2027,7,manish.das.1992@smartcampus.edu,9859589455
Nikhil Kumar,2006-09-19,CAD,CAD-1,2026-2027,7,nikhil.kumar.1993@smartcampus.edu,9881724531
Kunal Kulkarni,2005-11-18,ECE,ECE-1,2026-2027,5,kunal.kulkarni.1994@smartcampus.edu,9841647787
Ritu Choudhury,2006-11-16,MECH,MECH-1,2026-2027,5,ritu.choudhury.1995@smartcampus.edu,9838192958
Deepak Patil,2005-05-23,CSE,CSE-3,2026-2027,3,deepak.patil.1996@smartcampus.edu,9879552354
Deepak Agarwal,2003-10-13,CAD,CAD-2,2026-2027,3,deepak.agarwal.1997@smartcampus.edu,9843482167
Ananya Choudhury,2003-02-20,CSE,CSE-3,2026-2027,7,ananya.choudhury.1998@smartcampus.edu,9846468350
Manish Ghosh,2003-04-26,CAD,CAD-1,2026-2027,3,manish.ghosh.1999@smartcampus.edu,9834708531
Deepak Kapoor,2005-10-16,CSM,CSM-1,2026-2027,3,deepak.kapoor.2000@smartcampus.edu,9896891999
Aaryan Bose,2006-10-10,CSE,CSE-2,2026-2027,7,aaryan.bose.2001@smartcampus.edu,9863878728
Simran Nair,2004-11-11,EEE,EEE-2,2026-2027,5,simran.nair.2002@smartcampus.edu,9897248434
Aditya Mehta,2005-03-01,ECE,ECE-1,2026-2027,3,aditya.mehta.2003@smartcampus.edu,9879105273
Sai Joshi,2006-12-08,ECE,ECE-2,2026-2027,3,sai.joshi.2004@smartcampus.edu,9831281344
Meera Pandey,2005-03-04,CSE,CSE-3,2026-2027,7,meera.pandey.2005@smartcampus.edu,9882084321
Vihaan Pandey,2006-06-20,CSM,CSM-2,2026-2027,3,vihaan.pandey.2006@smartcampus.edu,9875440226
Varun Sharma,2003-04-27,ECE,ECE-1,2026-2027,3,varun.sharma.2007@smartcampus.edu,9875363610
Divya Singh,2006-02-03,CAD,CAD-2,2026-2027,3,divya.singh.2008@smartcampus.edu,9877361074
Navya Deshmukh,2006-06-05,MECH,MECH-1,2026-2027,3,navya.deshmukh.2009@smartcampus.edu,9829102815
Aaryan Chatterjee,2004-01-13,CAD,CAD-2,2026-2027,5,aaryan.chatterjee.2010@smartcampus.edu,9875355849
Aaryan Singh,2004-09-28,ECE,ECE-2,2026-2027,3,aaryan.singh.2011@smartcampus.edu,9831323060
Aditya Saxena,2006-02-01,ECE,ECE-1,2026-2027,7,aditya.saxena.2012@smartcampus.edu,9891783517
Sunita Singh,2005-08-14,ECE,ECE-1,2026-2027,3,sunita.singh.2013@smartcampus.edu,9896450105
Gauri Patel,2005-11-29,CAD,CAD-2,2026-2027,7,gauri.patel.2014@smartcampus.edu,9881292064
Dhruv Singh,2004-12-04,CSM,CSM-2,2026-2027,7,dhruv.singh.2015@smartcampus.edu,9834302477
Vihaan Banerjee,2005-01-26,CSM,CSM-2,2026-2027,5,vihaan.banerjee.2016@smartcampus.edu,9890598475
Myra Gupta,2005-02-28,EEE,EEE-1,2026-2027,7,myra.gupta.2017@smartcampus.edu,9864246271
Shreya Mishra,2004-02-19,CSM,CSM-2,2026-2027,7,shreya.mishra.2018@smartcampus.edu,9835740327
Saanvi Singh,2003-09-04,CSM,CSM-1,2026-2027,5,saanvi.singh.2019@smartcampus.edu,9886095435
Ritu Saxena,2003-04-04,MECH,MECH-2,2026-2027,7,ritu.saxena.2020@smartcampus.edu,9812278283
Ishita Kumar,2003-10-26,CSE,CSE-2,2026-2027,5,ishita.kumar.2021@smartcampus.edu,9813799042
Kabir Sharma,2004-08-26,ECE,ECE-2,2026-2027,7,kabir.sharma.2022@smartcampus.edu,9857855327
Krishna Chatterjee,2003-11-08,CSE,CSE-1,2026-2027,7,krishna.chatterjee.2023@smartcampus.edu,9824404595
Kabir Gupta,2005-08-23,CAD,CAD-2,2026-2027,3,kabir.gupta.2024@smartcampus.edu,9823643473
Advik Mishra,2005-09-22,CSM,CSM-1,2026-2027,3,advik.mishra.2025@smartcampus.edu,9862544138
Preeti Kulkarni,2006-03-27,CSM,CSM-2,2026-2027,3,preeti.kulkarni.2026@smartcampus.edu,9880794454
Vikram Pandey,2003-08-22,CSE,CSE-3,2026-2027,7,vikram.pandey.2027@smartcampus.edu,9859458981
Diya Reddy,2005-10-25,EEE,EEE-2,2026-2027,5,diya.reddy.2028@smartcampus.edu,9851327460
Riya Verma,2004-05-03,MECH,MECH-2,2026-2027,7,riya.verma.2029@smartcampus.edu,9819590762
Ayaan Kumar,2005-07-22,CSM,CSM-2,2026-2027,3,ayaan.kumar.2030@smartcampus.edu,9868677462
Kabir Pandey,2005-02-02,CSE,CSE-2,2026-2027,7,kabir.pandey.2031@smartcampus.edu,9814456508
Khushi Rao,2004-06-25,MECH,MECH-1,2026-2027,3,khushi.rao.2032@smartcampus.edu,9892746317
Ayaan Deshmukh,2005-08-02,CSE,CSE-1,2026-2027,5,ayaan.deshmukh.2033@smartcampus.edu,9810115785
Ishaan Rao,2004-08-01,ECE,ECE-1,2026-2027,3,ishaan.rao.2034@smartcampus.edu,9844768907
Ayaan Agarwal,2004-11-17,CSE,CSE-2,2026-2027,3,ayaan.agarwal.2035@smartcampus.edu,9854020723
Ayaan Chatterjee,2005-06-18,EEE,EEE-1,2026-2027,7,ayaan.chatterjee.2036@smartcampus.edu,9830824937
Diya Kulkarni,2006-12-20,MECH,MECH-1,2026-2027,3,diya.kulkarni.2037@smartcampus.edu,9882178715
Zoya Singh,2003-02-26,CSE,CSE-3,2026-2027,5,zoya.singh.2038@smartcampus.edu,9869205403
Aarav Joshi,2005-11-11,CAD,CAD-1,2026-2027,5,aarav.joshi.2039@smartcampus.edu,9815756620
Aarav Das,2003-05-11,CSM,CSM-1,2026-2027,3,aarav.das.2040@smartcampus.edu,9831484915
Advaith Agarwal,2005-11-05,CSE,CSE-2,2026-2027,7,advaith.agarwal.2041@smartcampus.edu,9820375469
Kavya Bose,2004-03-15,EEE,EEE-2,2026-2027,3,kavya.bose.2042@smartcampus.edu,9858531432
Anjali Malhotra,2005-05-15,CSM,CSM-1,2026-2027,7,anjali.malhotra.2043@smartcampus.edu,9823957158
Ritu Mishra,2003-08-11,CSE,CSE-1,2026-2027,5,ritu.mishra.2044@smartcampus.edu,9864941926
Nikhil Chopra,2005-05-24,EEE,EEE-1,2026-2027,3,nikhil.chopra.2045@smartcampus.edu,9890976235
Pooja Shah,2004-05-21,CSE,CSE-3,2026-2027,5,pooja.shah.2046@smartcampus.edu,9837768684
Gautam Pandey,2006-12-15,MECH,MECH-1,2026-2027,7,gautam.pandey.2047@smartcampus.edu,9898303373
Advik Iyer,2004-08-20,CAD,CAD-1,2026-2027,3,advik.iyer.2048@smartcampus.edu,9866645510
Sara Iyer,2004-06-18,CAD,CAD-1,2026-2027,3,sara.iyer.2049@smartcampus.edu,9876717575
Varun Chatterjee,2003-11-14,CSM,CSM-2,2026-2027,5,varun.chatterjee.2050@smartcampus.edu,9868977839
Vivaan Patil,2005-01-10,EEE,EEE-2,2026-2027,5,vivaan.patil.2051@smartcampus.edu,9873911589
Advaith Kumar,2005-10-15,CSM,CSM-2,2026-2027,5,advaith.kumar.2052@smartcampus.edu,9872564442
Aaryan Mishra,2006-08-27,CSE,CSE-3,2026-2027,5,aaryan.mishra.2053@smartcampus.edu,9898543580
Shreya Saxena,2003-08-04,EEE,EEE-1,2026-2027,5,shreya.saxena.2054@smartcampus.edu,9838952998
Harish Verma,2005-09-21,CSE,CSE-1,2026-2027,3,harish.verma.2055@smartcampus.edu,9873994331
Ishita Nair,2005-08-05,CSE,CSE-3,2026-2027,3,ishita.nair.2056@smartcampus.edu,9816199851
Varun Kumar,2005-04-29,EEE,EEE-1,2026-2027,3,varun.kumar.2057@smartcampus.edu,9812424431
Veda Rao,2003-07-28,EEE,EEE-2,2026-2027,3,veda.rao.2058@smartcampus.edu,9866365768
Ishita Patel,2006-01-08,EEE,EEE-2,2026-2027,3,ishita.patel.2059@smartcampus.edu,9869346691
Varun Chatterjee,2003-11-15,CSE,CSE-2,2026-2027,7,varun.chatterjee.2060@smartcampus.edu,9813929256
Kabir Bose,2003-12-04,CSE,CSE-1,2026-2027,7,kabir.bose.2061@smartcampus.edu,9838316979
Shaurya Kulkarni,2004-05-13,MECH,MECH-1,2026-2027,7,shaurya.kulkarni.2062@smartcampus.edu,9891012222
Swati Mishra,2006-09-18,ECE,ECE-2,2026-2027,5,swati.mishra.2063@smartcampus.edu,9861585816
Deepak Chopra,2004-06-09,MECH,MECH-1,2026-2027,7,deepak.chopra.2064@smartcampus.edu,9894787420
Shaurya Reddy,2003-05-19,CSE,CSE-2,2026-2027,3,shaurya.reddy.2065@smartcampus.edu,9873637670
Krishna Kumar,2005-09-06,CSE,CSE-3,2026-2027,7,krishna.kumar.2066@smartcampus.edu,9845921450
Advaith Shah,2004-09-18,CSE,CSE-1,2026-2027,3,advaith.shah.2067@smartcampus.edu,9893648824
Anjali Choudhury,2006-09-04,CSM,CSM-2,2026-2027,7,anjali.choudhury.2068@smartcampus.edu,9827791815
Vivaan Chopra,2003-01-05,CAD,CAD-1,2026-2027,5,vivaan.chopra.2069@smartcampus.edu,9828095102
Aaryan Iyer,2003-12-03,ECE,ECE-1,2026-2027,5,aaryan.iyer.2070@smartcampus.edu,9883551496
Dhruv Singh,2005-06-30,CSM,CSM-1,2026-2027,7,dhruv.singh.2071@smartcampus.edu,9851751489
Vihaan Saxena,2004-01-12,CAD,CAD-1,2026-2027,7,vihaan.saxena.2072@smartcampus.edu,9833590155
Khushi Ghosh,2004-09-24,CAD,CAD-1,2026-2027,5,khushi.ghosh.2073@smartcampus.edu,9845549401
Sai Kumar,2004-04-07,EEE,EEE-2,2026-2027,7,sai.kumar.2074@smartcampus.edu,9855895862
Pari Kumar,2004-08-26,ECE,ECE-1,2026-2027,5,pari.kumar.2075@smartcampus.edu,9819152645
Shreya Mishra,2005-07-04,EEE,EEE-1,2026-2027,5,shreya.mishra.2076@smartcampus.edu,9846832032
Veda Nair,2006-06-05,EEE,EEE-2,2026-2027,5,veda.nair.2077@smartcampus.edu,9816189656
Kunal Nair,2006-03-20,CSE,CSE-2,2026-2027,3,kunal.nair.2078@smartcampus.edu,9879989906
Anjali Joshi,2006-09-07,CSE,CSE-3,2026-2027,5,anjali.joshi.2079@smartcampus.edu,9899206696
Simran Mehta,2005-05-20,CSE,CSE-2,2026-2027,7,simran.mehta.2080@smartcampus.edu,9812614383
Diya Reddy,2003-09-15,EEE,EEE-2,2026-2027,7,diya.reddy.2081@smartcampus.edu,9822294292
Sunita Nair,2003-01-14,ECE,ECE-1,2026-2027,3,sunita.nair.2082@smartcampus.edu,9821032998
Navya Banerjee,2005-01-20,CAD,CAD-2,2026-2027,5,navya.banerjee.2083@smartcampus.edu,9874932671
Advik Bose,2003-11-14,CSM,CSM-2,2026-2027,7,advik.bose.2084@smartcampus.edu,9841525758
Advaith Kulkarni,2005-02-08,CSE,CSE-3,2026-2027,5,advaith.kulkarni.2085@smartcampus.edu,9855880249
Divya Gupta,2005-09-29,EEE,EEE-2,2026-2027,7,divya.gupta.2086@smartcampus.edu,9862714917
Kabir Ghosh,2006-05-03,CSE,CSE-1,2026-2027,3,kabir.ghosh.2087@smartcampus.edu,9822027108
Sneha Iyer,2005-06-16,ECE,ECE-1,2026-2027,5,sneha.iyer.2088@smartcampus.edu,9838160129
Myra Iyer,2003-11-26,CAD,CAD-2,2026-2027,5,myra.iyer.2089@smartcampus.edu,9880675557
Atharva Das,2004-02-05,ECE,ECE-1,2026-2027,7,atharva.das.2090@smartcampus.edu,9856115848
Ananya Rao,2004-12-15,CSE,CSE-2,2026-2027,3,ananya.rao.2091@smartcampus.edu,9898619206
Vivaan Malhotra,2003-05-21,CSM,CSM-2,2026-2027,3,vivaan.malhotra.2092@smartcampus.edu,9881374946
Khushi Patil,2006-10-24,ECE,ECE-2,2026-2027,5,khushi.patil.2093@smartcampus.edu,9842197137
Pranav Sharma,2005-07-11,EEE,EEE-2,2026-2027,3,pranav.sharma.2094@smartcampus.edu,9827777669
Krishna Mishra,2004-01-06,MECH,MECH-1,2026-2027,3,krishna.mishra.2095@smartcampus.edu,9822328122
Advaith Verma,2003-06-16,CSM,CSM-2,2026-2027,5,advaith.verma.2096@smartcampus.edu,9874974370
Saanvi Bose,2004-01-17,CSM,CSM-1,2026-2027,5,saanvi.bose.2097@smartcampus.edu,9883964524
Ishita Kulkarni,2004-12-11,CSM,CSM-1,2026-2027,3,ishita.kulkarni.2098@smartcampus.edu,9844880772
Atharva Pandey,2005-03-05,CSE,CSE-3,2026-2027,3,atharva.pandey.2099@smartcampus.edu,9833111831
Deepak Sharma,2004-07-04,CSM,CSM-2,2026-2027,3,deepak.sharma.2100@smartcampus.edu,9881495175
Pranav Bose,2004-04-11,CSE,CSE-2,2026-2027,7,pranav.bose.2101@smartcampus.edu,9890978765
Navya Das,2006-09-17,CSE,CSE-3,2026-2027,5,navya.das.2102@smartcampus.edu,9895652030
Khushi Nair,2006-10-14,MECH,MECH-2,2026-2027,3,khushi.nair.2103@smartcampus.edu,9876613746
Ritu Kulkarni,2003-02-11,ECE,ECE-1,2026-2027,7,ritu.kulkarni.2104@smartcampus.edu,9891527018
Kabir Deshmukh,2005-02-16,CSM,CSM-2,2026-2027,7,kabir.deshmukh.2105@smartcampus.edu,9830342731
Ananya Kulkarni,2003-05-31,CSM,CSM-2,2026-2027,3,ananya.kulkarni.2106@smartcampus.edu,9887757465
Nikhil Patel,2006-12-10,ECE,ECE-2,2026-2027,7,nikhil.patel.2107@smartcampus.edu,9841134852
Neha Das,2003-08-16,CSM,CSM-2,2026-2027,3,neha.das.2108@smartcampus.edu,9837560476
Meera Mehta,2004-05-08,CSM,CSM-1,2026-2027,7,meera.mehta.2109@smartcampus.edu,9859360747
Deepak Kumar,2006-07-01,CAD,CAD-1,2026-2027,7,deepak.kumar.2110@smartcampus.edu,9841350202
Varun Banerjee,2004-07-15,CSM,CSM-1,2026-2027,3,varun.banerjee.2111@smartcampus.edu,9887779939
Advik Iyer,2004-02-01,CSE,CSE-1,2026-2027,3,advik.iyer.2112@smartcampus.edu,9863275043
Vivaan Kulkarni,2004-06-13,CSE,CSE-3,2026-2027,3,vivaan.kulkarni.2113@smartcampus.edu,9888090355
Rohan Verma,2004-06-13,MECH,MECH-2,2026-2027,3,rohan.verma.2114@smartcampus.edu,9863499703
Saanvi Ghosh,2006-05-30,MECH,MECH-1,2026-2027,5,saanvi.ghosh.2115@smartcampus.edu,9893744746
Pranav Choudhury,2006-03-20,ECE,ECE-1,2026-2027,7,pranav.choudhury.2116@smartcampus.edu,9895337881
Pooja Saxena,2003-04-03,CSE,CSE-1,2026-2027,3,pooja.saxena.2117@smartcampus.edu,9862062580
Zoya Bose,2006-02-21,CSE,CSE-1,2026-2027,7,zoya.bose.2118@smartcampus.edu,9885220166
Rohan Banerjee,2006-10-11,CSM,CSM-1,2026-2027,3,rohan.banerjee.2119@smartcampus.edu,9862326958
Sunita Chatterjee,2003-07-16,ECE,ECE-1,2026-2027,7,sunita.chatterjee.2120@smartcampus.edu,9824793569
Gautam Patel,2003-10-19,ECE,ECE-1,2026-2027,7,gautam.patel.2121@smartcampus.edu,9829556654
Zoya Agarwal,2004-03-17,CSE,CSE-1,2026-2027,3,zoya.agarwal.2122@smartcampus.edu,9865164913
Siya Iyer,2006-11-21,CSE,CSE-1,2026-2027,3,siya.iyer.2123@smartcampus.edu,9888911928
Siya Ghosh,2006-12-14,CSE,CSE-2,2026-2027,7,siya.ghosh.2124@smartcampus.edu,9847033931
Pranav Deshmukh,2005-10-24,ECE,ECE-2,2026-2027,5,pranav.deshmukh.2125@smartcampus.edu,9813308612
Prisha Gupta,2005-08-01,CAD,CAD-1,2026-2027,7,prisha.gupta.2126@smartcampus.edu,9858913865
Vivaan Choudhury,2003-10-25,CSE,CSE-3,2026-2027,3,vivaan.choudhury.2127@smartcampus.edu,9836161773
Aarav Banerjee,2005-10-19,CSM,CSM-1,2026-2027,3,aarav.banerjee.2128@smartcampus.edu,9844455027
Tanvi Pandey,2006-05-26,CSM,CSM-2,2026-2027,3,tanvi.pandey.2129@smartcampus.edu,9872874532
Vikram Patil,2004-01-28,ECE,ECE-1,2026-2027,7,vikram.patil.2130@smartcampus.edu,9896157930
Pranav Kulkarni,2005-02-02,CSE,CSE-3,2026-2027,7,pranav.kulkarni.2131@smartcampus.edu,9858448448
Zoya Mishra,2006-07-20,MECH,MECH-1,2026-2027,7,zoya.mishra.2132@smartcampus.edu,9844099301
Shaurya Chatterjee,2003-09-22,CSE,CSE-3,2026-2027,3,shaurya.chatterjee.2133@smartcampus.edu,9827418599
Sunita Shah,2006-08-30,CAD,CAD-1,2026-2027,5,sunita.shah.2134@smartcampus.edu,9860100310
Priya Kumar,2006-04-12,CSE,CSE-3,2026-2027,5,priya.kumar.2135@smartcampus.edu,9833728954
Simran Banerjee,2003-05-19,CSM,CSM-2,2026-2027,7,simran.banerjee.2136@smartcampus.edu,9856207672
Aditya Choudhury,2003-12-16,CSM,CSM-2,2026-2027,7,aditya.choudhury.2137@smartcampus.edu,9868630301
Sara Deshmukh,2003-12-24,ECE,ECE-2,2026-2027,7,sara.deshmukh.2138@smartcampus.edu,9845669035
Preeti Malhotra,2003-11-02,EEE,EEE-1,2026-2027,5,preeti.malhotra.2139@smartcampus.edu,9881827550
Swati Mishra,2004-06-09,CAD,CAD-2,2026-2027,7,swati.mishra.2140@smartcampus.edu,9834916590
Kunal Joshi,2004-05-09,EEE,EEE-1,2026-2027,3,kunal.joshi.2141@smartcampus.edu,9887163769
Aaryan Patel,2005-12-05,MECH,MECH-1,2026-2027,5,aaryan.patel.2142@smartcampus.edu,9865548594
Aarav Kapoor,2006-10-07,CAD,CAD-2,2026-2027,5,aarav.kapoor.2143@smartcampus.edu,9880744468
Reyansh Agarwal,2006-11-15,CAD,CAD-1,2026-2027,7,reyansh.agarwal.2144@smartcampus.edu,9854009516
Sunita Banerjee,2006-08-24,CSE,CSE-1,2026-2027,7,sunita.banerjee.2145@smartcampus.edu,9859502306
Kabir Gupta,2003-06-28,ECE,ECE-2,2026-2027,5,kabir.gupta.2146@smartcampus.edu,9829965664
Simran Agarwal,2005-05-26,CSE,CSE-3,2026-2027,3,simran.agarwal.2147@smartcampus.edu,9820863969
Ishita Chatterjee,2003-06-23,CSE,CSE-1,2026-2027,7,ishita.chatterjee.2148@smartcampus.edu,9834053590
Shreya Iyer,2005-03-04,EEE,EEE-1,2026-2027,7,shreya.iyer.2149@smartcampus.edu,9835285046
Aaryan Iyer,2005-04-29,ECE,ECE-2,2026-2027,3,aaryan.iyer.2150@smartcampus.edu,9871565722
Myra Mehta,2004-04-01,EEE,EEE-1,2026-2027,5,myra.mehta.2151@smartcampus.edu,9862156554
Rithvik Sharma,2003-04-24,CAD,CAD-2,2026-2027,7,rithvik.sharma.2152@smartcampus.edu,9858167267
Riya Gupta,2005-12-16,EEE,EEE-1,2026-2027,5,riya.gupta.2153@smartcampus.edu,9839760400
Ishita Patel,2006-06-11,CSE,CSE-1,2026-2027,3,ishita.patel.2154@smartcampus.edu,9883012804
Zoya Mehta,2004-10-22,CSE,CSE-2,2026-2027,5,zoya.mehta.2155@smartcampus.edu,9850344317
Saanvi Saxena,2004-09-23,ECE,ECE-2,2026-2027,5,saanvi.saxena.2156@smartcampus.edu,9818939978
Sneha Joshi,2003-10-26,CSE,CSE-2,2026-2027,5,sneha.joshi.2157@smartcampus.edu,9863276180
Shaurya Bhat,2006-09-21,EEE,EEE-1,2026-2027,3,shaurya.bhat.2158@smartcampus.edu,9845316512
Anjali Rao,2003-09-09,ECE,ECE-2,2026-2027,7,anjali.rao.2159@smartcampus.edu,9818109972
Gauri Reddy,2006-01-14,MECH,MECH-2,2026-2027,7,gauri.reddy.2160@smartcampus.edu,9833449138
Saanvi Banerjee,2006-05-06,MECH,MECH-1,2026-2027,7,saanvi.banerjee.2161@smartcampus.edu,9855927621
Shaurya Kulkarni,2003-04-28,ECE,ECE-1,2026-2027,5,shaurya.kulkarni.2162@smartcampus.edu,9830876357
Ritu Sharma,2004-12-23,ECE,ECE-2,2026-2027,3,ritu.sharma.2163@smartcampus.edu,9810840262
Prisha Nair,2003-04-07,CSM,CSM-1,2026-2027,5,prisha.nair.2164@smartcampus.edu,9838583563
Deepak Agarwal,2003-07-03,ECE,ECE-2,2026-2027,7,deepak.agarwal.2165@smartcampus.edu,9883402880
Kavya Sharma,2005-05-12,CSE,CSE-1,2026-2027,5,kavya.sharma.2166@smartcampus.edu,9846343822
Sara Agarwal,2006-06-15,CSE,CSE-3,2026-2027,5,sara.agarwal.2167@smartcampus.edu,9859431916
Meera Gupta,2005-08-29,CSE,CSE-3,2026-2027,5,meera.gupta.2168@smartcampus.edu,9873823277
Simran Choudhury,2004-03-22,EEE,EEE-1,2026-2027,5,simran.choudhury.2169@smartcampus.edu,9882214983
Ishita Iyer,2004-03-21,CSE,CSE-1,2026-2027,7,ishita.iyer.2170@smartcampus.edu,9810120854
Pranav Agarwal,2006-03-28,CSM,CSM-2,2026-2027,5,pranav.agarwal.2171@smartcampus.edu,9813003145
Shreya Kumar,2005-06-17,MECH,MECH-1,2026-2027,7,shreya.kumar.2172@smartcampus.edu,9856844987
Myra Pandey,2006-11-06,ECE,ECE-2,2026-2027,5,myra.pandey.2173@smartcampus.edu,9842483960
Anjali Chatterjee,2004-04-27,CAD,CAD-1,2026-2027,5,anjali.chatterjee.2174@smartcampus.edu,9873026361
Dhruv Kulkarni,2003-10-26,ECE,ECE-1,2026-2027,7,dhruv.kulkarni.2175@smartcampus.edu,9827259037
Aarav Ghosh,2003-02-20,CSM,CSM-2,2026-2027,7,aarav.ghosh.2176@smartcampus.edu,9885028675
Meera Pandey,2006-05-02,CSM,CSM-2,2026-2027,7,meera.pandey.2177@smartcampus.edu,9897065536
Zoya Bose,2006-03-14,CSM,CSM-2,2026-2027,5,zoya.bose.2178@smartcampus.edu,9820299286
Meera Chopra,2003-07-21,EEE,EEE-1,2026-2027,3,meera.chopra.2179@smartcampus.edu,9826023619
Veda Choudhury,2006-09-10,MECH,MECH-1,2026-2027,5,veda.choudhury.2180@smartcampus.edu,9877084289
Ayaan Nair,2006-11-19,ECE,ECE-1,2026-2027,5,ayaan.nair.2181@smartcampus.edu,9883267249
Myra Gupta,2006-03-17,CAD,CAD-1,2026-2027,3,myra.gupta.2182@smartcampus.edu,9876186378
Siya Agarwal,2006-09-26,CSE,CSE-1,2026-2027,5,siya.agarwal.2183@smartcampus.edu,9827666040
Rahul Chatterjee,2004-02-21,ECE,ECE-2,2026-2027,5,rahul.chatterjee.2184@smartcampus.edu,9829161426
Aditya Malhotra,2003-10-06,ECE,ECE-1,2026-2027,5,aditya.malhotra.2185@smartcampus.edu,9843118348
Rithvik Pandey,2004-04-25,CSM,CSM-1,2026-2027,5,rithvik.pandey.2186@smartcampus.edu,9812969690
Tanvi Deshmukh,2006-03-12,CAD,CAD-2,2026-2027,7,tanvi.deshmukh.2187@smartcampus.edu,9846865557
Shreya Singh,2004-11-06,ECE,ECE-2,2026-2027,3,shreya.singh.2188@smartcampus.edu,9842647469
Swati Bhat,2003-12-04,CSE,CSE-1,2026-2027,5,swati.bhat.2189@smartcampus.edu,9892370276
Shreya Iyer,2005-09-21,CSM,CSM-1,2026-2027,5,shreya.iyer.2190@smartcampus.edu,9878558875
Shaurya Agarwal,2006-11-01,CAD,CAD-2,2026-2027,7,shaurya.agarwal.2191@smartcampus.edu,9864591846
Vikram Bhat,2005-12-02,CAD,CAD-2,2026-2027,5,vikram.bhat.2192@smartcampus.edu,9814407439
Siddharth Gupta,2005-04-02,CSE,CSE-2,2026-2027,3,siddharth.gupta.2193@smartcampus.edu,9892592344
Simran Mehta,2005-01-18,CSM,CSM-2,2026-2027,7,simran.mehta.2194@smartcampus.edu,9869487921
Deepak Sharma,2003-01-04,CSE,CSE-3,2026-2027,5,deepak.sharma.2195@smartcampus.edu,9830636166
Varun Shah,2005-07-24,CSM,CSM-2,2026-2027,3,varun.shah.2196@smartcampus.edu,9876444024
Meera Patel,2004-01-03,CSM,CSM-2,2026-2027,7,meera.patel.2197@smartcampus.edu,9835405570
Aaryan Mehta,2004-07-02,MECH,MECH-2,2026-2027,5,aaryan.mehta.2198@smartcampus.edu,9839761331
Atharva Bose,2003-11-30,EEE,EEE-2,2026-2027,3,atharva.bose.2199@smartcampus.edu,9843794072
Siddharth Joshi,2004-02-18,ECE,ECE-1,2026-2027,3,siddharth.joshi.2200@smartcampus.edu,9816854655
Harish Agarwal,2003-11-11,CSM,CSM-1,2026-2027,3,harish.agarwal.2201@smartcampus.edu,9870505179
Arjun Chatterjee,2005-11-20,CSM,CSM-2,2026-2027,3,arjun.chatterjee.2202@smartcampus.edu,9821757838
Rohan Ghosh,2003-07-18,ECE,ECE-2,2026-2027,7,rohan.ghosh.2203@smartcampus.edu,9838161474
Veda Deshmukh,2005-10-24,EEE,EEE-2,2026-2027,3,veda.deshmukh.2204@smartcampus.edu,9888180691
Ananya Malhotra,2004-06-03,CSM,CSM-2,2026-2027,5,ananya.malhotra.2205@smartcampus.edu,9860754911
Meera Mishra,2005-12-28,ECE,ECE-1,2026-2027,3,meera.mishra.2206@smartcampus.edu,9832256478
Sunita Choudhury,2005-11-13,CSM,CSM-2,2026-2027,5,sunita.choudhury.2207@smartcampus.edu,9877642230
Dhruv Gupta,2005-04-14,CSE,CSE-2,2026-2027,7,dhruv.gupta.2208@smartcampus.edu,9895950310
Manish Chatterjee,2006-03-03,MECH,MECH-1,2026-2027,7,manish.chatterjee.2209@smartcampus.edu,9868802139
Tanvi Kapoor,2006-12-17,MECH,MECH-2,2026-2027,5,tanvi.kapoor.2210@smartcampus.edu,9898213332
Neha Rao,2006-03-27,ECE,ECE-2,2026-2027,5,neha.rao.2211@smartcampus.edu,9898494064
Advik Gupta,2004-05-24,CSM,CSM-2,2026-2027,5,advik.gupta.2212@smartcampus.edu,9816262250
Aaryan Kapoor,2005-04-05,CSM,CSM-2,2026-2027,5,aaryan.kapoor.2213@smartcampus.edu,9887036307
Riya Bhat,2005-12-08,EEE,EEE-2,2026-2027,3,riya.bhat.2214@smartcampus.edu,9896628547
Sai Chatterjee,2006-05-16,CSE,CSE-2,2026-2027,3,sai.chatterjee.2215@smartcampus.edu,9895334191
Aaryan Kapoor,2006-07-09,ECE,ECE-1,2026-2027,3,aaryan.kapoor.2216@smartcampus.edu,9874373547
Prisha Verma,2005-05-01,EEE,EEE-1,2026-2027,3,prisha.verma.2217@smartcampus.edu,9834856328
Rohan Kapoor,2004-09-22,CSE,CSE-3,2026-2027,3,rohan.kapoor.2218@smartcampus.edu,9880660589
Anjali Sharma,2005-07-29,EEE,EEE-1,2026-2027,7,anjali.sharma.2219@smartcampus.edu,9853180911
Manish Das,2003-02-03,CSE,CSE-3,2026-2027,7,manish.das.2220@smartcampus.edu,9853385717
Shaurya Banerjee,2004-04-25,ECE,ECE-2,2026-2027,3,shaurya.banerjee.2221@smartcampus.edu,9871632296
Swati Shah,2003-01-19,CSM,CSM-1,2026-2027,7,swati.shah.2222@smartcampus.edu,9871587205
Sai Reddy,2006-04-24,ECE,ECE-2,2026-2027,5,sai.reddy.2223@smartcampus.edu,9846163539
Veda Ghosh,2003-04-02,ECE,ECE-2,2026-2027,5,veda.ghosh.2224@smartcampus.edu,9877083386
Vikram Singh,2003-07-20,MECH,MECH-2,2026-2027,5,vikram.singh.2225@smartcampus.edu,9844570011
Tanvi Kumar,2006-10-24,EEE,EEE-1,2026-2027,7,tanvi.kumar.2226@smartcampus.edu,9885218358
Ishaan Bose,2004-09-28,ECE,ECE-2,2026-2027,5,ishaan.bose.2227@smartcampus.edu,9845610275
Pranav Patel,2006-12-01,CSE,CSE-1,2026-2027,5,pranav.patel.2228@smartcampus.edu,9879773659
Priya Banerjee,2006-09-25,EEE,EEE-2,2026-2027,3,priya.banerjee.2229@smartcampus.edu,9820985976
Zoya Joshi,2005-10-08,CAD,CAD-1,2026-2027,7,zoya.joshi.2230@smartcampus.edu,9841713945
Vikram Bose,2003-03-30,CSM,CSM-1,2026-2027,7,vikram.bose.2231@smartcampus.edu,9891088203
Nikhil Pandey,2004-05-18,ECE,ECE-2,2026-2027,5,nikhil.pandey.2232@smartcampus.edu,9836243602
Gautam Kulkarni,2004-06-26,CSE,CSE-2,2026-2027,3,gautam.kulkarni.2233@smartcampus.edu,9836269546
Gautam Bhat,2006-07-15,CSE,CSE-1,2026-2027,7,gautam.bhat.2234@smartcampus.edu,9888709002
Simran Ghosh,2005-07-25,EEE,EEE-2,2026-2027,7,simran.ghosh.2235@smartcampus.edu,9893931919
Reyansh Bhat,2006-07-12,CSM,CSM-2,2026-2027,3,reyansh.bhat.2236@smartcampus.edu,9886825571
Shaurya Choudhury,2005-09-06,CSE,CSE-2,2026-2027,3,shaurya.choudhury.2237@smartcampus.edu,9827111757
Gautam Singh,2006-04-26,ECE,ECE-1,2026-2027,3,gautam.singh.2238@smartcampus.edu,9840050843
Dhruv Choudhury,2006-06-22,CSM,CSM-2,2026-2027,3,dhruv.choudhury.2239@smartcampus.edu,9815655858
Varun Mehta,2006-07-13,ECE,ECE-2,2026-2027,5,varun.mehta.2240@smartcampus.edu,9838895601
Priya Singh,2005-10-27,ECE,ECE-1,2026-2027,7,priya.singh.2241@smartcampus.edu,9836825330
Sara Deshmukh,2005-04-05,CSE,CSE-1,2026-2027,3,sara.deshmukh.2242@smartcampus.edu,9890098349
Kavya Nair,2003-04-04,EEE,EEE-1,2026-2027,7,kavya.nair.2243@smartcampus.edu,9831339594
Vivaan Chatterjee,2004-10-12,CSM,CSM-1,2026-2027,5,vivaan.chatterjee.2244@smartcampus.edu,9897903356
Deepak Mishra,2003-12-08,CSM,CSM-2,2026-2027,3,deepak.mishra.2245@smartcampus.edu,9880536514
Navya Gupta,2004-08-06,EEE,EEE-1,2026-2027,5,navya.gupta.2246@smartcampus.edu,9889414530
Ananya Kumar,2004-10-28,CSM,CSM-1,2026-2027,3,ananya.kumar.2247@smartcampus.edu,9857651199
Khushi Patel,2003-01-22,EEE,EEE-2,2026-2027,7,khushi.patel.2248@smartcampus.edu,9863258357
Advaith Nair,2005-12-05,EEE,EEE-2,2026-2027,3,advaith.nair.2249@smartcampus.edu,9887314766
Varun Rao,2005-01-26,ECE,ECE-2,2026-2027,5,varun.rao.2250@smartcampus.edu,9859347312
Veda Malhotra,2004-12-21,ECE,ECE-1,2026-2027,7,veda.malhotra.2251@smartcampus.edu,9850148640
Advaith Bose,2006-02-18,MECH,MECH-1,2026-2027,5,advaith.bose.2252@smartcampus.edu,9892556439
Dhruv Iyer,2006-12-23,CAD,CAD-2,2026-2027,7,dhruv.iyer.2253@smartcampus.edu,9827140676
Vivaan Nair,2004-05-19,MECH,MECH-1,2026-2027,5,vivaan.nair.2254@smartcampus.edu,9880021377
Rithvik Kapoor,2003-09-18,MECH,MECH-2,2026-2027,7,rithvik.kapoor.2255@smartcampus.edu,9890171105
Neha Mehta,2006-08-28,CSM,CSM-1,2026-2027,3,neha.mehta.2256@smartcampus.edu,9837833155
Navya Pandey,2003-12-08,CSE,CSE-1,2026-2027,5,navya.pandey.2257@smartcampus.edu,9883074088
Nikhil Deshmukh,2006-05-25,CSE,CSE-2,2026-2027,7,nikhil.deshmukh.2258@smartcampus.edu,9873883262
Saanvi Reddy,2006-07-15,CSM,CSM-1,2026-2027,7,saanvi.reddy.2259@smartcampus.edu,9893426285
Ananya Pandey,2005-12-30,EEE,EEE-1,2026-2027,7,ananya.pandey.2260@smartcampus.edu,9834712019
Sneha Choudhury,2004-10-30,MECH,MECH-1,2026-2027,5,sneha.choudhury.2261@smartcampus.edu,9898356676
Simran Bose,2003-12-21,CSM,CSM-2,2026-2027,7,simran.bose.2262@smartcampus.edu,9849198925
Meera Mehta,2004-06-02,ECE,ECE-1,2026-2027,7,meera.mehta.2263@smartcampus.edu,9867601375
Vivaan Joshi,2006-03-18,EEE,EEE-2,2026-2027,7,vivaan.joshi.2264@smartcampus.edu,9831521906
Myra Kulkarni,2004-07-26,CSM,CSM-2,2026-2027,5,myra.kulkarni.2265@smartcampus.edu,9899604158
Aaryan Agarwal,2005-06-18,CSM,CSM-1,2026-2027,5,aaryan.agarwal.2266@smartcampus.edu,9833961960
Aditya Singh,2003-06-24,CSM,CSM-2,2026-2027,5,aditya.singh.2267@smartcampus.edu,9855486449
Sneha Sharma,2003-10-07,ECE,ECE-2,2026-2027,3,sneha.sharma.2268@smartcampus.edu,9849769918
Sunita Joshi,2005-08-21,CSM,CSM-2,2026-2027,7,sunita.joshi.2269@smartcampus.edu,9859281195
Navya Reddy,2006-07-20,CSE,CSE-1,2026-2027,7,navya.reddy.2270@smartcampus.edu,9893905582
Swati Verma,2006-05-20,CSE,CSE-2,2026-2027,5,swati.verma.2271@smartcampus.edu,9860504391
Vikram Bose,2005-11-07,EEE,EEE-2,2026-2027,5,vikram.bose.2272@smartcampus.edu,9865345907
Sunita Banerjee,2005-05-18,CSE,CSE-2,2026-2027,5,sunita.banerjee.2273@smartcampus.edu,9818635310
Advik Sharma,2003-11-17,CSE,CSE-3,2026-2027,7,advik.sharma.2274@smartcampus.edu,9856414945
Arjun Nair,2005-01-23,CSE,CSE-3,2026-2027,3,arjun.nair.2275@smartcampus.edu,9823455467
Diya Mishra,2005-01-28,CSM,CSM-1,2026-2027,5,diya.mishra.2276@smartcampus.edu,9816738766
Preeti Banerjee,2004-12-22,MECH,MECH-1,2026-2027,7,preeti.banerjee.2277@smartcampus.edu,9854948952
Zoya Verma,2003-10-03,CSM,CSM-2,2026-2027,7,zoya.verma.2278@smartcampus.edu,9893931794
Sunita Nair,2005-03-17,ECE,ECE-1,2026-2027,3,sunita.nair.2279@smartcampus.edu,9890380649
Pooja Choudhury,2003-02-27,CSE,CSE-1,2026-2027,7,pooja.choudhury.2280@smartcampus.edu,9835081186
Anjali Verma,2004-05-14,CSE,CSE-2,2026-2027,5,anjali.verma.2281@smartcampus.edu,9864962069
Shreya Singh,2005-01-21,CSE,CSE-2,2026-2027,5,shreya.singh.2282@smartcampus.edu,9838397688
Simran Bhat,2004-07-29,CSM,CSM-2,2026-2027,7,simran.bhat.2283@smartcampus.edu,9876364655
Rithvik Das,2004-10-19,CSM,CSM-2,2026-2027,7,rithvik.das.2284@smartcampus.edu,9844287456
Myra Nair,2004-08-22,CSE,CSE-3,2026-2027,5,myra.nair.2285@smartcampus.edu,9888067592
Priya Shah,2003-01-20,EEE,EEE-2,2026-2027,3,priya.shah.2286@smartcampus.edu,9819317580
Aaryan Kulkarni,2005-04-27,CAD,CAD-2,2026-2027,7,aaryan.kulkarni.2287@smartcampus.edu,9820085909
Myra Reddy,2003-12-20,CAD,CAD-1,2026-2027,5,myra.reddy.2288@smartcampus.edu,9896839556
Vivaan Patil,2005-12-16,ECE,ECE-1,2026-2027,3,vivaan.patil.2289@smartcampus.edu,9859329658
Sunita Kulkarni,2003-08-19,ECE,ECE-1,2026-2027,3,sunita.kulkarni.2290@smartcampus.edu,9845257963
Diya Reddy,2004-02-13,CSM,CSM-2,2026-2027,5,diya.reddy.2291@smartcampus.edu,9863950215
Atharva Rao,2003-12-08,CSE,CSE-2,2026-2027,7,atharva.rao.2292@smartcampus.edu,9816900731
Rahul Singh,2005-07-14,CSE,CSE-3,2026-2027,7,rahul.singh.2293@smartcampus.edu,9884130670
Ishaan Verma,2005-10-27,CAD,CAD-1,2026-2027,5,ishaan.verma.2294@smartcampus.edu,9881365337
Rithvik Ghosh,2005-10-19,EEE,EEE-2,2026-2027,7,rithvik.ghosh.2295@smartcampus.edu,9832767262
Diya Ghosh,2003-02-16,MECH,MECH-2,2026-2027,7,diya.ghosh.2296@smartcampus.edu,9840038473
Ayaan Rao,2005-09-11,CSE,CSE-3,2026-2027,3,ayaan.rao.2297@smartcampus.edu,9833092771
Vivaan Malhotra,2003-11-28,EEE,EEE-2,2026-2027,3,vivaan.malhotra.2298@smartcampus.edu,9838624854
Sunita Verma,2006-03-16,ECE,ECE-1,2026-2027,7,sunita.verma.2299@smartcampus.edu,9842847966
Tanvi Patil,2004-06-29,CSE,CSE-2,2026-2027,3,tanvi.patil.2300@smartcampus.edu,9869538574
Sneha Singh,2005-01-06,CSE,CSE-2,2026-2027,5,sneha.singh.2301@smartcampus.edu,9858477272
Vivaan Deshmukh,2006-08-30,CSE,CSE-2,2026-2027,5,vivaan.deshmukh.2302@smartcampus.edu,9829459830
Rahul Das,2006-09-05,CSE,CSE-3,2026-2027,3,rahul.das.2303@smartcampus.edu,9836896665
Pranav Kumar,2004-02-14,EEE,EEE-1,2026-2027,5,pranav.kumar.2304@smartcampus.edu,9871483633
Pari Das,2004-08-18,CSM,CSM-2,2026-2027,5,pari.das.2305@smartcampus.edu,9862166454
Gauri Das,2005-03-30,CSM,CSM-1,2026-2027,3,gauri.das.2306@smartcampus.edu,9865340734
Gauri Kapoor,2003-10-14,EEE,EEE-1,2026-2027,3,gauri.kapoor.2307@smartcampus.edu,9842147024
Swati Iyer,2006-04-14,ECE,ECE-1,2026-2027,5,swati.iyer.2308@smartcampus.edu,9858433634
Ishaan Joshi,2005-09-22,ECE,ECE-2,2026-2027,3,ishaan.joshi.2309@smartcampus.edu,9899783468
Simran Agarwal,2005-05-15,MECH,MECH-1,2026-2027,5,simran.agarwal.2310@smartcampus.edu,9873479177
Siddharth Deshmukh,2004-10-28,CSE,CSE-3,2026-2027,7,siddharth.deshmukh.2311@smartcampus.edu,9813132945
Arjun Saxena,2004-03-06,CSE,CSE-2,2026-2027,3,arjun.saxena.2312@smartcampus.edu,9845516817
Ritu Choudhury,2003-05-26,ECE,ECE-2,2026-2027,3,ritu.choudhury.2313@smartcampus.edu,9888115958
Prisha Reddy,2003-08-28,ECE,ECE-2,2026-2027,7,prisha.reddy.2314@smartcampus.edu,9876284655
Sunita Joshi,2004-06-24,CSM,CSM-1,2026-2027,3,sunita.joshi.2315@smartcampus.edu,9840354806
Aarav Kulkarni,2005-05-04,ECE,ECE-2,2026-2027,3,aarav.kulkarni.2316@smartcampus.edu,9811441515
Sara Nair,2003-01-06,ECE,ECE-2,2026-2027,7,sara.nair.2317@smartcampus.edu,9868210316
Pooja Joshi,2005-07-26,CSM,CSM-2,2026-2027,7,pooja.joshi.2318@smartcampus.edu,9840963528
Kavya Patel,2004-09-01,ECE,ECE-2,2026-2027,3,kavya.patel.2319@smartcampus.edu,9828671465
Pooja Nair,2006-09-01,ECE,ECE-2,2026-2027,7,pooja.nair.2320@smartcampus.edu,9876832336
Tanvi Banerjee,2003-03-24,CSE,CSE-1,2026-2027,5,tanvi.banerjee.2321@smartcampus.edu,9881592379
Sunita Choudhury,2003-03-28,CSE,CSE-3,2026-2027,5,sunita.choudhury.2322@smartcampus.edu,9878681278
Zoya Chopra,2005-11-19,CSM,CSM-1,2026-2027,3,zoya.chopra.2323@smartcampus.edu,9825234479
Advik Joshi,2004-12-25,CSE,CSE-2,2026-2027,7,advik.joshi.2324@smartcampus.edu,9881920838
Siddharth Pandey,2003-05-16,CAD,CAD-2,2026-2027,3,siddharth.pandey.2325@smartcampus.edu,9890288777
Riya Rao,2003-08-25,ECE,ECE-1,2026-2027,7,riya.rao.2326@smartcampus.edu,9822735207
Deepak Agarwal,2003-03-24,CAD,CAD-1,2026-2027,7,deepak.agarwal.2327@smartcampus.edu,9881386790
Aditya Kapoor,2003-10-27,CAD,CAD-2,2026-2027,7,aditya.kapoor.2328@smartcampus.edu,9857676600
Aarav Agarwal,2006-03-01,CSM,CSM-2,2026-2027,7,aarav.agarwal.2329@smartcampus.edu,9828871712
Advik Ghosh,2004-03-13,CSE,CSE-2,2026-2027,7,advik.ghosh.2330@smartcampus.edu,9823245059
Advaith Gupta,2004-07-07,ECE,ECE-2,2026-2027,5,advaith.gupta.2331@smartcampus.edu,9827311060
Reyansh Chatterjee,2003-06-14,CSE,CSE-1,2026-2027,3,reyansh.chatterjee.2332@smartcampus.edu,9860101137
Tanvi Kapoor,2003-09-08,CSE,CSE-3,2026-2027,7,tanvi.kapoor.2333@smartcampus.edu,9876718021
Divya Bose,2004-07-02,CSE,CSE-1,2026-2027,7,divya.bose.2334@smartcampus.edu,9817825595
Simran Singh,2005-09-09,CSM,CSM-1,2026-2027,7,simran.singh.2335@smartcampus.edu,9819920930
Rahul Nair,2005-09-27,ECE,ECE-1,2026-2027,3,rahul.nair.2336@smartcampus.edu,9884862562
Myra Joshi,2003-06-29,MECH,MECH-1,2026-2027,5,myra.joshi.2337@smartcampus.edu,9828165050
Tanvi Singh,2005-05-15,CSM,CSM-1,2026-2027,3,tanvi.singh.2338@smartcampus.edu,9871918920
Shreya Mishra,2003-02-24,EEE,EEE-1,2026-2027,7,shreya.mishra.2339@smartcampus.edu,9886567356
Rohan Saxena,2006-12-01,MECH,MECH-2,2026-2027,3,rohan.saxena.2340@smartcampus.edu,9824862857
Zoya Saxena,2006-11-27,ECE,ECE-1,2026-2027,7,zoya.saxena.2341@smartcampus.edu,9865843943
Pranav Kapoor,2003-06-02,MECH,MECH-2,2026-2027,3,pranav.kapoor.2342@smartcampus.edu,9870207802
Ishaan Bose,2006-11-13,CSE,CSE-3,2026-2027,5,ishaan.bose.2343@smartcampus.edu,9878977779
Siddharth Reddy,2004-07-01,ECE,ECE-2,2026-2027,7,siddharth.reddy.2344@smartcampus.edu,9857565523
Pari Kulkarni,2006-05-01,MECH,MECH-2,2026-2027,5,pari.kulkarni.2345@smartcampus.edu,9831894382
Ananya Verma,2003-06-08,ECE,ECE-2,2026-2027,5,ananya.verma.2346@smartcampus.edu,9857191906
Rahul Verma,2004-10-18,CSE,CSE-2,2026-2027,7,rahul.verma.2347@smartcampus.edu,9852202008
Nikhil Chatterjee,2003-08-11,CSE,CSE-2,2026-2027,3,nikhil.chatterjee.2348@smartcampus.edu,9876223647
Priya Kapoor,2003-01-25,CSM,CSM-2,2026-2027,7,priya.kapoor.2349@smartcampus.edu,9851272080
Aaryan Bhat,2005-11-28,ECE,ECE-1,2026-2027,3,aaryan.bhat.2350@smartcampus.edu,9853554049
Ishita Chopra,2004-11-23,CSM,CSM-2,2026-2027,5,ishita.chopra.2351@smartcampus.edu,9895762720
Gauri Kulkarni,2003-12-21,CSM,CSM-2,2026-2027,7,gauri.kulkarni.2352@smartcampus.edu,9881669348
Varun Agarwal,2004-02-09,MECH,MECH-1,2026-2027,3,varun.agarwal.2353@smartcampus.edu,9862281712
Khushi Agarwal,2003-05-01,MECH,MECH-2,2026-2027,7,khushi.agarwal.2354@smartcampus.edu,9864452701
Kabir Bose,2003-04-23,MECH,MECH-1,2026-2027,3,kabir.bose.2355@smartcampus.edu,9886063887
Krishna Sharma,2004-06-11,CSM,CSM-1,2026-2027,5,krishna.sharma.2356@smartcampus.edu,9834607008
Vikram Nair,2003-03-03,CSE,CSE-2,2026-2027,5,vikram.nair.2357@smartcampus.edu,9885576810
Shreya Banerjee,2006-05-09,CSM,CSM-1,2026-2027,7,shreya.banerjee.2358@smartcampus.edu,9843626216
Navya Chopra,2005-04-06,EEE,EEE-1,2026-2027,7,navya.chopra.2359@smartcampus.edu,9832764643
Rahul Deshmukh,2006-04-09,CAD,CAD-2,2026-2027,3,rahul.deshmukh.2360@smartcampus.edu,9840924142
Krishna Gupta,2003-12-04,ECE,ECE-1,2026-2027,5,krishna.gupta.2361@smartcampus.edu,9828903702
Sunita Iyer,2004-03-24,EEE,EEE-1,2026-2027,5,sunita.iyer.2362@smartcampus.edu,9894585756
Aarav Sharma,2003-07-17,ECE,ECE-2,2026-2027,5,aarav.sharma.2363@smartcampus.edu,9811849346
Siya Bhat,2003-08-12,CAD,CAD-2,2026-2027,3,siya.bhat.2364@smartcampus.edu,9867815487
Harish Mehta,2005-12-06,ECE,ECE-2,2026-2027,7,harish.mehta.2365@smartcampus.edu,9822428738
Saanvi Reddy,2006-12-02,CSM,CSM-2,2026-2027,7,saanvi.reddy.2366@smartcampus.edu,9846195473
Gautam Sharma,2003-11-21,CAD,CAD-1,2026-2027,5,gautam.sharma.2367@smartcampus.edu,9855648748
Divya Singh,2005-05-19,CSM,CSM-1,2026-2027,5,divya.singh.2368@smartcampus.edu,9835910337
Rahul Sharma,2003-07-24,CSE,CSE-3,2026-2027,5,rahul.sharma.2369@smartcampus.edu,9887881702
Ishita Shah,2005-05-17,ECE,ECE-2,2026-2027,5,ishita.shah.2370@smartcampus.edu,9853229433
Myra Chatterjee,2006-10-26,CSE,CSE-3,2026-2027,3,myra.chatterjee.2371@smartcampus.edu,9895786374
Siya Rao,2006-11-10,CSM,CSM-2,2026-2027,3,siya.rao.2372@smartcampus.edu,9828829979
Shreya Sharma,2005-12-21,CSE,CSE-2,2026-2027,7,shreya.sharma.2373@smartcampus.edu,9862870080
Siya Reddy,2003-10-06,EEE,EEE-1,2026-2027,5,siya.reddy.2374@smartcampus.edu,9830169730
Kabir Sharma,2005-02-07,CSM,CSM-1,2026-2027,5,kabir.sharma.2375@smartcampus.edu,9852827027
Kavya Chatterjee,2006-08-20,MECH,MECH-2,2026-2027,5,kavya.chatterjee.2376@smartcampus.edu,9811918415
Sai Patil,2004-11-11,CSM,CSM-2,2026-2027,3,sai.patil.2377@smartcampus.edu,9888088245
Sai Kumar,2005-03-18,ECE,ECE-2,2026-2027,5,sai.kumar.2378@smartcampus.edu,9813799822
Diya Verma,2006-04-23,ECE,ECE-1,2026-2027,3,diya.verma.2379@smartcampus.edu,9891862139
Aarav Choudhury,2006-06-16,CSE,CSE-3,2026-2027,3,aarav.choudhury.2380@smartcampus.edu,9855555551
Anjali Nair,2004-09-18,CAD,CAD-2,2026-2027,3,anjali.nair.2381@smartcampus.edu,9896840734
Vivaan Reddy,2004-09-04,CAD,CAD-1,2026-2027,7,vivaan.reddy.2382@smartcampus.edu,9838751772
Rohan Reddy,2003-11-09,ECE,ECE-2,2026-2027,5,rohan.reddy.2383@smartcampus.edu,9816831038
Vivaan Kulkarni,2005-07-25,CSE,CSE-3,2026-2027,3,vivaan.kulkarni.2384@smartcampus.edu,9847551685
Rithvik Singh,2005-10-04,CSE,CSE-3,2026-2027,3,rithvik.singh.2385@smartcampus.edu,9819044791
Preeti Joshi,2006-10-20,CSM,CSM-2,2026-2027,3,preeti.joshi.2386@smartcampus.edu,9852408196
Veda Singh,2004-12-05,CSM,CSM-2,2026-2027,5,veda.singh.2387@smartcampus.edu,9819309198
Riya Banerjee,2003-11-29,CSE,CSE-2,2026-2027,3,riya.banerjee.2388@smartcampus.edu,9829177879
Manish Mehta,2004-08-22,ECE,ECE-1,2026-2027,3,manish.mehta.2389@smartcampus.edu,9868852091
Rohan Bose,2003-03-10,ECE,ECE-2,2026-2027,7,rohan.bose.2390@smartcampus.edu,9868370784
Pranav Gupta,2005-03-18,MECH,MECH-1,2026-2027,7,pranav.gupta.2391@smartcampus.edu,9880768419
Pranav Ghosh,2005-10-24,CSE,CSE-3,2026-2027,7,pranav.ghosh.2392@smartcampus.edu,9882953508
Advik Kumar,2006-08-27,EEE,EEE-2,2026-2027,7,advik.kumar.2393@smartcampus.edu,9861937767
Ishaan Iyer,2004-09-02,CSE,CSE-1,2026-2027,7,ishaan.iyer.2394@smartcampus.edu,9897305906
Zoya Nair,2006-08-30,CSE,CSE-3,2026-2027,7,zoya.nair.2395@smartcampus.edu,9818468640
Arjun Chatterjee,2004-03-26,EEE,EEE-1,2026-2027,5,arjun.chatterjee.2396@smartcampus.edu,9881364778
Shreya Pandey,2006-01-03,EEE,EEE-2,2026-2027,7,shreya.pandey.2397@smartcampus.edu,9834033526
Varun Mishra,2004-06-20,CSE,CSE-2,2026-2027,7,varun.mishra.2398@smartcampus.edu,9843644521
Advaith Choudhury,2005-07-24,CSM,CSM-1,2026-2027,7,advaith.choudhury.2399@smartcampus.edu,9817788623
Ishita Patil,2003-06-11,CSM,CSM-2,2026-2027,3,ishita.patil.2400@smartcampus.edu,9862763044
Harish Mehta,2004-12-23,ECE,ECE-2,2026-2027,7,harish.mehta.2401@smartcampus.edu,9829835552
Ritu Joshi,2004-08-29,CSE,CSE-1,2026-2027,7,ritu.joshi.2402@smartcampus.edu,9821435722
Preeti Nair,2004-06-23,CSM,CSM-2,2026-2027,3,preeti.nair.2403@smartcampus.edu,9853478205
Aaryan Bose,2005-03-01,CSM,CSM-2,2026-2027,3,aaryan.bose.2404@smartcampus.edu,9861155073
Reyansh Banerjee,2004-01-23,CSE,CSE-2,2026-2027,3,reyansh.banerjee.2405@smartcampus.edu,9842834988
Neha Kulkarni,2006-04-06,ECE,ECE-2,2026-2027,5,neha.kulkarni.2406@smartcampus.edu,9887815963
Shaurya Verma,2004-03-24,CSM,CSM-1,2026-2027,3,shaurya.verma.2407@smartcampus.edu,9831329452
Prisha Mishra,2003-06-13,CSE,CSE-1,2026-2027,3,prisha.mishra.2408@smartcampus.edu,9831394689
Vivaan Rao,2003-09-23,ECE,ECE-2,2026-2027,7,vivaan.rao.2409@smartcampus.edu,9814143813
Swati Malhotra,2006-04-05,EEE,EEE-1,2026-2027,7,swati.malhotra.2410@smartcampus.edu,9834179821
Sunita Joshi,2006-09-02,EEE,EEE-1,2026-2027,7,sunita.joshi.2411@smartcampus.edu,9829289704
Siddharth Das,2005-08-27,CSE,CSE-3,2026-2027,3,siddharth.das.2412@smartcampus.edu,9861901581
Priya Chatterjee,2004-10-28,CSM,CSM-2,2026-2027,7,priya.chatterjee.2413@smartcampus.edu,9886642167
Rohan Joshi,2003-02-22,EEE,EEE-1,2026-2027,7,rohan.joshi.2414@smartcampus.edu,9848298989
Diya Gupta,2003-03-13,ECE,ECE-2,2026-2027,5,diya.gupta.2415@smartcampus.edu,9818527531
Rohan Deshmukh,2006-09-27,CAD,CAD-1,2026-2027,7,rohan.deshmukh.2416@smartcampus.edu,9871099054
Shaurya Iyer,2005-07-04,CAD,CAD-1,2026-2027,3,shaurya.iyer.2417@smartcampus.edu,9842906920
Preeti Verma,2006-11-20,CSM,CSM-2,2026-2027,3,preeti.verma.2418@smartcampus.edu,9838854265
Vihaan Malhotra,2004-12-19,ECE,ECE-1,2026-2027,7,vihaan.malhotra.2419@smartcampus.edu,9825162297
Atharva Iyer,2004-06-15,CSM,CSM-1,2026-2027,5,atharva.iyer.2420@smartcampus.edu,9857650948
Sai Das,2005-04-16,ECE,ECE-2,2026-2027,3,sai.das.2421@smartcampus.edu,9812761099
Siya Sharma,2005-08-25,CSE,CSE-2,2026-2027,3,siya.sharma.2422@smartcampus.edu,9899699047
Vikram Choudhury,2006-12-17,EEE,EEE-2,2026-2027,7,vikram.choudhury.2423@smartcampus.edu,9818869918
Myra Sharma,2003-02-01,CSM,CSM-1,2026-2027,3,myra.sharma.2424@smartcampus.edu,9871841084
Ishita Das,2005-01-19,CAD,CAD-1,2026-2027,7,ishita.das.2425@smartcampus.edu,9868446937
Sara Nair,2005-07-25,MECH,MECH-1,2026-2027,3,sara.nair.2426@smartcampus.edu,9811606634
Reyansh Kapoor,2006-02-09,MECH,MECH-1,2026-2027,7,reyansh.kapoor.2427@smartcampus.edu,9870733015
Sneha Singh,2006-06-05,CSM,CSM-1,2026-2027,7,sneha.singh.2428@smartcampus.edu,9863418046
Kavya Banerjee,2003-11-09,EEE,EEE-2,2026-2027,5,kavya.banerjee.2429@smartcampus.edu,9843388590
Ayaan Agarwal,2003-12-14,MECH,MECH-1,2026-2027,3,ayaan.agarwal.2430@smartcampus.edu,9824932525
Ayaan Singh,2005-05-01,CSM,CSM-1,2026-2027,7,ayaan.singh.2431@smartcampus.edu,9825103611
Advaith Ghosh,2004-04-29,CSM,CSM-2,2026-2027,3,advaith.ghosh.2432@smartcampus.edu,9860391656
Sneha Singh,2006-07-18,CSE,CSE-2,2026-2027,3,sneha.singh.2433@smartcampus.edu,9880937273
Sara Choudhury,2006-06-05,CAD,CAD-1,2026-2027,5,sara.choudhury.2434@smartcampus.edu,9866793525
Ananya Kulkarni,2005-03-12,CSE,CSE-2,2026-2027,5,ananya.kulkarni.2435@smartcampus.edu,9875629573
Kunal Joshi,2005-09-28,MECH,MECH-2,2026-2027,7,kunal.joshi.2436@smartcampus.edu,9888366841
Manish Das,2003-09-13,CSE,CSE-1,2026-2027,5,manish.das.2437@smartcampus.edu,9890707166
Ishaan Mehta,2003-06-27,CSE,CSE-3,2026-2027,5,ishaan.mehta.2438@smartcampus.edu,9856287984
Vivaan Mishra,2006-09-10,MECH,MECH-2,2026-2027,7,vivaan.mishra.2439@smartcampus.edu,9813739424
Vivaan Rao,2003-02-18,EEE,EEE-1,2026-2027,3,vivaan.rao.2440@smartcampus.edu,9872584877
Ritu Nair,2003-06-23,CSM,CSM-1,2026-2027,3,ritu.nair.2441@smartcampus.edu,9852308429
Kavya Kapoor,2004-09-01,CSM,CSM-1,2026-2027,3,kavya.kapoor.2442@smartcampus.edu,9815153092
Rithvik Chatterjee,2005-06-18,CSE,CSE-1,2026-2027,5,rithvik.chatterjee.2443@smartcampus.edu,9865808334
Kavya Singh,2004-12-20,CSM,CSM-2,2026-2027,7,kavya.singh.2444@smartcampus.edu,9871934171
Pari Ghosh,2006-01-01,CAD,CAD-1,2026-2027,5,pari.ghosh.2445@smartcampus.edu,9849717431
Atharva Shah,2003-06-07,ECE,ECE-2,2026-2027,7,atharva.shah.2446@smartcampus.edu,9884062496
Kavya Banerjee,2005-07-16,CSE,CSE-3,2026-2027,3,kavya.banerjee.2447@smartcampus.edu,9862936216
Riya Rao,2006-02-08,CSE,CSE-1,2026-2027,3,riya.rao.2448@smartcampus.edu,9840734961
Shreya Ghosh,2006-09-18,MECH,MECH-2,2026-2027,7,shreya.ghosh.2449@smartcampus.edu,9894007204
Siddharth Pandey,2004-01-14,CSM,CSM-2,2026-2027,7,siddharth.pandey.2450@smartcampus.edu,9897614500
Advik Singh,2006-01-21,ECE,ECE-2,2026-2027,5,advik.singh.2451@smartcampus.edu,9860432052
Shaurya Pandey,2006-08-23,ECE,ECE-1,2026-2027,5,shaurya.pandey.2452@smartcampus.edu,9836144706
Nikhil Patil,2006-04-11,EEE,EEE-1,2026-2027,3,nikhil.patil.2453@smartcampus.edu,9885212262
Arjun Sharma,2004-01-26,ECE,ECE-2,2026-2027,5,arjun.sharma.2454@smartcampus.edu,9821378965
Myra Choudhury,2004-10-25,CSE,CSE-3,2026-2027,3,myra.choudhury.2455@smartcampus.edu,9810005991
Arjun Chopra,2005-09-13,ECE,ECE-2,2026-2027,5,arjun.chopra.2456@smartcampus.edu,9883494471
Vikram Mishra,2006-09-26,CSE,CSE-1,2026-2027,3,vikram.mishra.2457@smartcampus.edu,9815154075
Rahul Das,2004-10-27,ECE,ECE-2,2026-2027,3,rahul.das.2458@smartcampus.edu,9873456735
Shaurya Pandey,2004-07-02,EEE,EEE-1,2026-2027,7,shaurya.pandey.2459@smartcampus.edu,9821641205
Manish Kulkarni,2005-08-29,CSM,CSM-2,2026-2027,3,manish.kulkarni.2460@smartcampus.edu,9813396362
Atharva Pandey,2004-01-03,CSM,CSM-2,2026-2027,7,atharva.pandey.2461@smartcampus.edu,9810957822
Pranav Kumar,2005-07-22,CSE,CSE-3,2026-2027,7,pranav.kumar.2462@smartcampus.edu,9810604866
Tanvi Shah,2004-12-21,CAD,CAD-1,2026-2027,3,tanvi.shah.2463@smartcampus.edu,9882136631
Kabir Mehta,2006-07-31,MECH,MECH-1,2026-2027,3,kabir.mehta.2464@smartcampus.edu,9819140544
Krishna Pandey,2004-02-02,ECE,ECE-2,2026-2027,3,krishna.pandey.2465@smartcampus.edu,9847608294
Pari Patil,2005-05-15,CSM,CSM-2,2026-2027,3,pari.patil.2466@smartcampus.edu,9858553236
Zoya Malhotra,2005-05-12,MECH,MECH-2,2026-2027,5,zoya.malhotra.2467@smartcampus.edu,9882682506
Arjun Saxena,2005-07-11,CSE,CSE-2,2026-2027,5,arjun.saxena.2468@smartcampus.edu,9873953801
Rahul Verma,2006-05-07,EEE,EEE-1,2026-2027,3,rahul.verma.2469@smartcampus.edu,9858738169
Rohan Gupta,2003-06-27,CSE,CSE-2,2026-2027,5,rohan.gupta.2470@smartcampus.edu,9852466444
Ritu Agarwal,2004-10-31,ECE,ECE-1,2026-2027,7,ritu.agarwal.2471@smartcampus.edu,9838265257
Advik Choudhury,2006-02-22,CSE,CSE-2,2026-2027,5,advik.choudhury.2472@smartcampus.edu,9898107702
Vivaan Kulkarni,2004-07-30,CSM,CSM-1,2026-2027,3,vivaan.kulkarni.2473@smartcampus.edu,9867920556
Krishna Saxena,2003-02-21,CSM,CSM-1,2026-2027,3,krishna.saxena.2474@smartcampus.edu,9883063589
Sneha Singh,2006-07-02,MECH,MECH-1,2026-2027,7,sneha.singh.2475@smartcampus.edu,9856649040
Kunal Gupta,2004-09-04,CSM,CSM-1,2026-2027,3,kunal.gupta.2476@smartcampus.edu,9847787304
Saanvi Iyer,2003-12-10,CSE,CSE-3,2026-2027,5,saanvi.iyer.2477@smartcampus.edu,9890316284
Rahul Saxena,2006-09-13,MECH,MECH-1,2026-2027,7,rahul.saxena.2478@smartcampus.edu,9883611971
Sunita Sharma,2005-03-10,CSM,CSM-1,2026-2027,7,sunita.sharma.2479@smartcampus.edu,9814792615
Arjun Mishra,2005-04-03,CSE,CSE-2,2026-2027,5,arjun.mishra.2480@smartcampus.edu,9823366924
Gauri Pandey,2004-08-31,CSE,CSE-3,2026-2027,5,gauri.pandey.2481@smartcampus.edu,9834414924
Neha Malhotra,2003-01-04,CSM,CSM-2,2026-2027,7,neha.malhotra.2482@smartcampus.edu,9866234557
Kabir Singh,2004-07-02,CSE,CSE-3,2026-2027,3,kabir.singh.2483@smartcampus.edu,9839574031
Dhruv Das,2005-11-29,CAD,CAD-2,2026-2027,3,dhruv.das.2484@smartcampus.edu,9881807067
Ritu Kulkarni,2006-08-22,ECE,ECE-2,2026-2027,7,ritu.kulkarni.2485@smartcampus.edu,9872055891
Navya Kumar,2006-10-13,CSE,CSE-1,2026-2027,5,navya.kumar.2486@smartcampus.edu,9826526912
Siddharth Kulkarni,2005-01-09,ECE,ECE-2,2026-2027,3,siddharth.kulkarni.2487@smartcampus.edu,9824552291
Pooja Gupta,2003-11-10,CSM,CSM-1,2026-2027,5,pooja.gupta.2488@smartcampus.edu,9817441815
Sai Das,2003-03-20,CAD,CAD-2,2026-2027,5,sai.das.2489@smartcampus.edu,9864590191
Vivaan Chopra,2003-11-16,EEE,EEE-2,2026-2027,5,vivaan.chopra.2490@smartcampus.edu,9875774425
Ananya Agarwal,2003-12-08,CAD,CAD-1,2026-2027,5,ananya.agarwal.2491@smartcampus.edu,9820275045
Simran Saxena,2005-03-20,MECH,MECH-1,2026-2027,3,simran.saxena.2492@smartcampus.edu,9897610106
Ritu Mishra,2005-02-02,ECE,ECE-2,2026-2027,3,ritu.mishra.2493@smartcampus.edu,9848245002
Neha Das,2006-03-29,ECE,ECE-1,2026-2027,7,neha.das.2494@smartcampus.edu,9865259187
Prisha Verma,2004-03-01,CSE,CSE-2,2026-2027,7,prisha.verma.2495@smartcampus.edu,9899825432
Aditya Reddy,2004-02-13,MECH,MECH-2,2026-2027,7,aditya.reddy.2496@smartcampus.edu,9816664349
Siddharth Nair,2003-06-05,MECH,MECH-1,2026-2027,3,siddharth.nair.2497@smartcampus.edu,9842605837
Harish Iyer,2006-02-02,MECH,MECH-2,2026-2027,7,harish.iyer.2498@smartcampus.edu,9841810279
Diya Iyer,2003-01-22,ECE,ECE-2,2026-2027,7,diya.iyer.2499@smartcampus.edu,9865393054
Sneha Deshmukh,2003-09-04,CSM,CSM-1,2026-2027,5,sneha.deshmukh.2500@smartcampus.edu,9849656337
Gautam Shah,2004-02-24,CAD,CAD-2,2026-2027,3,gautam.shah.2501@smartcampus.edu,9867370091
Navya Kulkarni,2003-11-22,ECE,ECE-1,2026-2027,3,navya.kulkarni.2502@smartcampus.edu,9849307723
Sai Chopra,2006-11-21,CSM,CSM-2,2026-2027,7,sai.chopra.2503@smartcampus.edu,9828807889
Saanvi Shah,2004-09-28,CAD,CAD-2,2026-2027,3,saanvi.shah.2504@smartcampus.edu,9872578290
Advaith Mishra,2006-07-10,CSM,CSM-2,2026-2027,5,advaith.mishra.2505@smartcampus.edu,9826457122
Nikhil Kulkarni,2005-02-07,CAD,CAD-2,2026-2027,3,nikhil.kulkarni.2506@smartcampus.edu,9873706112
Simran Pandey,2005-06-28,ECE,ECE-1,2026-2027,7,simran.pandey.2507@smartcampus.edu,9862549407
Simran Bhat,2003-04-15,ECE,ECE-2,2026-2027,5,simran.bhat.2508@smartcampus.edu,9896637627
Rithvik Mehta,2005-07-08,CSM,CSM-2,2026-2027,5,rithvik.mehta.2509@smartcampus.edu,9887215604
Rahul Joshi,2003-10-27,ECE,ECE-2,2026-2027,3,rahul.joshi.2510@smartcampus.edu,9882774489
Sunita Bhat,2006-04-26,MECH,MECH-2,2026-2027,7,sunita.bhat.2511@smartcampus.edu,9838084235
Aaryan Deshmukh,2004-07-14,ECE,ECE-1,2026-2027,3,aaryan.deshmukh.2512@smartcampus.edu,9831323669
Ananya Chatterjee,2005-11-14,ECE,ECE-1,2026-2027,5,ananya.chatterjee.2513@smartcampus.edu,9842954825
Aarav Malhotra,2003-06-16,CSE,CSE-1,2026-2027,7,aarav.malhotra.2514@smartcampus.edu,9893290493
Neha Mehta,2004-02-22,CSM,CSM-1,2026-2027,5,neha.mehta.2515@smartcampus.edu,9865499891
Aaryan Deshmukh,2005-12-24,CAD,CAD-1,2026-2027,3,aaryan.deshmukh.2516@smartcampus.edu,9812304103
Gauri Kapoor,2005-02-15,EEE,EEE-1,2026-2027,3,gauri.kapoor.2517@smartcampus.edu,9839082999
Siya Sharma,2006-10-11,CSM,CSM-1,2026-2027,3,siya.sharma.2518@smartcampus.edu,9893699526
Riya Choudhury,2004-06-28,CSE,CSE-3,2026-2027,5,riya.choudhury.2519@smartcampus.edu,9842563404
Advik Agarwal,2005-10-19,CSE,CSE-2,2026-2027,3,advik.agarwal.2520@smartcampus.edu,9875376269
Sunita Agarwal,2006-11-25,CSE,CSE-2,2026-2027,5,sunita.agarwal.2521@smartcampus.edu,9834984678
Pooja Banerjee,2003-06-04,CSE,CSE-2,2026-2027,3,pooja.banerjee.2522@smartcampus.edu,9853625511
Ishita Patil,2005-08-29,EEE,EEE-1,2026-2027,7,ishita.patil.2523@smartcampus.edu,9849602559
Kunal Kapoor,2006-08-23,CSE,CSE-3,2026-2027,3,kunal.kapoor.2524@smartcampus.edu,9819625127
Siddharth Iyer,2005-04-26,EEE,EEE-2,2026-2027,5,siddharth.iyer.2525@smartcampus.edu,9823900352
Prisha Bhat,2004-12-12,CSM,CSM-2,2026-2027,7,prisha.bhat.2526@smartcampus.edu,9862847826
Kavya Verma,2003-03-29,CAD,CAD-2,2026-2027,5,kavya.verma.2527@smartcampus.edu,9898642386
Veda Iyer,2004-02-07,CAD,CAD-2,2026-2027,7,veda.iyer.2528@smartcampus.edu,9813270695
Manish Saxena,2006-11-22,CSE,CSE-3,2026-2027,5,manish.saxena.2529@smartcampus.edu,9871696111
Harish Shah,2004-07-14,CSE,CSE-1,2026-2027,5,harish.shah.2530@smartcampus.edu,9825907506
Nikhil Bose,2004-01-19,CSE,CSE-2,2026-2027,5,nikhil.bose.2531@smartcampus.edu,9882813949
Prisha Kapoor,2005-01-03,CAD,CAD-1,2026-2027,3,prisha.kapoor.2532@smartcampus.edu,9870099702
Vivaan Agarwal,2004-07-27,ECE,ECE-1,2026-2027,3,vivaan.agarwal.2533@smartcampus.edu,9875228842
Arjun Sharma,2003-10-25,CAD,CAD-1,2026-2027,5,arjun.sharma.2534@smartcampus.edu,9862274186
Siya Patil,2005-03-08,ECE,ECE-2,2026-2027,3,siya.patil.2535@smartcampus.edu,9858406422
Sunita Banerjee,2006-05-12,MECH,MECH-2,2026-2027,7,sunita.banerjee.2536@smartcampus.edu,9889753731
Vihaan Pandey,2005-04-22,CSE,CSE-3,2026-2027,5,vihaan.pandey.2537@smartcampus.edu,9876639621
Divya Bhat,2003-09-25,ECE,ECE-1,2026-2027,7,divya.bhat.2538@smartcampus.edu,9811434486
Ishita Kapoor,2006-07-19,EEE,EEE-2,2026-2027,3,ishita.kapoor.2539@smartcampus.edu,9822078102
Ritu Verma,2003-04-02,CSM,CSM-1,2026-2027,5,ritu.verma.2540@smartcampus.edu,9822809695
Kavya Verma,2006-12-13,MECH,MECH-2,2026-2027,5,kavya.verma.2541@smartcampus.edu,9826273111
Navya Reddy,2004-09-19,CSM,CSM-2,2026-2027,3,navya.reddy.2542@smartcampus.edu,9835794346
Gautam Patel,2006-12-19,EEE,EEE-1,2026-2027,3,gautam.patel.2543@smartcampus.edu,9862575829
Kavya Choudhury,2004-02-18,ECE,ECE-1,2026-2027,7,kavya.choudhury.2544@smartcampus.edu,9879767801
Prisha Kumar,2003-07-02,ECE,ECE-2,2026-2027,5,prisha.kumar.2545@smartcampus.edu,9885109229
Nikhil Choudhury,2003-08-25,EEE,EEE-1,2026-2027,7,nikhil.choudhury.2546@smartcampus.edu,9884592699
Saanvi Ghosh,2005-02-24,ECE,ECE-2,2026-2027,5,saanvi.ghosh.2547@smartcampus.edu,9827753605
Ishita Kulkarni,2004-01-10,CSE,CSE-2,2026-2027,5,ishita.kulkarni.2548@smartcampus.edu,9833433580
Kunal Kumar,2005-04-02,CAD,CAD-1,2026-2027,7,kunal.kumar.2549@smartcampus.edu,9836038759
Sunita Kulkarni,2006-11-29,EEE,EEE-2,2026-2027,3,sunita.kulkarni.2550@smartcampus.edu,9879764040
Kunal Mehta,2005-09-01,MECH,MECH-1,2026-2027,5,kunal.mehta.2551@smartcampus.edu,9819393389
Sunita Gupta,2003-09-12,CSM,CSM-2,2026-2027,7,sunita.gupta.2552@smartcampus.edu,9843132184
Sara Rao,2005-06-07,CSE,CSE-2,2026-2027,3,sara.rao.2553@smartcampus.edu,9895006605
Divya Sharma,2006-03-23,CSE,CSE-3,2026-2027,3,divya.sharma.2554@smartcampus.edu,9816257853
Neha Kulkarni,2006-09-09,EEE,EEE-1,2026-2027,3,neha.kulkarni.2555@smartcampus.edu,9827289008
Pooja Verma,2003-04-08,CSE,CSE-3,2026-2027,3,pooja.verma.2556@smartcampus.edu,9835636466
Saanvi Reddy,2006-11-22,CSE,CSE-2,2026-2027,7,saanvi.reddy.2557@smartcampus.edu,9827204442
Advaith Banerjee,2006-09-30,MECH,MECH-1,2026-2027,7,advaith.banerjee.2558@smartcampus.edu,9880336298
Vivaan Joshi,2004-03-20,CSM,CSM-2,2026-2027,5,vivaan.joshi.2559@smartcampus.edu,9850252029
Manish Patil,2005-10-05,CAD,CAD-2,2026-2027,3,manish.patil.2560@smartcampus.edu,9831266822
Myra Kulkarni,2003-06-01,MECH,MECH-2,2026-2027,5,myra.kulkarni.2561@smartcampus.edu,9862905560
Tanvi Patel,2005-08-12,CSM,CSM-1,2026-2027,5,tanvi.patel.2562@smartcampus.edu,9892265115
Siddharth Chatterjee,2004-09-22,CSE,CSE-1,2026-2027,5,siddharth.chatterjee.2563@smartcampus.edu,9863460626
Gauri Sharma,2003-08-25,EEE,EEE-2,2026-2027,7,gauri.sharma.2564@smartcampus.edu,9841998059
Kabir Verma,2003-12-05,MECH,MECH-2,2026-2027,7,kabir.verma.2565@smartcampus.edu,9844512428
Kunal Deshmukh,2003-01-16,CAD,CAD-2,2026-2027,3,kunal.deshmukh.2566@smartcampus.edu,9837346890
Meera Pandey,2006-11-01,CSE,CSE-2,2026-2027,3,meera.pandey.2567@smartcampus.edu,9839852322
Vivaan Saxena,2005-01-14,EEE,EEE-1,2026-2027,5,vivaan.saxena.2568@smartcampus.edu,9873472891
Dhruv Ghosh,2006-02-26,EEE,EEE-1,2026-2027,7,dhruv.ghosh.2569@smartcampus.edu,9837991633
Ishaan Kapoor,2003-09-06,ECE,ECE-1,2026-2027,3,ishaan.kapoor.2570@smartcampus.edu,9859751427
Deepak Malhotra,2004-07-28,CSM,CSM-1,2026-2027,3,deepak.malhotra.2571@smartcampus.edu,9890722072
Neha Kumar,2006-12-17,EEE,EEE-1,2026-2027,7,neha.kumar.2572@smartcampus.edu,9864975033
Myra Deshmukh,2005-10-07,CSE,CSE-2,2026-2027,7,myra.deshmukh.2573@smartcampus.edu,9854642366
Manish Agarwal,2003-06-07,CSE,CSE-2,2026-2027,5,manish.agarwal.2574@smartcampus.edu,9886444894
Tanvi Shah,2006-09-29,MECH,MECH-1,2026-2027,5,tanvi.shah.2575@smartcampus.edu,9824200005
Siddharth Shah,2003-03-15,ECE,ECE-1,2026-2027,5,siddharth.shah.2576@smartcampus.edu,9823244645
Nikhil Agarwal,2003-03-23,CSE,CSE-1,2026-2027,3,nikhil.agarwal.2577@smartcampus.edu,9883886931
Navya Bhat,2004-08-08,CSM,CSM-2,2026-2027,7,navya.bhat.2578@smartcampus.edu,9856951699
Shreya Sharma,2003-01-06,MECH,MECH-1,2026-2027,7,shreya.sharma.2579@smartcampus.edu,9858268124
Veda Chopra,2006-01-14,EEE,EEE-2,2026-2027,5,veda.chopra.2580@smartcampus.edu,9860739249
Zoya Das,2005-10-18,CAD,CAD-1,2026-2027,3,zoya.das.2581@smartcampus.edu,9816576038
Ananya Das,2003-05-11,MECH,MECH-2,2026-2027,3,ananya.das.2582@smartcampus.edu,9896737868
Shreya Das,2004-03-21,CSE,CSE-1,2026-2027,3,shreya.das.2583@smartcampus.edu,9812414265
Veda Patil,2005-04-04,EEE,EEE-2,2026-2027,3,veda.patil.2584@smartcampus.edu,9859559637
Pari Saxena,2006-09-18,EEE,EEE-2,2026-2027,5,pari.saxena.2585@smartcampus.edu,9867138696
Advik Reddy,2003-09-16,CAD,CAD-2,2026-2027,3,advik.reddy.2586@smartcampus.edu,9874770461
Ananya Mishra,2006-07-19,ECE,ECE-1,2026-2027,7,ananya.mishra.2587@smartcampus.edu,9898232514
Sai Agarwal,2005-07-31,CSM,CSM-1,2026-2027,5,sai.agarwal.2588@smartcampus.edu,9851689967
Ayaan Verma,2006-01-22,CSE,CSE-2,2026-2027,3,ayaan.verma.2589@smartcampus.edu,9883461462
Vikram Mishra,2006-08-13,ECE,ECE-2,2026-2027,5,vikram.mishra.2590@smartcampus.edu,9895707724
Riya Pandey,2003-04-17,CSM,CSM-2,2026-2027,3,riya.pandey.2591@smartcampus.edu,9867520939
Veda Bhat,2006-10-05,EEE,EEE-1,2026-2027,3,veda.bhat.2592@smartcampus.edu,9819099191
Ritu Ghosh,2006-12-05,CSE,CSE-1,2026-2027,7,ritu.ghosh.2593@smartcampus.edu,9890907807
Ayaan Saxena,2004-03-24,CAD,CAD-1,2026-2027,3,ayaan.saxena.2594@smartcampus.edu,9889963631
Veda Verma,2003-04-18,ECE,ECE-1,2026-2027,5,veda.verma.2595@smartcampus.edu,9876688123
Neha Chatterjee,2006-07-01,CSE,CSE-3,2026-2027,3,neha.chatterjee.2596@smartcampus.edu,9899716039
Swati Mishra,2006-06-17,CSE,CSE-1,2026-2027,5,swati.mishra.2597@smartcampus.edu,9883913006
Manish Agarwal,2005-11-15,CAD,CAD-1,2026-2027,5,manish.agarwal.2598@smartcampus.edu,9836859824
Pooja Agarwal,2003-12-12,CSM,CSM-1,2026-2027,3,pooja.agarwal.2599@smartcampus.edu,9827988651
Zoya Joshi,2004-07-20,CAD,CAD-2,2026-2027,3,zoya.joshi.2600@smartcampus.edu,9869177931
Myra Agarwal,2004-06-19,ECE,ECE-2,2026-2027,5,myra.agarwal.2601@smartcampus.edu,9895408833
Diya Kapoor,2005-07-07,ECE,ECE-1,2026-2027,3,diya.kapoor.2602@smartcampus.edu,9869644865
Ishaan Gupta,2004-08-14,CSM,CSM-1,2026-2027,7,ishaan.gupta.2603@smartcampus.edu,9849283462
Advik Chatterjee,2005-08-23,CSM,CSM-1,2026-2027,3,advik.chatterjee.2604@smartcampus.edu,9851762488
Deepak Bhat,2006-02-14,CSM,CSM-2,2026-2027,7,deepak.bhat.2605@smartcampus.edu,9811207669
Deepak Kapoor,2005-07-14,CSE,CSE-3,2026-2027,5,deepak.kapoor.2606@smartcampus.edu,9840323107
Harish Chopra,2004-06-13,ECE,ECE-1,2026-2027,5,harish.chopra.2607@smartcampus.edu,9853091211
Deepak Das,2004-10-21,MECH,MECH-1,2026-2027,7,deepak.das.2608@smartcampus.edu,9849540539
Sara Das,2006-10-07,CSE,CSE-1,2026-2027,3,sara.das.2609@smartcampus.edu,9859610244
Atharva Verma,2006-06-28,CSM,CSM-1,2026-2027,3,atharva.verma.2610@smartcampus.edu,9846254923
Saanvi Sharma,2004-06-22,EEE,EEE-2,2026-2027,7,saanvi.sharma.2611@smartcampus.edu,9861634847
Advaith Joshi,2006-07-28,ECE,ECE-2,2026-2027,3,advaith.joshi.2612@smartcampus.edu,9849594367
Atharva Joshi,2004-03-09,CAD,CAD-2,2026-2027,7,atharva.joshi.2613@smartcampus.edu,9830978850
Ritu Nair,2005-01-14,ECE,ECE-2,2026-2027,7,ritu.nair.2614@smartcampus.edu,9812627402
Anjali Reddy,2004-05-16,ECE,ECE-1,2026-2027,3,anjali.reddy.2615@smartcampus.edu,9834379262
Rohan Shah,2005-11-23,CSE,CSE-1,2026-2027,7,rohan.shah.2616@smartcampus.edu,9824708773
Kabir Kulkarni,2006-10-13,EEE,EEE-2,2026-2027,7,kabir.kulkarni.2617@smartcampus.edu,9845828631
Vikram Gupta,2003-10-16,EEE,EEE-1,2026-2027,5,vikram.gupta.2618@smartcampus.edu,9814153187
Rithvik Chatterjee,2004-11-23,CSE,CSE-1,2026-2027,7,rithvik.chatterjee.2619@smartcampus.edu,9852327506
Advik Singh,2005-03-23,CSM,CSM-2,2026-2027,3,advik.singh.2620@smartcampus.edu,9815317713
Preeti Choudhury,2006-03-05,ECE,ECE-1,2026-2027,5,preeti.choudhury.2621@smartcampus.edu,9853222896
Advik Kapoor,2005-11-02,EEE,EEE-2,2026-2027,3,advik.kapoor.2622@smartcampus.edu,9818690431
Vikram Agarwal,2005-08-10,CSE,CSE-1,2026-2027,3,vikram.agarwal.2623@smartcampus.edu,9866875537
Sneha Sharma,2003-08-28,ECE,ECE-1,2026-2027,7,sneha.sharma.2624@smartcampus.edu,9812799429
Siddharth Ghosh,2005-10-11,EEE,EEE-2,2026-2027,3,siddharth.ghosh.2625@smartcampus.edu,9890996414
Tanvi Deshmukh,2003-03-17,CSE,CSE-1,2026-2027,5,tanvi.deshmukh.2626@smartcampus.edu,9846358543
Sunita Iyer,2006-11-02,CSE,CSE-3,2026-2027,7,sunita.iyer.2627@smartcampus.edu,9820843161
Prisha Chopra,2003-08-17,EEE,EEE-1,2026-2027,3,prisha.chopra.2628@smartcampus.edu,9898528789
Kavya Agarwal,2005-05-01,CSM,CSM-2,2026-2027,5,kavya.agarwal.2629@smartcampus.edu,9853228053
Tanvi Agarwal,2005-08-11,CSM,CSM-1,2026-2027,3,tanvi.agarwal.2630@smartcampus.edu,9886684489
Pari Shah,2004-11-23,EEE,EEE-2,2026-2027,3,pari.shah.2631@smartcampus.edu,9887937931
Divya Banerjee,2006-04-08,EEE,EEE-1,2026-2027,3,divya.banerjee.2632@smartcampus.edu,9816107137
Dhruv Choudhury,2004-03-21,ECE,ECE-1,2026-2027,3,dhruv.choudhury.2633@smartcampus.edu,9882865016
Arjun Kulkarni,2005-03-04,CSE,CSE-2,2026-2027,5,arjun.kulkarni.2634@smartcampus.edu,9836269745
Pari Kapoor,2005-08-22,ECE,ECE-1,2026-2027,5,pari.kapoor.2635@smartcampus.edu,9843888146
Gauri Bhat,2005-11-20,CSE,CSE-1,2026-2027,7,gauri.bhat.2636@smartcampus.edu,9866133424
Sunita Malhotra,2003-01-13,CSM,CSM-2,2026-2027,5,sunita.malhotra.2637@smartcampus.edu,9849413663
Krishna Nair,2005-07-06,CSM,CSM-1,2026-2027,3,krishna.nair.2638@smartcampus.edu,9892530972
Simran Bhat,2006-03-01,CSE,CSE-3,2026-2027,7,simran.bhat.2639@smartcampus.edu,9886326898
Navya Mehta,2005-07-24,CSM,CSM-1,2026-2027,7,navya.mehta.2640@smartcampus.edu,9878210055
Priya Mehta,2003-03-11,EEE,EEE-1,2026-2027,7,priya.mehta.2641@smartcampus.edu,9820055423
Divya Das,2004-09-26,CAD,CAD-2,2026-2027,5,divya.das.2642@smartcampus.edu,9895930892
Deepak Shah,2004-10-15,CSM,CSM-2,2026-2027,3,deepak.shah.2643@smartcampus.edu,9896783998
Nikhil Patil,2004-02-07,EEE,EEE-1,2026-2027,7,nikhil.patil.2644@smartcampus.edu,9847312735
Siya Shah,2006-03-10,EEE,EEE-1,2026-2027,7,siya.shah.2645@smartcampus.edu,9876143608
Harish Reddy,2005-10-22,CSM,CSM-1,2026-2027,5,harish.reddy.2646@smartcampus.edu,9832222974
Divya Malhotra,2006-06-21,ECE,ECE-2,2026-2027,3,divya.malhotra.2647@smartcampus.edu,9893766196
Aditya Banerjee,2006-12-03,ECE,ECE-2,2026-2027,3,aditya.banerjee.2648@smartcampus.edu,9836299690
Rohan Patil,2003-03-21,CAD,CAD-1,2026-2027,5,rohan.patil.2649@smartcampus.edu,9893648585
Kavya Shah,2003-04-05,CSE,CSE-1,2026-2027,7,kavya.shah.2650@smartcampus.edu,9843568479
Ishita Ghosh,2005-08-14,CSE,CSE-1,2026-2027,5,ishita.ghosh.2651@smartcampus.edu,9897766723
Nikhil Nair,2005-04-20,CAD,CAD-2,2026-2027,7,nikhil.nair.2652@smartcampus.edu,9812050706
Aditya Gupta,2005-01-22,MECH,MECH-1,2026-2027,7,aditya.gupta.2653@smartcampus.edu,9868829036
Sneha Kulkarni,2003-07-14,CAD,CAD-1,2026-2027,5,sneha.kulkarni.2654@smartcampus.edu,9837484252
Arjun Singh,2005-02-09,CSM,CSM-2,2026-2027,3,arjun.singh.2655@smartcampus.edu,9864637600
Diya Mishra,2005-08-20,ECE,ECE-2,2026-2027,3,diya.mishra.2656@smartcampus.edu,9850698677
Preeti Chatterjee,2003-02-24,CSM,CSM-2,2026-2027,3,preeti.chatterjee.2657@smartcampus.edu,9814400068
Vikram Mehta,2003-01-04,CSE,CSE-3,2026-2027,5,vikram.mehta.2658@smartcampus.edu,9829517988
Vivaan Rao,2005-09-14,CSE,CSE-1,2026-2027,5,vivaan.rao.2659@smartcampus.edu,9820004353
Preeti Bose,2005-10-01,MECH,MECH-2,2026-2027,3,preeti.bose.2660@smartcampus.edu,9831208546
Reyansh Chatterjee,2004-12-15,CSE,CSE-2,2026-2027,3,reyansh.chatterjee.2661@smartcampus.edu,9879319731
Shreya Choudhury,2006-05-08,ECE,ECE-1,2026-2027,5,shreya.choudhury.2662@smartcampus.edu,9892147802
Vikram Patil,2006-06-14,CSM,CSM-1,2026-2027,5,vikram.patil.2663@smartcampus.edu,9831572430
Pari Sharma,2006-06-19,ECE,ECE-1,2026-2027,5,pari.sharma.2664@smartcampus.edu,9838831348
Pranav Kumar,2005-02-16,MECH,MECH-2,2026-2027,7,pranav.kumar.2665@smartcampus.edu,9861855411
Khushi Bose,2004-02-21,CSE,CSE-3,2026-2027,7,khushi.bose.2666@smartcampus.edu,9826371053
Meera Nair,2003-11-03,MECH,MECH-2,2026-2027,7,meera.nair.2667@smartcampus.edu,9821901761
Reyansh Kumar,2003-12-29,CAD,CAD-1,2026-2027,3,reyansh.kumar.2668@smartcampus.edu,9855461335
Anjali Reddy,2005-11-30,ECE,ECE-1,2026-2027,5,anjali.reddy.2669@smartcampus.edu,9859263883
Kunal Banerjee,2003-12-01,CSE,CSE-3,2026-2027,3,kunal.banerjee.2670@smartcampus.edu,9826087886
Kunal Malhotra,2003-03-07,CSE,CSE-1,2026-2027,5,kunal.malhotra.2671@smartcampus.edu,9850903762
Simran Saxena,2003-02-22,ECE,ECE-1,2026-2027,5,simran.saxena.2672@smartcampus.edu,9817406500
Meera Agarwal,2005-05-11,CAD,CAD-1,2026-2027,5,meera.agarwal.2673@smartcampus.edu,9825094979
Aditya Das,2003-08-04,CSE,CSE-2,2026-2027,7,aditya.das.2674@smartcampus.edu,9873796922
Ishaan Kulkarni,2004-02-05,CSE,CSE-3,2026-2027,3,ishaan.kulkarni.2675@smartcampus.edu,9861448690
Anjali Banerjee,2004-06-15,CSE,CSE-2,2026-2027,3,anjali.banerjee.2676@smartcampus.edu,9819746172
Riya Chopra,2003-06-08,CSE,CSE-2,2026-2027,5,riya.chopra.2677@smartcampus.edu,9831140975
Varun Ghosh,2003-01-29,CSM,CSM-2,2026-2027,3,varun.ghosh.2678@smartcampus.edu,9860679693
Nikhil Kulkarni,2005-10-13,CSE,CSE-2,2026-2027,7,nikhil.kulkarni.2679@smartcampus.edu,9821665742
Vikram Joshi,2006-02-26,CSE,CSE-3,2026-2027,5,vikram.joshi.2680@smartcampus.edu,9880555248
Advaith Mishra,2005-06-09,CSM,CSM-2,2026-2027,7,advaith.mishra.2681@smartcampus.edu,9838508257
Ritu Bose,2006-10-03,CSE,CSE-3,2026-2027,5,ritu.bose.2682@smartcampus.edu,9833012153
Shaurya Chopra,2005-12-05,CAD,CAD-1,2026-2027,3,shaurya.chopra.2683@smartcampus.edu,9894118405
Swati Rao,2006-01-27,ECE,ECE-1,2026-2027,5,swati.rao.2684@smartcampus.edu,9854219129
Ritu Chopra,2003-10-07,CSM,CSM-1,2026-2027,5,ritu.chopra.2685@smartcampus.edu,9870709107
Aarav Shah,2003-12-18,CSE,CSE-1,2026-2027,3,aarav.shah.2686@smartcampus.edu,9866473110
Anjali Singh,2005-08-11,CAD,CAD-2,2026-2027,7,anjali.singh.2687@smartcampus.edu,9810217251
Manish Bhat,2004-07-13,CSE,CSE-1,2026-2027,7,manish.bhat.2688@smartcampus.edu,9860097096
Swati Banerjee,2003-07-31,ECE,ECE-2,2026-2027,5,swati.banerjee.2689@smartcampus.edu,9846698531
Shaurya Chatterjee,2005-07-10,CSM,CSM-1,2026-2027,7,shaurya.chatterjee.2690@smartcampus.edu,9820951575
Ritu Iyer,2006-02-22,CSE,CSE-3,2026-2027,5,ritu.iyer.2691@smartcampus.edu,9839724780
Myra Bhat,2005-05-29,CSM,CSM-2,2026-2027,5,myra.bhat.2692@smartcampus.edu,9863710750
Pari Gupta,2004-03-31,CSE,CSE-2,2026-2027,5,pari.gupta.2693@smartcampus.edu,9839111329
Advik Bose,2006-05-20,CSE,CSE-3,2026-2027,3,advik.bose.2694@smartcampus.edu,9844117410
Simran Choudhury,2004-08-06,CSE,CSE-3,2026-2027,7,simran.choudhury.2695@smartcampus.edu,9827782259
Vivaan Singh,2006-09-20,ECE,ECE-2,2026-2027,5,vivaan.singh.2696@smartcampus.edu,9812796256
Neha Malhotra,2005-12-29,EEE,EEE-2,2026-2027,5,neha.malhotra.2697@smartcampus.edu,9836760478
Prisha Choudhury,2005-05-02,MECH,MECH-2,2026-2027,7,prisha.choudhury.2698@smartcampus.edu,9879025233
Swati Verma,2003-07-16,CSM,CSM-2,2026-2027,5,swati.verma.2699@smartcampus.edu,9868018707
Ishaan Das,2005-07-04,CSM,CSM-2,2026-2027,7,ishaan.das.2700@smartcampus.edu,9876904495
Aaryan Kumar,2004-12-02,CSE,CSE-3,2026-2027,3,aaryan.kumar.2701@smartcampus.edu,9859517015
Atharva Ghosh,2006-07-30,EEE,EEE-2,2026-2027,7,atharva.ghosh.2702@smartcampus.edu,9861979189
Gauri Ghosh,2006-11-06,CSM,CSM-1,2026-2027,7,gauri.ghosh.2703@smartcampus.edu,9868658033
Priya Patil,2006-07-14,CSE,CSE-1,2026-2027,7,priya.patil.2704@smartcampus.edu,9857025107
Shaurya Singh,2005-07-14,CSE,CSE-3,2026-2027,7,shaurya.singh.2705@smartcampus.edu,9864941996
Myra Iyer,2006-05-01,CSE,CSE-3,2026-2027,3,myra.iyer.2706@smartcampus.edu,9839457824
Neha Mehta,2005-10-20,EEE,EEE-2,2026-2027,5,neha.mehta.2707@smartcampus.edu,9814242861
Advik Ghosh,2006-10-14,ECE,ECE-2,2026-2027,7,advik.ghosh.2708@smartcampus.edu,9852978680
Siddharth Kulkarni,2006-09-23,CSE,CSE-3,2026-2027,5,siddharth.kulkarni.2709@smartcampus.edu,9896931393
Ritu Mehta,2004-04-17,ECE,ECE-1,2026-2027,7,ritu.mehta.2710@smartcampus.edu,9889020622
Siddharth Shah,2006-10-13,MECH,MECH-2,2026-2027,7,siddharth.shah.2711@smartcampus.edu,9824492312
Prisha Verma,2005-07-14,CSE,CSE-2,2026-2027,7,prisha.verma.2712@smartcampus.edu,9870008989
Siddharth Chatterjee,2005-03-27,CSM,CSM-2,2026-2027,5,siddharth.chatterjee.2713@smartcampus.edu,9823462350
Veda Bhat,2004-03-29,CSE,CSE-2,2026-2027,5,veda.bhat.2714@smartcampus.edu,9856964270
Varun Reddy,2004-05-06,CAD,CAD-1,2026-2027,7,varun.reddy.2715@smartcampus.edu,9888262499
Pranav Chopra,2005-08-28,CAD,CAD-2,2026-2027,7,pranav.chopra.2716@smartcampus.edu,9855465200
Shaurya Banerjee,2006-08-27,CSM,CSM-1,2026-2027,5,shaurya.banerjee.2717@smartcampus.edu,9899659564
Saanvi Sharma,2005-10-25,EEE,EEE-2,2026-2027,5,saanvi.sharma.2718@smartcampus.edu,9880411899
Simran Singh,2003-03-03,CAD,CAD-1,2026-2027,7,simran.singh.2719@smartcampus.edu,9821975224
Simran Choudhury,2005-01-29,EEE,EEE-2,2026-2027,7,simran.choudhury.2720@smartcampus.edu,9854927117
Vihaan Bose,2005-09-04,CSM,CSM-2,2026-2027,7,vihaan.bose.2721@smartcampus.edu,9897237528
Kavya Agarwal,2004-10-02,MECH,MECH-2,2026-2027,5,kavya.agarwal.2722@smartcampus.edu,9890331409
Aaryan Verma,2005-09-12,MECH,MECH-1,2026-2027,3,aaryan.verma.2723@smartcampus.edu,9840010307
Varun Agarwal,2006-04-24,ECE,ECE-1,2026-2027,5,varun.agarwal.2724@smartcampus.edu,9810139875
Advaith Kulkarni,2005-09-01,CSE,CSE-1,2026-2027,3,advaith.kulkarni.2725@smartcampus.edu,9812079400
Veda Bose,2003-03-04,ECE,ECE-2,2026-2027,5,veda.bose.2726@smartcampus.edu,9836522930
Nikhil Banerjee,2006-07-10,ECE,ECE-1,2026-2027,7,nikhil.banerjee.2727@smartcampus.edu,9824019443
Ishaan Saxena,2006-03-27,CSE,CSE-1,2026-2027,7,ishaan.saxena.2728@smartcampus.edu,9877225716
Navya Chatterjee,2003-02-17,MECH,MECH-2,2026-2027,3,navya.chatterjee.2729@smartcampus.edu,9867069005
Vihaan Pandey,2005-06-14,EEE,EEE-2,2026-2027,5,vihaan.pandey.2730@smartcampus.edu,9865841803
Navya Malhotra,2005-02-16,CSM,CSM-2,2026-2027,7,navya.malhotra.2731@smartcampus.edu,9870652667
Veda Mishra,2006-08-22,ECE,ECE-1,2026-2027,5,veda.mishra.2732@smartcampus.edu,9856383493
Myra Bose,2005-07-16,CSE,CSE-3,2026-2027,3,myra.bose.2733@smartcampus.edu,9894593850
Khushi Pandey,2005-08-20,CSM,CSM-2,2026-2027,5,khushi.pandey.2734@smartcampus.edu,9849007185
Pranav Patel,2003-04-20,CSE,CSE-3,2026-2027,3,pranav.patel.2735@smartcampus.edu,9842353912
Deepak Rao,2005-07-18,ECE,ECE-1,2026-2027,5,deepak.rao.2736@smartcampus.edu,9867867514
Shreya Chopra,2003-01-23,CSE,CSE-3,2026-2027,5,shreya.chopra.2737@smartcampus.edu,9866524861
Ishaan Pandey,2005-02-15,CSE,CSE-2,2026-2027,3,ishaan.pandey.2738@smartcampus.edu,9828700443
Kavya Patil,2003-10-10,MECH,MECH-2,2026-2027,5,kavya.patil.2739@smartcampus.edu,9864629784
Deepak Bose,2005-02-27,CSM,CSM-2,2026-2027,5,deepak.bose.2740@smartcampus.edu,9827423939
Advik Singh,2003-10-07,CSM,CSM-2,2026-2027,5,advik.singh.2741@smartcampus.edu,9815391670
Khushi Saxena,2003-02-27,CSE,CSE-3,2026-2027,7,khushi.saxena.2742@smartcampus.edu,9862130764
Siddharth Banerjee,2004-04-14,CSM,CSM-2,2026-2027,5,siddharth.banerjee.2743@smartcampus.edu,9840399865
Veda Kumar,2004-04-25,CAD,CAD-2,2026-2027,7,veda.kumar.2744@smartcampus.edu,9877028151
Advaith Iyer,2006-04-06,ECE,ECE-2,2026-2027,7,advaith.iyer.2745@smartcampus.edu,9825215622
Nikhil Mishra,2004-03-30,CSE,CSE-3,2026-2027,7,nikhil.mishra.2746@smartcampus.edu,9899693101
Sai Sharma,2005-11-24,CAD,CAD-2,2026-2027,3,sai.sharma.2747@smartcampus.edu,9816203688
Khushi Nair,2003-11-26,CSM,CSM-1,2026-2027,3,khushi.nair.2748@smartcampus.edu,9857573504
Sai Chatterjee,2006-09-05,ECE,ECE-1,2026-2027,5,sai.chatterjee.2749@smartcampus.edu,9860572114
Anjali Kulkarni,2006-02-10,CSE,CSE-3,2026-2027,7,anjali.kulkarni.2750@smartcampus.edu,9856049744
Pari Mishra,2003-02-23,CAD,CAD-2,2026-2027,3,pari.mishra.2751@smartcampus.edu,9841853497
Vihaan Kulkarni,2003-03-28,CSM,CSM-2,2026-2027,5,vihaan.kulkarni.2752@smartcampus.edu,9816020919
Shaurya Ghosh,2005-08-19,MECH,MECH-2,2026-2027,3,shaurya.ghosh.2753@smartcampus.edu,9858151270
Ananya Bhat,2004-11-22,CSE,CSE-1,2026-2027,7,ananya.bhat.2754@smartcampus.edu,9896611095
Aditya Patel,2004-09-25,CSE,CSE-3,2026-2027,5,aditya.patel.2755@smartcampus.edu,9852095630
Tanvi Chatterjee,2005-01-21,CSM,CSM-1,2026-2027,3,tanvi.chatterjee.2756@smartcampus.edu,9861464199
Myra Reddy,2004-11-29,CSM,CSM-1,2026-2027,5,myra.reddy.2757@smartcampus.edu,9885311025
Dhruv Banerjee,2004-03-09,CSE,CSE-3,2026-2027,3,dhruv.banerjee.2758@smartcampus.edu,9879051599
Kabir Kulkarni,2006-10-19,EEE,EEE-1,2026-2027,7,kabir.kulkarni.2759@smartcampus.edu,9857580623
Tanvi Patel,2004-04-16,CAD,CAD-2,2026-2027,3,tanvi.patel.2760@smartcampus.edu,9886831032
Advik Joshi,2004-03-04,CAD,CAD-1,2026-2027,5,advik.joshi.2761@smartcampus.edu,9837087683
Myra Rao,2003-11-29,CSM,CSM-1,2026-2027,7,myra.rao.2762@smartcampus.edu,9810636825
Vikram Choudhury,2003-12-16,CSE,CSE-2,2026-2027,3,vikram.choudhury.2763@smartcampus.edu,9899423163
Advaith Malhotra,2003-05-19,EEE,EEE-2,2026-2027,5,advaith.malhotra.2764@smartcampus.edu,9868076426
Deepak Banerjee,2003-10-29,CAD,CAD-1,2026-2027,3,deepak.banerjee.2765@smartcampus.edu,9889146788
Myra Kumar,2003-04-27,CSM,CSM-1,2026-2027,5,myra.kumar.2766@smartcampus.edu,9849665093
Riya Das,2005-07-16,MECH,MECH-1,2026-2027,7,riya.das.2767@smartcampus.edu,9857777134
Pooja Agarwal,2005-10-15,CSM,CSM-1,2026-2027,5,pooja.agarwal.2768@smartcampus.edu,9876907448
Atharva Choudhury,2005-09-14,CSE,CSE-2,2026-2027,7,atharva.choudhury.2769@smartcampus.edu,9873359331
Vivaan Shah,2004-03-03,CSM,CSM-2,2026-2027,7,vivaan.shah.2770@smartcampus.edu,9874913051
Vihaan Shah,2003-07-20,CSE,CSE-1,2026-2027,7,vihaan.shah.2771@smartcampus.edu,9851514835
Sneha Bose,2005-01-08,CAD,CAD-2,2026-2027,3,sneha.bose.2772@smartcampus.edu,9892291405
Shaurya Mehta,2006-11-20,CSM,CSM-1,2026-2027,7,shaurya.mehta.2773@smartcampus.edu,9861062377
Ishaan Mehta,2006-11-04,CSE,CSE-3,2026-2027,7,ishaan.mehta.2774@smartcampus.edu,9893314007
Vihaan Malhotra,2003-06-09,CAD,CAD-1,2026-2027,3,vihaan.malhotra.2775@smartcampus.edu,9838506951
Simran Gupta,2006-12-20,ECE,ECE-1,2026-2027,3,simran.gupta.2776@smartcampus.edu,9872440407
Veda Mehta,2006-12-01,EEE,EEE-2,2026-2027,5,veda.mehta.2777@smartcampus.edu,9892880766
Arjun Choudhury,2003-12-29,CSE,CSE-1,2026-2027,3,arjun.choudhury.2778@smartcampus.edu,9888675565
Neha Choudhury,2005-09-04,EEE,EEE-2,2026-2027,7,neha.choudhury.2779@smartcampus.edu,9833468418
Zoya Choudhury,2006-06-12,MECH,MECH-1,2026-2027,7,zoya.choudhury.2780@smartcampus.edu,9840032653
Vihaan Kumar,2004-08-08,CSM,CSM-2,2026-2027,7,vihaan.kumar.2781@smartcampus.edu,9873149353
Myra Das,2004-11-21,CAD,CAD-1,2026-2027,3,myra.das.2782@smartcampus.edu,9869276120
Arjun Bose,2005-08-29,CSE,CSE-2,2026-2027,5,arjun.bose.2783@smartcampus.edu,9827192538
Khushi Pandey,2003-07-19,CAD,CAD-2,2026-2027,7,khushi.pandey.2784@smartcampus.edu,9856449869
Neha Das,2005-01-05,CSE,CSE-3,2026-2027,7,neha.das.2785@smartcampus.edu,9822698388
Krishna Verma,2005-10-31,EEE,EEE-2,2026-2027,5,krishna.verma.2786@smartcampus.edu,9866310854
Nikhil Banerjee,2004-07-14,MECH,MECH-2,2026-2027,7,nikhil.banerjee.2787@smartcampus.edu,9828845355
Nikhil Patil,2004-08-12,CSM,CSM-2,2026-2027,3,nikhil.patil.2788@smartcampus.edu,9850139755
Pari Das,2003-01-22,CSE,CSE-2,2026-2027,3,pari.das.2789@smartcampus.edu,9866110778
Ritu Banerjee,2005-10-05,MECH,MECH-1,2026-2027,7,ritu.banerjee.2790@smartcampus.edu,9868038652
Khushi Rao,2006-01-11,CSM,CSM-2,2026-2027,3,khushi.rao.2791@smartcampus.edu,9827998206
Priya Gupta,2004-06-29,CSM,CSM-2,2026-2027,3,priya.gupta.2792@smartcampus.edu,9871206313
Saanvi Das,2005-08-01,ECE,ECE-1,2026-2027,5,saanvi.das.2793@smartcampus.edu,9892108336
Dhruv Deshmukh,2004-12-20,EEE,EEE-1,2026-2027,5,dhruv.deshmukh.2794@smartcampus.edu,9853375796
Ishaan Deshmukh,2006-09-14,CSM,CSM-2,2026-2027,7,ishaan.deshmukh.2795@smartcampus.edu,9878484984
Sai Banerjee,2005-11-04,CSE,CSE-2,2026-2027,5,sai.banerjee.2796@smartcampus.edu,9896994666
Shaurya Reddy,2003-10-22,ECE,ECE-1,2026-2027,7,shaurya.reddy.2797@smartcampus.edu,9893522378
Sai Deshmukh,2004-05-06,CAD,CAD-1,2026-2027,7,sai.deshmukh.2798@smartcampus.edu,9841349606
Meera Rao,2005-04-23,CAD,CAD-2,2026-2027,7,meera.rao.2799@smartcampus.edu,9883015639
Dhruv Iyer,2003-10-30,CSM,CSM-2,2026-2027,3,dhruv.iyer.2800@smartcampus.edu,9837766782
Dhruv Mehta,2003-11-04,ECE,ECE-1,2026-2027,7,dhruv.mehta.2801@smartcampus.edu,9837677603
Sneha Bhat,2004-10-16,CSE,CSE-3,2026-2027,3,sneha.bhat.2802@smartcampus.edu,9884412770
Vivaan Chopra,2004-01-28,CSE,CSE-3,2026-2027,3,vivaan.chopra.2803@smartcampus.edu,9877098094
Siddharth Pandey,2005-11-10,CSE,CSE-1,2026-2027,5,siddharth.pandey.2804@smartcampus.edu,9885504577
Rahul Joshi,2006-03-29,CSM,CSM-1,2026-2027,7,rahul.joshi.2805@smartcampus.edu,9851071754
Atharva Gupta,2004-02-14,ECE,ECE-2,2026-2027,5,atharva.gupta.2806@smartcampus.edu,9874415193
Harish Das,2004-05-13,CAD,CAD-1,2026-2027,7,harish.das.2807@smartcampus.edu,9813625965
Dhruv Chatterjee,2005-10-14,CSE,CSE-1,2026-2027,3,dhruv.chatterjee.2808@smartcampus.edu,9887829447
Ishita Gupta,2004-10-12,EEE,EEE-2,2026-2027,3,ishita.gupta.2809@smartcampus.edu,9868527141
Aarav Banerjee,2006-10-29,EEE,EEE-2,2026-2027,5,aarav.banerjee.2810@smartcampus.edu,9861940470
Gauri Chopra,2004-06-27,CAD,CAD-2,2026-2027,3,gauri.chopra.2811@smartcampus.edu,9852014953
Divya Shah,2006-10-09,CSE,CSE-2,2026-2027,3,divya.shah.2812@smartcampus.edu,9872517628
Rithvik Mishra,2006-10-23,MECH,MECH-2,2026-2027,3,rithvik.mishra.2813@smartcampus.edu,9866721891
Priya Nair,2003-01-07,MECH,MECH-1,2026-2027,3,priya.nair.2814@smartcampus.edu,9885685511
Rithvik Shah,2006-05-19,MECH,MECH-1,2026-2027,5,rithvik.shah.2815@smartcampus.edu,9889744666
Gauri Patel,2003-05-17,EEE,EEE-2,2026-2027,3,gauri.patel.2816@smartcampus.edu,9832186950
Zoya Verma,2004-06-04,EEE,EEE-2,2026-2027,7,zoya.verma.2817@smartcampus.edu,9887527712
Riya Reddy,2005-09-16,CSE,CSE-3,2026-2027,5,riya.reddy.2818@smartcampus.edu,9858868292
Advaith Kumar,2004-05-29,CSM,CSM-1,2026-2027,7,advaith.kumar.2819@smartcampus.edu,9834664326
Nikhil Rao,2006-08-13,CSM,CSM-1,2026-2027,7,nikhil.rao.2820@smartcampus.edu,9897832070
Rahul Rao,2004-03-01,CSE,CSE-2,2026-2027,3,rahul.rao.2821@smartcampus.edu,9886076003
Shreya Nair,2005-10-14,CSM,CSM-2,2026-2027,5,shreya.nair.2822@smartcampus.edu,9833054083
Rithvik Joshi,2003-04-09,ECE,ECE-1,2026-2027,7,rithvik.joshi.2823@smartcampus.edu,9832403319
Deepak Kumar,2005-08-25,CAD,CAD-1,2026-2027,7,deepak.kumar.2824@smartcampus.edu,9856835963
Arjun Malhotra,2006-10-09,CSE,CSE-1,2026-2027,7,arjun.malhotra.2825@smartcampus.edu,9899125807
Rohan Kapoor,2006-03-01,CSM,CSM-2,2026-2027,7,rohan.kapoor.2826@smartcampus.edu,9834395825
Sara Ghosh,2004-12-14,CSM,CSM-1,2026-2027,3,sara.ghosh.2827@smartcampus.edu,9874010886
Saanvi Kumar,2004-03-09,CAD,CAD-2,2026-2027,7,saanvi.kumar.2828@smartcampus.edu,9867954509
Siddharth Das,2006-12-23,CSE,CSE-3,2026-2027,3,siddharth.das.2829@smartcampus.edu,9884356282
Krishna Rao,2004-07-23,CSE,CSE-3,2026-2027,3,krishna.rao.2830@smartcampus.edu,9887616786
Dhruv Das,2004-11-19,CAD,CAD-2,2026-2027,5,dhruv.das.2831@smartcampus.edu,9823797951
Simran Patil,2003-11-29,CSM,CSM-1,2026-2027,7,simran.patil.2832@smartcampus.edu,9899662651
Aditya Das,2004-07-27,MECH,MECH-2,2026-2027,3,aditya.das.2833@smartcampus.edu,9812837533
Simran Joshi,2004-01-26,CSM,CSM-2,2026-2027,5,simran.joshi.2834@smartcampus.edu,9845595034
Anjali Agarwal,2006-12-29,CSE,CSE-1,2026-2027,3,anjali.agarwal.2835@smartcampus.edu,9896559604
Zoya Mehta,2004-09-19,CAD,CAD-2,2026-2027,7,zoya.mehta.2836@smartcampus.edu,9818183718
Advik Chatterjee,2003-10-18,CSM,CSM-1,2026-2027,5,advik.chatterjee.2837@smartcampus.edu,9826046621
Harish Ghosh,2003-04-27,ECE,ECE-1,2026-2027,7,harish.ghosh.2838@smartcampus.edu,9843493122
Riya Banerjee,2005-10-31,CSM,CSM-2,2026-2027,7,riya.banerjee.2839@smartcampus.edu,9823477923
Ananya Saxena,2004-11-19,EEE,EEE-2,2026-2027,3,ananya.saxena.2840@smartcampus.edu,9846428360
Simran Bose,2004-01-21,EEE,EEE-1,2026-2027,5,simran.bose.2841@smartcampus.edu,9853014796
Swati Saxena,2003-04-25,CSE,CSE-2,2026-2027,3,swati.saxena.2842@smartcampus.edu,9856034697
Dhruv Patil,2006-08-28,ECE,ECE-2,2026-2027,3,dhruv.patil.2843@smartcampus.edu,9826795580
Advik Agarwal,2005-11-04,CSE,CSE-3,2026-2027,5,advik.agarwal.2844@smartcampus.edu,9846777239
Gautam Saxena,2003-10-18,ECE,ECE-1,2026-2027,7,gautam.saxena.2845@smartcampus.edu,9883691757
Aaryan Gupta,2006-12-26,CAD,CAD-1,2026-2027,7,aaryan.gupta.2846@smartcampus.edu,9823878807
Vihaan Mehta,2005-02-05,CAD,CAD-2,2026-2027,7,vihaan.mehta.2847@smartcampus.edu,9817072267
Ishaan Iyer,2004-02-16,CSE,CSE-1,2026-2027,7,ishaan.iyer.2848@smartcampus.edu,9833907578
Ishaan Bhat,2005-05-27,CSM,CSM-2,2026-2027,5,ishaan.bhat.2849@smartcampus.edu,9811750360
Advaith Kapoor,2003-02-02,CSE,CSE-2,2026-2027,3,advaith.kapoor.2850@smartcampus.edu,9889069531
Prisha Gupta,2005-01-27,CAD,CAD-2,2026-2027,7,prisha.gupta.2851@smartcampus.edu,9892617053
Ishaan Banerjee,2003-04-22,CSE,CSE-2,2026-2027,5,ishaan.banerjee.2852@smartcampus.edu,9838139458
Diya Das,2006-10-25,CSE,CSE-2,2026-2027,5,diya.das.2853@smartcampus.edu,9818167789
Dhruv Ghosh,2005-06-09,CAD,CAD-2,2026-2027,3,dhruv.ghosh.2854@smartcampus.edu,9864116722
Sunita Das,2006-11-15,MECH,MECH-2,2026-2027,3,sunita.das.2855@smartcampus.edu,9831318360
Navya Malhotra,2005-07-13,CSM,CSM-2,2026-2027,7,navya.malhotra.2856@smartcampus.edu,9821142068
Arjun Joshi,2005-05-01,ECE,ECE-1,2026-2027,5,arjun.joshi.2857@smartcampus.edu,9874543458
Advik Ghosh,2005-05-17,CSE,CSE-1,2026-2027,7,advik.ghosh.2858@smartcampus.edu,9888208908
Varun Shah,2005-03-17,CSE,CSE-2,2026-2027,7,varun.shah.2859@smartcampus.edu,9854542347
Vikram Singh,2003-02-20,EEE,EEE-2,2026-2027,7,vikram.singh.2860@smartcampus.edu,9877055920
Arjun Iyer,2005-11-15,CSE,CSE-1,2026-2027,5,arjun.iyer.2861@smartcampus.edu,9889446972
Priya Patel,2004-07-17,ECE,ECE-2,2026-2027,3,priya.patel.2862@smartcampus.edu,9859208089
Sara Patil,2006-04-20,MECH,MECH-2,2026-2027,7,sara.patil.2863@smartcampus.edu,9898555985
Siddharth Saxena,2003-11-26,CSE,CSE-1,2026-2027,3,siddharth.saxena.2864@smartcampus.edu,9822947803
Sneha Kulkarni,2004-10-10,EEE,EEE-2,2026-2027,7,sneha.kulkarni.2865@smartcampus.edu,9845907786
Aaryan Pandey,2004-07-25,CSE,CSE-2,2026-2027,3,aaryan.pandey.2866@smartcampus.edu,9827596410
Aditya Mishra,2005-01-21,CSE,CSE-2,2026-2027,7,aditya.mishra.2867@smartcampus.edu,9880912918
Aaryan Deshmukh,2006-07-16,EEE,EEE-2,2026-2027,3,aaryan.deshmukh.2868@smartcampus.edu,9824133384
Siya Shah,2004-01-10,MECH,MECH-1,2026-2027,7,siya.shah.2869@smartcampus.edu,9849183850
Reyansh Saxena,2004-02-23,ECE,ECE-2,2026-2027,7,reyansh.saxena.2870@smartcampus.edu,9864192303
Shreya Das,2004-01-14,CSE,CSE-2,2026-2027,3,shreya.das.2871@smartcampus.edu,9853674774
Pari Agarwal,2004-07-25,MECH,MECH-2,2026-2027,7,pari.agarwal.2872@smartcampus.edu,9849108865
Aarav Deshmukh,2005-05-20,CAD,CAD-2,2026-2027,5,aarav.deshmukh.2873@smartcampus.edu,9857184348
Preeti Deshmukh,2003-04-30,EEE,EEE-2,2026-2027,3,preeti.deshmukh.2874@smartcampus.edu,9810052541
Sara Kapoor,2004-11-11,EEE,EEE-2,2026-2027,3,sara.kapoor.2875@smartcampus.edu,9834054833
Ritu Das,2003-05-26,ECE,ECE-2,2026-2027,3,ritu.das.2876@smartcampus.edu,9822618393
Rohan Malhotra,2006-02-26,CSE,CSE-1,2026-2027,7,rohan.malhotra.2877@smartcampus.edu,9810626066
Kabir Singh,2005-08-12,ECE,ECE-2,2026-2027,7,kabir.singh.2878@smartcampus.edu,9826649686
Kunal Bose,2005-08-31,CSM,CSM-2,2026-2027,5,kunal.bose.2879@smartcampus.edu,9841164555
Arjun Banerjee,2006-10-24,EEE,EEE-2,2026-2027,7,arjun.banerjee.2880@smartcampus.edu,9814638837
Preeti Kulkarni,2006-05-22,CSM,CSM-2,2026-2027,7,preeti.kulkarni.2881@smartcampus.edu,9827365928
Veda Kapoor,2006-04-10,CSE,CSE-3,2026-2027,7,veda.kapoor.2882@smartcampus.edu,9867326935
Khushi Gupta,2006-12-03,CSE,CSE-1,2026-2027,7,khushi.gupta.2883@smartcampus.edu,9847735864
Siya Agarwal,2003-04-12,CSM,CSM-2,2026-2027,3,siya.agarwal.2884@smartcampus.edu,9876814728
Ritu Gupta,2004-12-10,ECE,ECE-2,2026-2027,5,ritu.gupta.2885@smartcampus.edu,9819285337
Priya Pandey,2006-08-28,CSM,CSM-1,2026-2027,7,priya.pandey.2886@smartcampus.edu,9815407399
Khushi Chatterjee,2003-05-31,CSE,CSE-3,2026-2027,7,khushi.chatterjee.2887@smartcampus.edu,9837579242
Krishna Singh,2003-04-14,ECE,ECE-1,2026-2027,5,krishna.singh.2888@smartcampus.edu,9861279644
Diya Ghosh,2005-10-11,CSM,CSM-2,2026-2027,5,diya.ghosh.2889@smartcampus.edu,9868918341
Khushi Nair,2005-07-14,CAD,CAD-1,2026-2027,3,khushi.nair.2890@smartcampus.edu,9865847572
Advik Rao,2004-01-14,CAD,CAD-1,2026-2027,5,advik.rao.2891@smartcampus.edu,9856603210
Advaith Shah,2004-09-14,CSM,CSM-1,2026-2027,5,advaith.shah.2892@smartcampus.edu,9817023309
Krishna Reddy,2006-10-17,CSM,CSM-1,2026-2027,5,krishna.reddy.2893@smartcampus.edu,9849165586
Siddharth Ghosh,2004-02-29,CSE,CSE-2,2026-2027,5,siddharth.ghosh.2894@smartcampus.edu,9814930144
Prisha Ghosh,2004-02-07,CSE,CSE-2,2026-2027,7,prisha.ghosh.2895@smartcampus.edu,9812406552
Swati Pandey,2005-01-03,CSE,CSE-3,2026-2027,5,swati.pandey.2896@smartcampus.edu,9851964647
Siddharth Mishra,2004-05-28,CSE,CSE-2,2026-2027,3,siddharth.mishra.2897@smartcampus.edu,9857355125
Prisha Pandey,2006-04-02,MECH,MECH-1,2026-2027,7,prisha.pandey.2898@smartcampus.edu,9835567457
Manish Kumar,2006-02-21,CSE,CSE-3,2026-2027,3,manish.kumar.2899@smartcampus.edu,9878586065
Sara Nair,2005-07-13,EEE,EEE-1,2026-2027,5,sara.nair.2900@smartcampus.edu,9890273521
Kavya Iyer,2006-05-19,CSE,CSE-2,2026-2027,7,kavya.iyer.2901@smartcampus.edu,9825813400
Advik Singh,2006-04-30,ECE,ECE-1,2026-2027,5,advik.singh.2902@smartcampus.edu,9839972862
Harish Kumar,2004-01-14,CAD,CAD-1,2026-2027,7,harish.kumar.2903@smartcampus.edu,9820068673
Saanvi Choudhury,2003-04-23,CAD,CAD-2,2026-2027,7,saanvi.choudhury.2904@smartcampus.edu,9867271915
Neha Reddy,2004-10-09,CSM,CSM-2,2026-2027,7,neha.reddy.2905@smartcampus.edu,9881914392
Khushi Chopra,2004-07-31,CSM,CSM-1,2026-2027,3,khushi.chopra.2906@smartcampus.edu,9867201324
Rahul Shah,2004-12-24,CSE,CSE-2,2026-2027,7,rahul.shah.2907@smartcampus.edu,9899417820
Siya Sharma,2004-02-24,ECE,ECE-2,2026-2027,7,siya.sharma.2908@smartcampus.edu,9899012883
Shaurya Sharma,2003-07-24,CSM,CSM-2,2026-2027,5,shaurya.sharma.2909@smartcampus.edu,9870445602
Aaryan Iyer,2003-10-02,CSE,CSE-1,2026-2027,5,aaryan.iyer.2910@smartcampus.edu,9837123529
Sara Banerjee,2003-02-15,CAD,CAD-2,2026-2027,5,sara.banerjee.2911@smartcampus.edu,9872239262
Anjali Verma,2004-03-23,CSE,CSE-3,2026-2027,3,anjali.verma.2912@smartcampus.edu,9851745124
Siya Malhotra,2005-07-29,ECE,ECE-1,2026-2027,3,siya.malhotra.2913@smartcampus.edu,9874382500
Rithvik Kumar,2005-05-14,CAD,CAD-2,2026-2027,5,rithvik.kumar.2914@smartcampus.edu,9836835509
Diya Reddy,2005-06-01,CAD,CAD-1,2026-2027,5,diya.reddy.2915@smartcampus.edu,9863323055
Aaryan Patel,2006-04-30,MECH,MECH-1,2026-2027,3,aaryan.patel.2916@smartcampus.edu,9885651784
Shaurya Reddy,2006-05-14,CAD,CAD-1,2026-2027,5,shaurya.reddy.2917@smartcampus.edu,9840367796
Rithvik Choudhury,2004-12-09,CSE,CSE-3,2026-2027,5,rithvik.choudhury.2918@smartcampus.edu,9892245253
Shreya Verma,2003-11-18,CSM,CSM-1,2026-2027,7,shreya.verma.2919@smartcampus.edu,9896231320
Dhruv Malhotra,2003-12-02,ECE,ECE-2,2026-2027,7,dhruv.malhotra.2920@smartcampus.edu,9831107545
Ananya Saxena,2004-08-30,ECE,ECE-2,2026-2027,5,ananya.saxena.2921@smartcampus.edu,9822791756
Manish Shah,2003-03-20,CSE,CSE-2,2026-2027,5,manish.shah.2922@smartcampus.edu,9823173761
Manish Iyer,2003-12-02,CSM,CSM-2,2026-2027,3,manish.iyer.2923@smartcampus.edu,9881082822
Swati Ghosh,2006-04-27,CSE,CSE-2,2026-2027,7,swati.ghosh.2924@smartcampus.edu,9899147056
Divya Iyer,2006-07-19,EEE,EEE-2,2026-2027,5,divya.iyer.2925@smartcampus.edu,9839528765
Riya Agarwal,2004-03-30,CSE,CSE-2,2026-2027,3,riya.agarwal.2926@smartcampus.edu,9838650287
Rithvik Pandey,2003-08-09,CSE,CSE-1,2026-2027,5,rithvik.pandey.2927@smartcampus.edu,9868668502
Varun Das,2003-04-16,ECE,ECE-1,2026-2027,5,varun.das.2928@smartcampus.edu,9869465177
Manish Sharma,2004-06-26,CSE,CSE-2,2026-2027,3,manish.sharma.2929@smartcampus.edu,9862600437
Rohan Sharma,2004-02-23,EEE,EEE-1,2026-2027,3,rohan.sharma.2930@smartcampus.edu,9893402247
Kunal Nair,2004-12-10,CSE,CSE-1,2026-2027,5,kunal.nair.2931@smartcampus.edu,9811781585
Siya Das,2003-06-11,CSE,CSE-1,2026-2027,7,siya.das.2932@smartcampus.edu,9899043551
Sara Joshi,2006-02-22,MECH,MECH-1,2026-2027,7,sara.joshi.2933@smartcampus.edu,9893732837
Prisha Joshi,2004-07-03,CSE,CSE-1,2026-2027,7,prisha.joshi.2934@smartcampus.edu,9848911202
Kabir Sharma,2004-06-14,ECE,ECE-2,2026-2027,5,kabir.sharma.2935@smartcampus.edu,9858075801
Aarav Chatterjee,2003-04-12,CSM,CSM-2,2026-2027,7,aarav.chatterjee.2936@smartcampus.edu,9873971125
Vihaan Saxena,2004-08-23,CSM,CSM-2,2026-2027,7,vihaan.saxena.2937@smartcampus.edu,9836046655
Reyansh Choudhury,2003-06-16,CAD,CAD-1,2026-2027,7,reyansh.choudhury.2938@smartcampus.edu,9882254981
Meera Kulkarni,2004-08-22,CAD,CAD-2,2026-2027,3,meera.kulkarni.2939@smartcampus.edu,9859053351
Preeti Nair,2003-09-05,EEE,EEE-1,2026-2027,3,preeti.nair.2940@smartcampus.edu,9880011879
Nikhil Mehta,2004-07-09,MECH,MECH-1,2026-2027,7,nikhil.mehta.2941@smartcampus.edu,9831039966
Meera Patel,2005-08-30,CAD,CAD-2,2026-2027,7,meera.patel.2942@smartcampus.edu,9855110772
Anjali Mehta,2005-02-10,CSE,CSE-2,2026-2027,5,anjali.mehta.2943@smartcampus.edu,9868539503
Aaryan Nair,2005-10-19,CSM,CSM-1,2026-2027,5,aaryan.nair.2944@smartcampus.edu,9867577101
Advaith Banerjee,2003-07-03,EEE,EEE-2,2026-2027,5,advaith.banerjee.2945@smartcampus.edu,9855930954
Dhruv Shah,2003-12-29,MECH,MECH-1,2026-2027,3,dhruv.shah.2946@smartcampus.edu,9854915423
Vivaan Chopra,2004-07-30,ECE,ECE-2,2026-2027,5,vivaan.chopra.2947@smartcampus.edu,9843914181
Sunita Agarwal,2003-01-24,MECH,MECH-2,2026-2027,5,sunita.agarwal.2948@smartcampus.edu,9823515796
Aditya Rao,2003-08-07,CSM,CSM-1,2026-2027,7,aditya.rao.2949@smartcampus.edu,9844322789
Krishna Bose,2006-09-12,CAD,CAD-2,2026-2027,3,krishna.bose.2950@smartcampus.edu,9822259048
Riya Agarwal,2003-06-30,ECE,ECE-1,2026-2027,3,riya.agarwal.2951@smartcampus.edu,9876927129
Kavya Saxena,2006-05-27,ECE,ECE-2,2026-2027,5,kavya.saxena.2952@smartcampus.edu,9863265012
Harish Mehta,2005-03-21,MECH,MECH-2,2026-2027,7,harish.mehta.2953@smartcampus.edu,9876076140
Prisha Mehta,2003-04-15,CSE,CSE-2,2026-2027,5,prisha.mehta.2954@smartcampus.edu,9843604919
Tanvi Kulkarni,2005-04-14,EEE,EEE-2,2026-2027,5,tanvi.kulkarni.2955@smartcampus.edu,9880866651
Gautam Saxena,2005-11-30,MECH,MECH-2,2026-2027,7,gautam.saxena.2956@smartcampus.edu,9859027133
Anjali Singh,2004-08-28,CAD,CAD-2,2026-2027,7,anjali.singh.2957@smartcampus.edu,9847582196
Siya Reddy,2004-02-19,EEE,EEE-2,2026-2027,7,siya.reddy.2958@smartcampus.edu,9816458190
Ishita Banerjee,2006-06-24,CSM,CSM-1,2026-2027,3,ishita.banerjee.2959@smartcampus.edu,9887773694
Harish Rao,2006-03-26,CSM,CSM-1,2026-2027,7,harish.rao.2960@smartcampus.edu,9886109122
Pranav Malhotra,2003-04-17,CSE,CSE-3,2026-2027,5,pranav.malhotra.2961@smartcampus.edu,9889244485
Sai Verma,2004-05-13,CSE,CSE-3,2026-2027,3,sai.verma.2962@smartcampus.edu,9811093760
Siddharth Pandey,2005-03-28,MECH,MECH-2,2026-2027,3,siddharth.pandey.2963@smartcampus.edu,9815522462
Riya Chopra,2005-03-24,CSE,CSE-1,2026-2027,3,riya.chopra.2964@smartcampus.edu,9896752416
Aditya Kumar,2003-09-27,MECH,MECH-1,2026-2027,3,aditya.kumar.2965@smartcampus.edu,9814323919
Vivaan Kapoor,2003-09-14,ECE,ECE-2,2026-2027,3,vivaan.kapoor.2966@smartcampus.edu,9872717625
Vihaan Bhat,2005-07-06,ECE,ECE-2,2026-2027,3,vihaan.bhat.2967@smartcampus.edu,9835304542
Siddharth Deshmukh,2004-12-19,MECH,MECH-2,2026-2027,5,siddharth.deshmukh.2968@smartcampus.edu,9821342124
Rahul Mishra,2005-06-24,EEE,EEE-1,2026-2027,5,rahul.mishra.2969@smartcampus.edu,9879414965
Ishaan Agarwal,2004-03-25,ECE,ECE-1,2026-2027,7,ishaan.agarwal.2970@smartcampus.edu,9840976258
Riya Mishra,2006-08-21,CSE,CSE-2,2026-2027,7,riya.mishra.2971@smartcampus.edu,9818972808
Pari Patil,2005-05-14,MECH,MECH-1,2026-2027,3,pari.patil.2972@smartcampus.edu,9890351177
Dhruv Singh,2006-02-18,ECE,ECE-2,2026-2027,7,dhruv.singh.2973@smartcampus.edu,9838782218
Deepak Deshmukh,2006-12-24,CSE,CSE-1,2026-2027,7,deepak.deshmukh.2974@smartcampus.edu,9883593864
Prisha Chatterjee,2004-11-09,CSE,CSE-3,2026-2027,3,prisha.chatterjee.2975@smartcampus.edu,9848996145
Ritu Nair,2005-05-11,CSE,CSE-1,2026-2027,5,ritu.nair.2976@smartcampus.edu,9892329157
Khushi Kumar,2003-08-02,CSM,CSM-1,2026-2027,5,khushi.kumar.2977@smartcampus.edu,9816680551
Myra Chopra,2004-07-08,CSE,CSE-3,2026-2027,3,myra.chopra.2978@smartcampus.edu,9851915227
Vivaan Chopra,2003-02-03,CSE,CSE-3,2026-2027,5,vivaan.chopra.2979@smartcampus.edu,9866167187
Ishaan Mishra,2004-02-24,MECH,MECH-1,2026-2027,7,ishaan.mishra.2980@smartcampus.edu,9875270211
Deepak Kulkarni,2006-08-19,CSE,CSE-1,2026-2027,7,deepak.kulkarni.2981@smartcampus.edu,9859476025
Prisha Rao,2004-12-05,ECE,ECE-1,2026-2027,5,prisha.rao.2982@smartcampus.edu,9847358104
Kunal Sharma,2006-09-20,CSM,CSM-2,2026-2027,3,kunal.sharma.2983@smartcampus.edu,9832195427
Sneha Chopra,2005-09-19,EEE,EEE-2,2026-2027,7,sneha.chopra.2984@smartcampus.edu,9825419054
Simran Das,2004-01-15,CSM,CSM-1,2026-2027,5,simran.das.2985@smartcampus.edu,9813664455
Kunal Mishra,2004-08-27,ECE,ECE-2,2026-2027,7,kunal.mishra.2986@smartcampus.edu,9883357923
Aarav Singh,2004-09-13,ECE,ECE-2,2026-2027,3,aarav.singh.2987@smartcampus.edu,9821569112
Nikhil Rao,2006-12-23,ECE,ECE-1,2026-2027,3,nikhil.rao.2988@smartcampus.edu,9825866278
Nikhil Das,2006-05-03,CSM,CSM-2,2026-2027,5,nikhil.das.2989@smartcampus.edu,9867807194
Rohan Shah,2005-02-19,CSM,CSM-2,2026-2027,3,rohan.shah.2990@smartcampus.edu,9814579776
Arjun Mishra,2005-08-20,CSM,CSM-2,2026-2027,5,arjun.mishra.2991@smartcampus.edu,9873754381
Sunita Chopra,2004-02-18,CAD,CAD-2,2026-2027,5,sunita.chopra.2992@smartcampus.edu,9878081689
Neha Patil,2004-06-08,CSE,CSE-2,2026-2027,7,neha.patil.2993@smartcampus.edu,9825938508
Diya Chopra,2004-10-16,ECE,ECE-1,2026-2027,3,diya.chopra.2994@smartcampus.edu,9880748885
Tanvi Malhotra,2003-12-22,CSE,CSE-2,2026-2027,7,tanvi.malhotra.2995@smartcampus.edu,9835441904
Ananya Ghosh,2003-04-15,CSE,CSE-1,2026-2027,3,ananya.ghosh.2996@smartcampus.edu,9870100114
Ananya Mishra,2003-01-14,ECE,ECE-1,2026-2027,7,ananya.mishra.2997@smartcampus.edu,9869328517
Prisha Reddy,2004-05-24,ECE,ECE-1,2026-2027,3,prisha.reddy.2998@smartcampus.edu,9885565499
Pari Pandey,2005-01-12,EEE,EEE-2,2026-2027,5,pari.pandey.2999@smartcampus.edu,9847968952
Khushi Patel,2006-01-26,CSM,CSM-2,2026-2027,7,khushi.patel.3000@smartcampus.edu,9899608878
Pari Mehta,2005-01-11,CSE,CSE-3,2026-2027,5,pari.mehta.3001@smartcampus.edu,9823908743
Veda Choudhury,2005-06-06,CSE,CSE-2,2026-2027,5,veda.choudhury.3002@smartcampus.edu,9837240050
Deepak Das,2006-06-29,CSE,CSE-3,2026-2027,5,deepak.das.3003@smartcampus.edu,9868363121
Aaryan Bhat,2006-06-08,EEE,EEE-1,2026-2027,3,aaryan.bhat.3004@smartcampus.edu,9894606475
Neha Ghosh,2005-06-09,MECH,MECH-2,2026-2027,3,neha.ghosh.3005@smartcampus.edu,9861201428
Siddharth Sharma,2003-02-15,CAD,CAD-2,2026-2027,5,siddharth.sharma.3006@smartcampus.edu,9888522407
Nikhil Kulkarni,2006-08-29,CSM,CSM-1,2026-2027,3,nikhil.kulkarni.3007@smartcampus.edu,9840793747
Rohan Kulkarni,2003-02-01,CAD,CAD-1,2026-2027,5,rohan.kulkarni.3008@smartcampus.edu,9820655091
Shaurya Singh,2004-12-25,CSE,CSE-1,2026-2027,7,shaurya.singh.3009@smartcampus.edu,9823293586
Sai Choudhury,2005-11-24,CSE,CSE-2,2026-2027,3,sai.choudhury.3010@smartcampus.edu,9837570540
Reyansh Ghosh,2006-08-29,CSM,CSM-1,2026-2027,5,reyansh.ghosh.3011@smartcampus.edu,9842575762
Shaurya Sharma,2006-08-08,EEE,EEE-2,2026-2027,3,shaurya.sharma.3012@smartcampus.edu,9887322948
Kavya Pandey,2006-08-07,MECH,MECH-2,2026-2027,5,kavya.pandey.3013@smartcampus.edu,9833416478
Preeti Malhotra,2005-07-17,CSM,CSM-1,2026-2027,7,preeti.malhotra.3014@smartcampus.edu,9823533692
Kavya Mishra,2006-04-26,MECH,MECH-1,2026-2027,5,kavya.mishra.3015@smartcampus.edu,9811681440
Atharva Patel,2003-02-28,CSM,CSM-1,2026-2027,3,atharva.patel.3016@smartcampus.edu,9870495577
Saanvi Shah,2005-11-23,CSM,CSM-2,2026-2027,3,saanvi.shah.3017@smartcampus.edu,9898786044
Arjun Joshi,2004-09-09,CSE,CSE-2,2026-2027,3,arjun.joshi.3018@smartcampus.edu,9887050528
Aditya Chatterjee,2003-07-21,CSE,CSE-2,2026-2027,3,aditya.chatterjee.3019@smartcampus.edu,9830925307
Prisha Bose,2005-03-20,EEE,EEE-2,2026-2027,3,prisha.bose.3020@smartcampus.edu,9866602966
Ishaan Das,2004-06-28,EEE,EEE-1,2026-2027,5,ishaan.das.3021@smartcampus.edu,9882295434
Saanvi Kulkarni,2006-08-27,CSE,CSE-3,2026-2027,5,saanvi.kulkarni.3022@smartcampus.edu,9874768184
Vihaan Mehta,2004-02-19,CAD,CAD-1,2026-2027,3,vihaan.mehta.3023@smartcampus.edu,9898146439
Veda Rao,2003-10-15,CSM,CSM-1,2026-2027,3,veda.rao.3024@smartcampus.edu,9891279946
Preeti Nair,2005-02-14,MECH,MECH-2,2026-2027,5,preeti.nair.3025@smartcampus.edu,9870435852
Kunal Chatterjee,2003-01-24,ECE,ECE-1,2026-2027,3,kunal.chatterjee.3026@smartcampus.edu,9843242110
Arjun Banerjee,2005-07-21,ECE,ECE-1,2026-2027,3,arjun.banerjee.3027@smartcampus.edu,9833788972
Swati Mehta,2003-08-03,CSE,CSE-1,2026-2027,3,swati.mehta.3028@smartcampus.edu,9888203494
Aaryan Kapoor,2004-11-27,CSM,CSM-2,2026-2027,3,aaryan.kapoor.3029@smartcampus.edu,9871627657
Aaryan Kumar,2003-02-19,MECH,MECH-2,2026-2027,7,aaryan.kumar.3030@smartcampus.edu,9863126438
Riya Deshmukh,2005-11-19,MECH,MECH-2,2026-2027,5,riya.deshmukh.3031@smartcampus.edu,9884241603
Pooja Reddy,2003-06-14,EEE,EEE-2,2026-2027,5,pooja.reddy.3032@smartcampus.edu,9833686731
Pranav Das,2004-11-26,CSE,CSE-1,2026-2027,7,pranav.das.3033@smartcampus.edu,9853215031
Rohan Shah,2004-02-05,CSE,CSE-3,2026-2027,3,rohan.shah.3034@smartcampus.edu,9816238624
Sai Choudhury,2006-11-29,CAD,CAD-2,2026-2027,3,sai.choudhury.3035@smartcampus.edu,9886927043
Veda Bhat,2006-05-05,CAD,CAD-1,2026-2027,5,veda.bhat.3036@smartcampus.edu,9827006326
Aditya Gupta,2004-11-07,CAD,CAD-1,2026-2027,3,aditya.gupta.3037@smartcampus.edu,9855185002
Veda Ghosh,2004-04-05,ECE,ECE-2,2026-2027,5,veda.ghosh.3038@smartcampus.edu,9822489980
Simran Shah,2006-12-02,MECH,MECH-1,2026-2027,3,simran.shah.3039@smartcampus.edu,9861898440
Atharva Bose,2003-07-22,CAD,CAD-1,2026-2027,3,atharva.bose.3040@smartcampus.edu,9858187509
Deepak Choudhury,2006-05-21,CAD,CAD-2,2026-2027,7,deepak.choudhury.3041@smartcampus.edu,9832608830
Ishaan Malhotra,2005-03-24,ECE,ECE-1,2026-2027,7,ishaan.malhotra.3042@smartcampus.edu,9838058858
Neha Kulkarni,2003-10-09,CSM,CSM-1,2026-2027,3,neha.kulkarni.3043@smartcampus.edu,9865752661
Ritu Rao,2006-03-17,CAD,CAD-2,2026-2027,7,ritu.rao.3044@smartcampus.edu,9891821342
Ananya Chopra,2003-04-22,CSM,CSM-2,2026-2027,7,ananya.chopra.3045@smartcampus.edu,9876559826
Rithvik Mishra,2003-04-06,ECE,ECE-2,2026-2027,5,rithvik.mishra.3046@smartcampus.edu,9866608959
Pari Verma,2004-07-30,CSM,CSM-2,2026-2027,7,pari.verma.3047@smartcampus.edu,9839812330
Varun Rao,2004-04-25,CSE,CSE-3,2026-2027,7,varun.rao.3048@smartcampus.edu,9822258279
Rohan Ghosh,2004-05-21,CSM,CSM-1,2026-2027,3,rohan.ghosh.3049@smartcampus.edu,9875215857
Deepak Saxena,2005-09-19,MECH,MECH-1,2026-2027,5,deepak.saxena.3050@smartcampus.edu,9864498703
Sneha Banerjee,2006-06-17,CAD,CAD-1,2026-2027,3,sneha.banerjee.3051@smartcampus.edu,9854043183
Gauri Patel,2006-01-19,CSE,CSE-2,2026-2027,3,gauri.patel.3052@smartcampus.edu,9834964576
Pranav Rao,2004-07-31,MECH,MECH-2,2026-2027,5,pranav.rao.3053@smartcampus.edu,9889282331
Khushi Das,2006-11-13,EEE,EEE-2,2026-2027,3,khushi.das.3054@smartcampus.edu,9863920861
Shreya Mishra,2004-09-02,EEE,EEE-2,2026-2027,7,shreya.mishra.3055@smartcampus.edu,9841838344
Ritu Shah,2005-09-24,CAD,CAD-1,2026-2027,3,ritu.shah.3056@smartcampus.edu,9836519887
Diya Reddy,2005-02-08,CSE,CSE-3,2026-2027,3,diya.reddy.3057@smartcampus.edu,9882757990
Aditya Banerjee,2005-04-15,CAD,CAD-2,2026-2027,5,aditya.banerjee.3058@smartcampus.edu,9897087161
Arjun Nair,2003-03-15,CAD,CAD-2,2026-2027,7,arjun.nair.3059@smartcampus.edu,9874235586
Ananya Kulkarni,2006-07-10,ECE,ECE-2,2026-2027,3,ananya.kulkarni.3060@smartcampus.edu,9832447590
Shaurya Verma,2005-10-06,CSM,CSM-2,2026-2027,7,shaurya.verma.3061@smartcampus.edu,9892343529
Prisha Kapoor,2003-04-28,CSE,CSE-1,2026-2027,3,prisha.kapoor.3062@smartcampus.edu,9875806396
Vivaan Joshi,2004-09-30,EEE,EEE-1,2026-2027,7,vivaan.joshi.3063@smartcampus.edu,9893169282
Sneha Bose,2006-09-27,CAD,CAD-1,2026-2027,7,sneha.bose.3064@smartcampus.edu,9841288542
Ishaan Kulkarni,2005-08-09,EEE,EEE-2,2026-2027,3,ishaan.kulkarni.3065@smartcampus.edu,9877028407
Vikram Shah,2006-06-18,CSE,CSE-3,2026-2027,5,vikram.shah.3066@smartcampus.edu,9893348170
Atharva Patil,2003-06-27,CAD,CAD-2,2026-2027,7,atharva.patil.3067@smartcampus.edu,9887860734
Harish Das,2006-09-29,CAD,CAD-1,2026-2027,5,harish.das.3068@smartcampus.edu,9849214063
Sunita Joshi,2003-11-26,MECH,MECH-1,2026-2027,5,sunita.joshi.3069@smartcampus.edu,9855091574
Khushi Mishra,2004-11-07,CSE,CSE-2,2026-2027,3,khushi.mishra.3070@smartcampus.edu,9845217605
Priya Singh,2004-07-14,CSM,CSM-1,2026-2027,5,priya.singh.3071@smartcampus.edu,9856972898
Meera Bhat,2006-12-12,CSM,CSM-1,2026-2027,5,meera.bhat.3072@smartcampus.edu,9850089950
Divya Iyer,2003-02-12,CSM,CSM-2,2026-2027,3,divya.iyer.3073@smartcampus.edu,9832051668
Swati Rao,2005-08-18,CSM,CSM-1,2026-2027,3,swati.rao.3074@smartcampus.edu,9845076561
Ritu Shah,2003-10-27,CSE,CSE-1,2026-2027,5,ritu.shah.3075@smartcampus.edu,9837677434
Sai Ghosh,2003-08-26,CSM,CSM-1,2026-2027,5,sai.ghosh.3076@smartcampus.edu,9823647284
Vikram Ghosh,2005-04-03,CSE,CSE-3,2026-2027,3,vikram.ghosh.3077@smartcampus.edu,9847574644
Kabir Verma,2004-07-06,ECE,ECE-2,2026-2027,5,kabir.verma.3078@smartcampus.edu,9867115273
Dhruv Gupta,2006-05-22,ECE,ECE-2,2026-2027,5,dhruv.gupta.3079@smartcampus.edu,9884371102
Meera Mishra,2004-07-12,ECE,ECE-1,2026-2027,7,meera.mishra.3080@smartcampus.edu,9816236547
Zoya Mehta,2003-08-14,ECE,ECE-1,2026-2027,5,zoya.mehta.3081@smartcampus.edu,9847182303
Manish Malhotra,2005-02-22,CSE,CSE-1,2026-2027,3,manish.malhotra.3082@smartcampus.edu,9817930309
Vivaan Deshmukh,2003-05-02,CSM,CSM-1,2026-2027,3,vivaan.deshmukh.3083@smartcampus.edu,9858604961
Siddharth Pandey,2003-07-07,CAD,CAD-2,2026-2027,7,siddharth.pandey.3084@smartcampus.edu,9894151857
Manish Mehta,2004-12-07,CAD,CAD-1,2026-2027,3,manish.mehta.3085@smartcampus.edu,9827391872
Priya Kumar,2006-07-21,CAD,CAD-1,2026-2027,5,priya.kumar.3086@smartcampus.edu,9863482191
Saanvi Mishra,2004-11-11,CSE,CSE-1,2026-2027,7,saanvi.mishra.3087@smartcampus.edu,9855959802
Ananya Mehta,2006-05-30,EEE,EEE-1,2026-2027,7,ananya.mehta.3088@smartcampus.edu,9874344798
Saanvi Sharma,2003-02-22,MECH,MECH-2,2026-2027,7,saanvi.sharma.3089@smartcampus.edu,9878810028
Neha Singh,2004-03-03,CSE,CSE-1,2026-2027,5,neha.singh.3090@smartcampus.edu,9879558120
Reyansh Das,2005-05-16,CSE,CSE-1,2026-2027,7,reyansh.das.3091@smartcampus.edu,9864650022
Ayaan Mehta,2005-10-07,CSM,CSM-1,2026-2027,7,ayaan.mehta.3092@smartcampus.edu,9875452618
Gauri Shah,2006-02-14,CSE,CSE-2,2026-2027,5,gauri.shah.3093@smartcampus.edu,9863293241
Ayaan Deshmukh,2004-07-15,CSE,CSE-2,2026-2027,5,ayaan.deshmukh.3094@smartcampus.edu,9828004721
Gautam Bhat,2006-12-12,ECE,ECE-2,2026-2027,3,gautam.bhat.3095@smartcampus.edu,9841382615
Vivaan Rao,2004-08-04,MECH,MECH-2,2026-2027,3,vivaan.rao.3096@smartcampus.edu,9868167214
Shaurya Ghosh,2006-10-27,ECE,ECE-2,2026-2027,3,shaurya.ghosh.3097@smartcampus.edu,9887439334
Diya Patil,2005-10-19,ECE,ECE-2,2026-2027,5,diya.patil.3098@smartcampus.edu,9819195914
Neha Chatterjee,2006-09-15,CSM,CSM-2,2026-2027,5,neha.chatterjee.3099@smartcampus.edu,9859197826
Gautam Kulkarni,2003-04-19,CSE,CSE-1,2026-2027,7,gautam.kulkarni.3100@smartcampus.edu,9874412467
Saanvi Kumar,2006-12-20,MECH,MECH-2,2026-2027,7,saanvi.kumar.3101@smartcampus.edu,9860346345
Kunal Gupta,2006-08-22,EEE,EEE-2,2026-2027,7,kunal.gupta.3102@smartcampus.edu,9841586028
Vihaan Das,2006-08-17,ECE,ECE-1,2026-2027,5,vihaan.das.3103@smartcampus.edu,9822350566
Rahul Iyer,2005-04-04,CSE,CSE-2,2026-2027,7,rahul.iyer.3104@smartcampus.edu,9869572783
Nikhil Choudhury,2005-06-02,CAD,CAD-2,2026-2027,5,nikhil.choudhury.3105@smartcampus.edu,9882415859
Rohan Patel,2004-11-22,CSM,CSM-1,2026-2027,3,rohan.patel.3106@smartcampus.edu,9870649790
Kunal Sharma,2006-05-19,CSM,CSM-1,2026-2027,7,kunal.sharma.3107@smartcampus.edu,9871434923
Nikhil Chatterjee,2006-10-22,MECH,MECH-2,2026-2027,5,nikhil.chatterjee.3108@smartcampus.edu,9821099725
Advik Rao,2006-07-24,ECE,ECE-1,2026-2027,5,advik.rao.3109@smartcampus.edu,9872549463
Saanvi Kapoor,2005-03-12,CSE,CSE-1,2026-2027,5,saanvi.kapoor.3110@smartcampus.edu,9835634091
Myra Saxena,2003-08-18,CSE,CSE-3,2026-2027,3,myra.saxena.3111@smartcampus.edu,9859098836
Zoya Singh,2004-07-04,CSM,CSM-2,2026-2027,5,zoya.singh.3112@smartcampus.edu,9892584330
Varun Verma,2004-07-22,CAD,CAD-2,2026-2027,5,varun.verma.3113@smartcampus.edu,9867866745
Pranav Nair,2004-10-18,CSM,CSM-1,2026-2027,3,pranav.nair.3114@smartcampus.edu,9891279130
Kabir Agarwal,2004-03-27,CSE,CSE-1,2026-2027,7,kabir.agarwal.3115@smartcampus.edu,9827980581
Dhruv Chopra,2006-12-28,CSE,CSE-2,2026-2027,7,dhruv.chopra.3116@smartcampus.edu,9827472984
Gautam Banerjee,2005-07-01,EEE,EEE-2,2026-2027,5,gautam.banerjee.3117@smartcampus.edu,9810969885
Deepak Saxena,2004-11-17,CSE,CSE-2,2026-2027,5,deepak.saxena.3118@smartcampus.edu,9811369666
Sunita Reddy,2006-07-28,CAD,CAD-2,2026-2027,3,sunita.reddy.3119@smartcampus.edu,9813003119
Riya Iyer,2003-11-07,ECE,ECE-1,2026-2027,3,riya.iyer.3120@smartcampus.edu,9815660869
Veda Deshmukh,2004-05-15,CSE,CSE-3,2026-2027,5,veda.deshmukh.3121@smartcampus.edu,9883320291
Advaith Choudhury,2004-12-30,ECE,ECE-2,2026-2027,5,advaith.choudhury.3122@smartcampus.edu,9866123713
Divya Agarwal,2003-01-21,ECE,ECE-1,2026-2027,3,divya.agarwal.3123@smartcampus.edu,9813618669
Vikram Bose,2003-01-14,ECE,ECE-1,2026-2027,7,vikram.bose.3124@smartcampus.edu,9829389055
Reyansh Choudhury,2006-06-23,CSM,CSM-1,2026-2027,7,reyansh.choudhury.3125@smartcampus.edu,9845577941
Ishaan Kapoor,2006-08-09,EEE,EEE-1,2026-2027,5,ishaan.kapoor.3126@smartcampus.edu,9853606670
Vivaan Shah,2004-01-27,CSE,CSE-3,2026-2027,5,vivaan.shah.3127@smartcampus.edu,9819136029
Reyansh Patel,2003-04-26,CSM,CSM-2,2026-2027,5,reyansh.patel.3128@smartcampus.edu,9835827874
Gauri Bose,2003-01-05,ECE,ECE-1,2026-2027,5,gauri.bose.3129@smartcampus.edu,9840648446
Ritu Banerjee,2005-06-24,CAD,CAD-1,2026-2027,7,ritu.banerjee.3130@smartcampus.edu,9864808307
Aarav Shah,2004-06-04,CSE,CSE-2,2026-2027,7,aarav.shah.3131@smartcampus.edu,9897779928
Manish Saxena,2004-05-18,MECH,MECH-2,2026-2027,3,manish.saxena.3132@smartcampus.edu,9830761585
Riya Ghosh,2006-07-12,ECE,ECE-1,2026-2027,7,riya.ghosh.3133@smartcampus.edu,9855913364
Meera Patil,2005-07-11,CSE,CSE-1,2026-2027,3,meera.patil.3134@smartcampus.edu,9880358601
Nikhil Chatterjee,2003-04-12,ECE,ECE-1,2026-2027,7,nikhil.chatterjee.3135@smartcampus.edu,9815361142
Pranav Chatterjee,2004-11-06,CSE,CSE-2,2026-2027,5,pranav.chatterjee.3136@smartcampus.edu,9840743097
Diya Ghosh,2006-07-27,CSM,CSM-1,2026-2027,3,diya.ghosh.3137@smartcampus.edu,9823062802
Advaith Chatterjee,2005-07-16,CAD,CAD-2,2026-2027,7,advaith.chatterjee.3138@smartcampus.edu,9886926777
Meera Mehta,2004-03-07,CSE,CSE-2,2026-2027,7,meera.mehta.3139@smartcampus.edu,9857244283
Vihaan Singh,2006-02-02,CSE,CSE-2,2026-2027,3,vihaan.singh.3140@smartcampus.edu,9824616832
Navya Deshmukh,2005-11-06,CSM,CSM-1,2026-2027,5,navya.deshmukh.3141@smartcampus.edu,9879752499
Nikhil Agarwal,2005-10-08,CSE,CSE-1,2026-2027,3,nikhil.agarwal.3142@smartcampus.edu,9854157891
Prisha Patel,2006-09-08,CSE,CSE-1,2026-2027,5,prisha.patel.3143@smartcampus.edu,9871453502
Vihaan Patel,2005-10-06,EEE,EEE-2,2026-2027,7,vihaan.patel.3144@smartcampus.edu,9844205019
Kavya Iyer,2004-10-11,CSM,CSM-1,2026-2027,5,kavya.iyer.3145@smartcampus.edu,9821452446
Siddharth Bose,2006-01-12,CSE,CSE-1,2026-2027,7,siddharth.bose.3146@smartcampus.edu,9849093271
Aarav Das,2005-08-17,CSM,CSM-2,2026-2027,3,aarav.das.3147@smartcampus.edu,9841223090
Myra Iyer,2006-08-03,CSM,CSM-2,2026-2027,3,myra.iyer.3148@smartcampus.edu,9857719132
Kunal Patil,2004-06-23,EEE,EEE-1,2026-2027,3,kunal.patil.3149@smartcampus.edu,9814675491
Manish Singh,2006-05-01,MECH,MECH-1,2026-2027,7,manish.singh.3150@smartcampus.edu,9885553065
Manish Rao,2003-01-22,EEE,EEE-2,2026-2027,3,manish.rao.3151@smartcampus.edu,9887439013
Simran Gupta,2005-02-20,CSE,CSE-1,2026-2027,3,simran.gupta.3152@smartcampus.edu,9819195499
Divya Bose,2003-04-26,CSM,CSM-2,2026-2027,7,divya.bose.3153@smartcampus.edu,9844069213
Ritu Ghosh,2004-10-07,CSE,CSE-2,2026-2027,7,ritu.ghosh.3154@smartcampus.edu,9896996657
Aaryan Kapoor,2006-08-23,CSM,CSM-2,2026-2027,5,aaryan.kapoor.3155@smartcampus.edu,9892913492
Meera Sharma,2005-01-13,CAD,CAD-1,2026-2027,5,meera.sharma.3156@smartcampus.edu,9823633948
Nikhil Mehta,2004-04-09,CSM,CSM-2,2026-2027,7,nikhil.mehta.3157@smartcampus.edu,9869878867
Kunal Reddy,2003-08-29,CAD,CAD-2,2026-2027,3,kunal.reddy.3158@smartcampus.edu,9853841461
Tanvi Bose,2003-08-27,CSM,CSM-2,2026-2027,3,tanvi.bose.3159@smartcampus.edu,9878962431
Aarav Nair,2003-01-01,CSE,CSE-2,2026-2027,7,aarav.nair.3160@smartcampus.edu,9853993142
Tanvi Verma,2004-12-04,CSE,CSE-3,2026-2027,7,tanvi.verma.3161@smartcampus.edu,9814290296
Aditya Kulkarni,2006-02-08,EEE,EEE-1,2026-2027,7,aditya.kulkarni.3162@smartcampus.edu,9844908804
Meera Sharma,2005-05-17,ECE,ECE-2,2026-2027,5,meera.sharma.3163@smartcampus.edu,9869440840
Swati Kulkarni,2005-06-30,ECE,ECE-1,2026-2027,7,swati.kulkarni.3164@smartcampus.edu,9860666321
Khushi Pandey,2005-05-10,CSE,CSE-2,2026-2027,3,khushi.pandey.3165@smartcampus.edu,9868575205
Kunal Mishra,2006-10-20,ECE,ECE-1,2026-2027,5,kunal.mishra.3166@smartcampus.edu,9860798262
Ananya Ghosh,2005-01-20,CSE,CSE-2,2026-2027,3,ananya.ghosh.3167@smartcampus.edu,9897109166
Kabir Sharma,2005-05-19,MECH,MECH-1,2026-2027,3,kabir.sharma.3168@smartcampus.edu,9813382255
Ishita Verma,2005-05-24,MECH,MECH-2,2026-2027,7,ishita.verma.3169@smartcampus.edu,9867776369
Simran Nair,2003-06-13,MECH,MECH-1,2026-2027,3,simran.nair.3170@smartcampus.edu,9850229838
Pooja Iyer,2004-05-25,CAD,CAD-1,2026-2027,7,pooja.iyer.3171@smartcampus.edu,9860438761
Varun Chopra,2003-08-29,CSE,CSE-2,2026-2027,5,varun.chopra.3172@smartcampus.edu,9845230611
Ayaan Reddy,2006-02-25,EEE,EEE-1,2026-2027,7,ayaan.reddy.3173@smartcampus.edu,9884997040
Myra Kapoor,2004-07-11,CSE,CSE-2,2026-2027,7,myra.kapoor.3174@smartcampus.edu,9869989059
Varun Agarwal,2003-01-24,MECH,MECH-1,2026-2027,5,varun.agarwal.3175@smartcampus.edu,9810521984
Gautam Patel,2003-07-18,MECH,MECH-2,2026-2027,5,gautam.patel.3176@smartcampus.edu,9823176041
Diya Sharma,2006-07-18,CSM,CSM-1,2026-2027,3,diya.sharma.3177@smartcampus.edu,9837796339
Varun Mehta,2003-05-05,CSM,CSM-1,2026-2027,5,varun.mehta.3178@smartcampus.edu,9848313916
Reyansh Verma,2004-06-05,MECH,MECH-2,2026-2027,7,reyansh.verma.3179@smartcampus.edu,9824787063
Ishaan Choudhury,2004-03-27,CSM,CSM-2,2026-2027,7,ishaan.choudhury.3180@smartcampus.edu,9871506024
Sunita Kapoor,2006-05-28,MECH,MECH-1,2026-2027,7,sunita.kapoor.3181@smartcampus.edu,9820494801
Siya Verma,2005-05-31,ECE,ECE-1,2026-2027,7,siya.verma.3182@smartcampus.edu,9876207265
Riya Patel,2003-11-27,ECE,ECE-1,2026-2027,5,riya.patel.3183@smartcampus.edu,9828786995
Rithvik Agarwal,2004-08-03,ECE,ECE-1,2026-2027,7,rithvik.agarwal.3184@smartcampus.edu,9851312857
Vihaan Sharma,2003-07-24,MECH,MECH-2,2026-2027,3,vihaan.sharma.3185@smartcampus.edu,9868339469
Zoya Kapoor,2004-12-01,CAD,CAD-1,2026-2027,5,zoya.kapoor.3186@smartcampus.edu,9820458866
Zoya Chopra,2003-10-12,CSE,CSE-3,2026-2027,5,zoya.chopra.3187@smartcampus.edu,9815844199
Dhruv Bhat,2004-02-23,CSM,CSM-2,2026-2027,5,dhruv.bhat.3188@smartcampus.edu,9858775663
Dhruv Pandey,2003-05-24,CSE,CSE-1,2026-2027,7,dhruv.pandey.3189@smartcampus.edu,9852894611
Kavya Patel,2004-01-15,CSM,CSM-1,2026-2027,3,kavya.patel.3190@smartcampus.edu,9847333037
Reyansh Chatterjee,2003-07-25,ECE,ECE-2,2026-2027,5,reyansh.chatterjee.3191@smartcampus.edu,9852722740
Gautam Gupta,2003-04-29,CSM,CSM-1,2026-2027,5,gautam.gupta.3192@smartcampus.edu,9886022706
Ishaan Nair,2004-09-02,CSE,CSE-1,2026-2027,3,ishaan.nair.3193@smartcampus.edu,9837628499
Pranav Patel,2004-07-11,ECE,ECE-2,2026-2027,5,pranav.patel.3194@smartcampus.edu,9841173336
Gautam Patil,2006-11-08,CSE,CSE-3,2026-2027,3,gautam.patil.3195@smartcampus.edu,9890776282
Navya Singh,2006-04-30,ECE,ECE-1,2026-2027,3,navya.singh.3196@smartcampus.edu,9879022645
Saanvi Shah,2003-04-18,ECE,ECE-2,2026-2027,7,saanvi.shah.3197@smartcampus.edu,9829347617
Swati Kumar,2004-02-22,CSE,CSE-2,2026-2027,3,swati.kumar.3198@smartcampus.edu,9873137688
Ritu Gupta,2005-03-16,EEE,EEE-1,2026-2027,5,ritu.gupta.3199@smartcampus.edu,9855343642
Rithvik Joshi,2006-07-05,CSE,CSE-3,2026-2027,7,rithvik.joshi.3200@smartcampus.edu,9893082369
Aditya Deshmukh,2003-01-24,CSE,CSE-2,2026-2027,7,aditya.deshmukh.3201@smartcampus.edu,9831128998
Manish Kapoor,2003-12-22,CAD,CAD-2,2026-2027,7,manish.kapoor.3202@smartcampus.edu,9880906319
Ananya Kapoor,2006-09-25,ECE,ECE-2,2026-2027,5,ananya.kapoor.3203@smartcampus.edu,9894852283
Preeti Banerjee,2005-07-03,CSE,CSE-3,2026-2027,7,preeti.banerjee.3204@smartcampus.edu,9881340962
Gautam Agarwal,2005-06-09,CAD,CAD-2,2026-2027,3,gautam.agarwal.3205@smartcampus.edu,9863860603
Vihaan Reddy,2006-04-09,CSE,CSE-3,2026-2027,3,vihaan.reddy.3206@smartcampus.edu,9822035414
Advaith Bhat,2006-11-15,CSM,CSM-2,2026-2027,7,advaith.bhat.3207@smartcampus.edu,9852209484
Riya Mehta,2005-02-16,MECH,MECH-2,2026-2027,5,riya.mehta.3208@smartcampus.edu,9824927808
Diya Iyer,2003-12-02,MECH,MECH-1,2026-2027,7,diya.iyer.3209@smartcampus.edu,9819024340
Varun Kapoor,2004-06-19,CSE,CSE-1,2026-2027,5,varun.kapoor.3210@smartcampus.edu,9825870704
Vihaan Bose,2004-06-26,CSM,CSM-1,2026-2027,3,vihaan.bose.3211@smartcampus.edu,9854215389
Aditya Reddy,2005-03-15,CSE,CSE-1,2026-2027,7,aditya.reddy.3212@smartcampus.edu,9810474727
Siya Chatterjee,2006-01-23,CSE,CSE-1,2026-2027,7,siya.chatterjee.3213@smartcampus.edu,9847449366
Ishita Mishra,2006-02-14,CSE,CSE-1,2026-2027,5,ishita.mishra.3214@smartcampus.edu,9811469799
Sunita Bose,2005-04-05,CSM,CSM-1,2026-2027,3,sunita.bose.3215@smartcampus.edu,9813179651
Advaith Banerjee,2005-07-06,CSM,CSM-1,2026-2027,7,advaith.banerjee.3216@smartcampus.edu,9877876539
Nikhil Iyer,2004-09-04,CSM,CSM-2,2026-2027,7,nikhil.iyer.3217@smartcampus.edu,9851420428
Sara Kapoor,2003-11-13,CSM,CSM-2,2026-2027,5,sara.kapoor.3218@smartcampus.edu,9870590670
Sai Sharma,2005-01-03,CSE,CSE-2,2026-2027,5,sai.sharma.3219@smartcampus.edu,9875903395
Divya Chatterjee,2005-01-11,CSE,CSE-3,2026-2027,7,divya.chatterjee.3220@smartcampus.edu,9813987964
Divya Banerjee,2004-03-07,EEE,EEE-1,2026-2027,3,divya.banerjee.3221@smartcampus.edu,9840775307
Aaryan Patel,2006-07-16,ECE,ECE-2,2026-2027,7,aaryan.patel.3222@smartcampus.edu,9828395567
Siya Chopra,2003-04-16,MECH,MECH-1,2026-2027,3,siya.chopra.3223@smartcampus.edu,9871077498
Rohan Ghosh,2003-12-24,CSM,CSM-2,2026-2027,5,rohan.ghosh.3224@smartcampus.edu,9828447899
Kavya Mehta,2006-01-28,CSE,CSE-2,2026-2027,5,kavya.mehta.3225@smartcampus.edu,9867082162
Neha Mishra,2004-01-01,ECE,ECE-2,2026-2027,3,neha.mishra.3226@smartcampus.edu,9868127841
Navya Kulkarni,2005-06-30,CSM,CSM-2,2026-2027,3,navya.kulkarni.3227@smartcampus.edu,9896216063
Pooja Shah,2006-05-10,CSE,CSE-1,2026-2027,3,pooja.shah.3228@smartcampus.edu,9878796752
Rithvik Agarwal,2006-12-04,CAD,CAD-1,2026-2027,7,rithvik.agarwal.3229@smartcampus.edu,9831468720
Siddharth Nair,2006-05-08,CSM,CSM-2,2026-2027,5,siddharth.nair.3230@smartcampus.edu,9879971745
Saanvi Bhat,2004-11-03,CAD,CAD-2,2026-2027,3,saanvi.bhat.3231@smartcampus.edu,9835330001
Sneha Mishra,2006-02-16,MECH,MECH-2,2026-2027,5,sneha.mishra.3232@smartcampus.edu,9872255555
Rithvik Patel,2004-05-08,CAD,CAD-2,2026-2027,3,rithvik.patel.3233@smartcampus.edu,9898463070
Rohan Das,2006-06-24,CAD,CAD-1,2026-2027,3,rohan.das.3234@smartcampus.edu,9843689557
Kabir Saxena,2006-07-12,ECE,ECE-2,2026-2027,3,kabir.saxena.3235@smartcampus.edu,9874685167
Arjun Pandey,2005-01-08,ECE,ECE-1,2026-2027,7,arjun.pandey.3236@smartcampus.edu,9879814708
Sneha Chopra,2006-10-12,CAD,CAD-2,2026-2027,3,sneha.chopra.3237@smartcampus.edu,9829629059
Sneha Joshi,2003-11-18,MECH,MECH-2,2026-2027,3,sneha.joshi.3238@smartcampus.edu,9864134587
Veda Choudhury,2006-06-17,CSE,CSE-1,2026-2027,7,veda.choudhury.3239@smartcampus.edu,9881232861
Diya Kumar,2006-09-19,CAD,CAD-1,2026-2027,7,diya.kumar.3240@smartcampus.edu,9820613905
Manish Bose,2006-12-18,CSE,CSE-3,2026-2027,5,manish.bose.3241@smartcampus.edu,9835797675
Aditya Bhat,2005-11-08,CSE,CSE-3,2026-2027,3,aditya.bhat.3242@smartcampus.edu,9827341622
Sai Shah,2003-01-15,CAD,CAD-2,2026-2027,7,sai.shah.3243@smartcampus.edu,9812261941
Prisha Agarwal,2004-04-04,CSM,CSM-1,2026-2027,7,prisha.agarwal.3244@smartcampus.edu,9866197525
Rohan Agarwal,2003-07-13,CSE,CSE-3,2026-2027,3,rohan.agarwal.3245@smartcampus.edu,9831283886
Varun Deshmukh,2004-11-18,CSE,CSE-3,2026-2027,3,varun.deshmukh.3246@smartcampus.edu,9846268779
Aaryan Verma,2004-08-14,ECE,ECE-2,2026-2027,5,aaryan.verma.3247@smartcampus.edu,9899246286
Neha Kulkarni,2004-11-27,CSE,CSE-1,2026-2027,7,neha.kulkarni.3248@smartcampus.edu,9826314497
Nikhil Kulkarni,2006-11-04,ECE,ECE-1,2026-2027,3,nikhil.kulkarni.3249@smartcampus.edu,9854240321
Sara Gupta,2006-10-08,ECE,ECE-1,2026-2027,3,sara.gupta.3250@smartcampus.edu,9855866996
Kunal Chatterjee,2005-10-18,CSM,CSM-1,2026-2027,5,kunal.chatterjee.3251@smartcampus.edu,9876768912
Saanvi Deshmukh,2006-08-17,MECH,MECH-1,2026-2027,3,saanvi.deshmukh.3252@smartcampus.edu,9837920942
Priya Patil,2004-06-15,CSM,CSM-2,2026-2027,3,priya.patil.3253@smartcampus.edu,9856909962
Varun Kumar,2004-08-13,CAD,CAD-2,2026-2027,3,varun.kumar.3254@smartcampus.edu,9889842603
Advaith Nair,2005-08-26,EEE,EEE-2,2026-2027,7,advaith.nair.3255@smartcampus.edu,9849577840
Diya Chopra,2004-12-31,CSM,CSM-1,2026-2027,3,diya.chopra.3256@smartcampus.edu,9876199090
Krishna Verma,2005-04-13,CAD,CAD-2,2026-2027,7,krishna.verma.3257@smartcampus.edu,9848274693
Kabir Nair,2004-04-12,EEE,EEE-2,2026-2027,5,kabir.nair.3258@smartcampus.edu,9834974509
Myra Nair,2003-03-30,CSM,CSM-1,2026-2027,3,myra.nair.3259@smartcampus.edu,9867409614
Anjali Malhotra,2006-04-12,CSE,CSE-3,2026-2027,5,anjali.malhotra.3260@smartcampus.edu,9858809095
Riya Patel,2004-08-17,CSM,CSM-2,2026-2027,3,riya.patel.3261@smartcampus.edu,9871785376
Simran Singh,2003-02-09,EEE,EEE-1,2026-2027,3,simran.singh.3262@smartcampus.edu,9866572220
Kavya Chopra,2006-08-08,CSE,CSE-3,2026-2027,5,kavya.chopra.3263@smartcampus.edu,9866234443
Kabir Patel,2003-08-05,CSM,CSM-2,2026-2027,7,kabir.patel.3264@smartcampus.edu,9897581403
Gautam Chopra,2006-12-29,MECH,MECH-1,2026-2027,3,gautam.chopra.3265@smartcampus.edu,9825250535
Kavya Agarwal,2006-07-20,CSE,CSE-1,2026-2027,5,kavya.agarwal.3266@smartcampus.edu,9827879233
Anjali Joshi,2003-01-07,MECH,MECH-1,2026-2027,3,anjali.joshi.3267@smartcampus.edu,9870375613
Priya Mehta,2004-01-20,CSM,CSM-2,2026-2027,3,priya.mehta.3268@smartcampus.edu,9845087592
Rahul Iyer,2006-08-26,ECE,ECE-2,2026-2027,7,rahul.iyer.3269@smartcampus.edu,9813747912
Atharva Gupta,2006-12-12,ECE,ECE-2,2026-2027,5,atharva.gupta.3270@smartcampus.edu,9831982124
Neha Chopra,2004-02-19,CSM,CSM-1,2026-2027,3,neha.chopra.3271@smartcampus.edu,9894805225
Siddharth Deshmukh,2003-09-24,CSE,CSE-2,2026-2027,7,siddharth.deshmukh.3272@smartcampus.edu,9824865077
Navya Patil,2004-06-21,EEE,EEE-2,2026-2027,3,navya.patil.3273@smartcampus.edu,9857965083
Ananya Bose,2003-08-13,EEE,EEE-2,2026-2027,3,ananya.bose.3274@smartcampus.edu,9821337083
Sneha Bhat,2006-03-17,CAD,CAD-2,2026-2027,5,sneha.bhat.3275@smartcampus.edu,9811277118
Vivaan Shah,2005-06-30,ECE,ECE-2,2026-2027,7,vivaan.shah.3276@smartcampus.edu,9835634336
Neha Kumar,2005-01-28,ECE,ECE-1,2026-2027,7,neha.kumar.3277@smartcampus.edu,9849778829
Deepak Sharma,2005-01-23,EEE,EEE-2,2026-2027,5,deepak.sharma.3278@smartcampus.edu,9841987626
Ayaan Choudhury,2004-01-23,ECE,ECE-2,2026-2027,7,ayaan.choudhury.3279@smartcampus.edu,9843174370
Ananya Mishra,2003-04-17,CSM,CSM-2,2026-2027,3,ananya.mishra.3280@smartcampus.edu,9883016913
Tanvi Nair,2005-09-02,ECE,ECE-2,2026-2027,7,tanvi.nair.3281@smartcampus.edu,9852752726
Aaryan Gupta,2005-08-02,CSE,CSE-1,2026-2027,5,aaryan.gupta.3282@smartcampus.edu,9882406967
Saanvi Reddy,2006-08-01,EEE,EEE-2,2026-2027,5,saanvi.reddy.3283@smartcampus.edu,9866695504
Dhruv Bhat,2003-06-17,MECH,MECH-2,2026-2027,7,dhruv.bhat.3284@smartcampus.edu,9812387352
Aaryan Bhat,2005-04-20,CSM,CSM-2,2026-2027,7,aaryan.bhat.3285@smartcampus.edu,9888539465
Pranav Sharma,2004-03-28,EEE,EEE-1,2026-2027,7,pranav.sharma.3286@smartcampus.edu,9879944541
Reyansh Pandey,2003-07-10,ECE,ECE-2,2026-2027,3,reyansh.pandey.3287@smartcampus.edu,9866951929
Advaith Chopra,2005-07-15,CSE,CSE-2,2026-2027,3,advaith.chopra.3288@smartcampus.edu,9824693745
Kunal Kulkarni,2003-03-02,CSM,CSM-2,2026-2027,5,kunal.kulkarni.3289@smartcampus.edu,9839370177
Sunita Reddy,2004-11-04,EEE,EEE-2,2026-2027,5,sunita.reddy.3290@smartcampus.edu,9895495135
Krishna Banerjee,2003-08-09,ECE,ECE-2,2026-2027,5,krishna.banerjee.3291@smartcampus.edu,9832578734
Kunal Joshi,2006-05-08,CSE,CSE-2,2026-2027,7,kunal.joshi.3292@smartcampus.edu,9869722416
Advik Saxena,2004-06-15,CSM,CSM-2,2026-2027,7,advik.saxena.3293@smartcampus.edu,9895552642
Swati Saxena,2004-08-07,CSE,CSE-1,2026-2027,3,swati.saxena.3294@smartcampus.edu,9848029716
Anjali Chopra,2004-05-23,CSM,CSM-1,2026-2027,3,anjali.chopra.3295@smartcampus.edu,9816704959
Diya Patil,2003-01-08,CSM,CSM-2,2026-2027,7,diya.patil.3296@smartcampus.edu,9892687215
Reyansh Nair,2005-10-27,CSM,CSM-1,2026-2027,7,reyansh.nair.3297@smartcampus.edu,9831119004
Veda Sharma,2004-04-01,CSE,CSE-3,2026-2027,7,veda.sharma.3298@smartcampus.edu,9882863363
Pranav Das,2005-01-03,CSE,CSE-2,2026-2027,5,pranav.das.3299@smartcampus.edu,9872357760
Reyansh Chatterjee,2004-05-10,EEE,EEE-1,2026-2027,7,reyansh.chatterjee.3300@smartcampus.edu,9877273762
Shaurya Malhotra,2005-01-27,CSE,CSE-2,2026-2027,7,shaurya.malhotra.3301@smartcampus.edu,9868873735
Varun Verma,2003-03-31,MECH,MECH-1,2026-2027,5,varun.verma.3302@smartcampus.edu,9823730837
Ishaan Chatterjee,2003-08-15,ECE,ECE-1,2026-2027,7,ishaan.chatterjee.3303@smartcampus.edu,9818774106
Neha Banerjee,2003-10-09,CSM,CSM-1,2026-2027,7,neha.banerjee.3304@smartcampus.edu,9820649500
Shaurya Ghosh,2004-01-28,CAD,CAD-2,2026-2027,5,shaurya.ghosh.3305@smartcampus.edu,9897698503
Krishna Nair,2006-03-15,EEE,EEE-1,2026-2027,5,krishna.nair.3306@smartcampus.edu,9861003548
Zoya Patil,2003-05-18,CAD,CAD-2,2026-2027,3,zoya.patil.3307@smartcampus.edu,9891731445
Kunal Agarwal,2006-10-03,CSE,CSE-1,2026-2027,3,kunal.agarwal.3308@smartcampus.edu,9897121601
Veda Malhotra,2006-06-23,EEE,EEE-2,2026-2027,5,veda.malhotra.3309@smartcampus.edu,9839777894
Harish Bhat,2003-04-05,ECE,ECE-2,2026-2027,3,harish.bhat.3310@smartcampus.edu,9851846029
Harish Singh,2006-06-12,EEE,EEE-1,2026-2027,7,harish.singh.3311@smartcampus.edu,9841372422
Arjun Singh,2006-05-15,CSM,CSM-2,2026-2027,5,arjun.singh.3312@smartcampus.edu,9810895444
Sunita Verma,2003-02-16,EEE,EEE-2,2026-2027,7,sunita.verma.3313@smartcampus.edu,9817958081
Khushi Chopra,2004-08-31,ECE,ECE-1,2026-2027,3,khushi.chopra.3314@smartcampus.edu,9838039212
Pranav Deshmukh,2004-01-11,MECH,MECH-1,2026-2027,5,pranav.deshmukh.3315@smartcampus.edu,9827524655
Aarav Saxena,2006-07-31,CAD,CAD-1,2026-2027,5,aarav.saxena.3316@smartcampus.edu,9852329494
Swati Kulkarni,2006-11-27,EEE,EEE-2,2026-2027,7,swati.kulkarni.3317@smartcampus.edu,9869278180
Tanvi Kumar,2004-04-25,CAD,CAD-2,2026-2027,5,tanvi.kumar.3318@smartcampus.edu,9853717608
Myra Deshmukh,2003-08-29,CSM,CSM-2,2026-2027,7,myra.deshmukh.3319@smartcampus.edu,9858492782
Siddharth Gupta,2005-05-04,ECE,ECE-2,2026-2027,3,siddharth.gupta.3320@smartcampus.edu,9882868785
Atharva Sharma,2003-10-26,CSE,CSE-2,2026-2027,7,atharva.sharma.3321@smartcampus.edu,9896095586
Krishna Verma,2005-11-07,ECE,ECE-2,2026-2027,5,krishna.verma.3322@smartcampus.edu,9816978741
Zoya Sharma,2003-11-19,ECE,ECE-2,2026-2027,3,zoya.sharma.3323@smartcampus.edu,9875958163
Advik Das,2005-02-03,CSE,CSE-3,2026-2027,5,advik.das.3324@smartcampus.edu,9846928271
Neha Patil,2003-10-29,MECH,MECH-1,2026-2027,7,neha.patil.3325@smartcampus.edu,9896335092
Pranav Kapoor,2005-12-09,CSE,CSE-3,2026-2027,3,pranav.kapoor.3326@smartcampus.edu,9871849167
Navya Joshi,2005-02-28,EEE,EEE-1,2026-2027,7,navya.joshi.3327@smartcampus.edu,9834626784
Ayaan Reddy,2004-05-17,CSM,CSM-1,2026-2027,5,ayaan.reddy.3328@smartcampus.edu,9841719209
Meera Chopra,2005-07-12,ECE,ECE-2,2026-2027,5,meera.chopra.3329@smartcampus.edu,9816979094
Aditya Rao,2005-12-26,CSE,CSE-3,2026-2027,7,aditya.rao.3330@smartcampus.edu,9896283805
Rohan Verma,2004-03-01,MECH,MECH-1,2026-2027,5,rohan.verma.3331@smartcampus.edu,9823650316
Sneha Kulkarni,2006-02-12,CAD,CAD-2,2026-2027,5,sneha.kulkarni.3332@smartcampus.edu,9846298578
Manish Patil,2004-11-19,MECH,MECH-2,2026-2027,5,manish.patil.3333@smartcampus.edu,9823178558
Vihaan Saxena,2003-05-24,CSE,CSE-2,2026-2027,7,vihaan.saxena.3334@smartcampus.edu,9884253883
Siya Agarwal,2006-10-16,ECE,ECE-2,2026-2027,3,siya.agarwal.3335@smartcampus.edu,9857313257
Ishaan Mehta,2005-07-13,CAD,CAD-1,2026-2027,3,ishaan.mehta.3336@smartcampus.edu,9865146293
Meera Deshmukh,2005-11-02,CSE,CSE-3,2026-2027,5,meera.deshmukh.3337@smartcampus.edu,9822275660
Divya Banerjee,2004-10-11,CSE,CSE-2,2026-2027,7,divya.banerjee.3338@smartcampus.edu,9890853967
Swati Deshmukh,2003-03-06,CSE,CSE-2,2026-2027,7,swati.deshmukh.3339@smartcampus.edu,9828485928
Pari Verma,2004-07-05,CSE,CSE-2,2026-2027,7,pari.verma.3340@smartcampus.edu,9823167986
Dhruv Malhotra,2006-06-02,CSM,CSM-2,2026-2027,5,dhruv.malhotra.3341@smartcampus.edu,9818108056
Sai Patel,2006-04-26,ECE,ECE-2,2026-2027,5,sai.patel.3342@smartcampus.edu,9847772995
Ayaan Verma,2003-06-02,CSM,CSM-1,2026-2027,5,ayaan.verma.3343@smartcampus.edu,9892885792
Anjali Mehta,2006-07-20,ECE,ECE-1,2026-2027,3,anjali.mehta.3344@smartcampus.edu,9885946993
Siddharth Bhat,2006-03-25,ECE,ECE-1,2026-2027,5,siddharth.bhat.3345@smartcampus.edu,9881909822
Arjun Agarwal,2003-08-28,ECE,ECE-1,2026-2027,5,arjun.agarwal.3346@smartcampus.edu,9873839758
Simran Chopra,2003-05-31,MECH,MECH-2,2026-2027,7,simran.chopra.3347@smartcampus.edu,9883738143
Harish Kapoor,2005-08-09,EEE,EEE-2,2026-2027,5,harish.kapoor.3348@smartcampus.edu,9874796493
Saanvi Agarwal,2003-12-29,CAD,CAD-1,2026-2027,3,saanvi.agarwal.3349@smartcampus.edu,9810583992
Kavya Mehta,2006-11-27,CSM,CSM-1,2026-2027,5,kavya.mehta.3350@smartcampus.edu,9839689377
Shaurya Kumar,2006-07-01,ECE,ECE-2,2026-2027,7,shaurya.kumar.3351@smartcampus.edu,9867781987
Sara Patil,2006-07-18,CSE,CSE-3,2026-2027,5,sara.patil.3352@smartcampus.edu,9887616128
Rahul Bose,2006-06-10,CSE,CSE-3,2026-2027,5,rahul.bose.3353@smartcampus.edu,9856791004
Siddharth Nair,2003-12-25,CAD,CAD-1,2026-2027,5,siddharth.nair.3354@smartcampus.edu,9810201064
Kabir Mehta,2006-04-01,CSE,CSE-1,2026-2027,7,kabir.mehta.3355@smartcampus.edu,9851904622
Prisha Verma,2004-05-26,CAD,CAD-1,2026-2027,5,prisha.verma.3356@smartcampus.edu,9899283895
Gauri Mishra,2004-05-03,CSE,CSE-3,2026-2027,3,gauri.mishra.3357@smartcampus.edu,9818098449
Vihaan Choudhury,2006-01-31,MECH,MECH-1,2026-2027,3,vihaan.choudhury.3358@smartcampus.edu,9846442967
Simran Nair,2003-11-07,CSM,CSM-2,2026-2027,3,simran.nair.3359@smartcampus.edu,9812078014
Pranav Reddy,2005-08-30,CSE,CSE-2,2026-2027,7,pranav.reddy.3360@smartcampus.edu,9823887763
Kabir Saxena,2004-08-08,CSM,CSM-2,2026-2027,3,kabir.saxena.3361@smartcampus.edu,9855573128
Gauri Pandey,2003-08-05,MECH,MECH-2,2026-2027,7,gauri.pandey.3362@smartcampus.edu,9872707023
Vikram Joshi,2005-01-24,CSE,CSE-2,2026-2027,7,vikram.joshi.3363@smartcampus.edu,9878903049
Divya Bose,2005-01-14,CSM,CSM-2,2026-2027,7,divya.bose.3364@smartcampus.edu,9826979338
Kunal Chopra,2005-07-13,MECH,MECH-1,2026-2027,7,kunal.chopra.3365@smartcampus.edu,9865896487
Navya Verma,2003-01-18,ECE,ECE-1,2026-2027,5,navya.verma.3366@smartcampus.edu,9862156884
Myra Mehta,2004-12-11,ECE,ECE-1,2026-2027,7,myra.mehta.3367@smartcampus.edu,9818019875
Varun Pandey,2003-12-06,EEE,EEE-1,2026-2027,7,varun.pandey.3368@smartcampus.edu,9843208643
Divya Deshmukh,2005-05-13,CSE,CSE-1,2026-2027,7,divya.deshmukh.3369@smartcampus.edu,9841114423
Simran Saxena,2006-05-11,CAD,CAD-1,2026-2027,7,simran.saxena.3370@smartcampus.edu,9837628294
Pooja Joshi,2004-09-13,MECH,MECH-2,2026-2027,3,pooja.joshi.3371@smartcampus.edu,9845047231
Shreya Pandey,2003-11-12,CSE,CSE-3,2026-2027,3,shreya.pandey.3372@smartcampus.edu,9872557593
Aarav Gupta,2003-02-12,CSM,CSM-1,2026-2027,5,aarav.gupta.3373@smartcampus.edu,9826107874
Tanvi Bhat,2003-08-19,CSM,CSM-1,2026-2027,3,tanvi.bhat.3374@smartcampus.edu,9815263206
Pari Verma,2004-09-10,ECE,ECE-2,2026-2027,5,pari.verma.3375@smartcampus.edu,9847355373
Sunita Das,2003-11-10,EEE,EEE-1,2026-2027,5,sunita.das.3376@smartcampus.edu,9898996876
Saanvi Singh,2006-01-17,MECH,MECH-2,2026-2027,3,saanvi.singh.3377@smartcampus.edu,9826487355
Priya Iyer,2005-10-01,MECH,MECH-2,2026-2027,5,priya.iyer.3378@smartcampus.edu,9813428701
Pranav Rao,2003-06-27,ECE,ECE-1,2026-2027,5,pranav.rao.3379@smartcampus.edu,9848205039
Vivaan Ghosh,2006-08-26,ECE,ECE-2,2026-2027,5,vivaan.ghosh.3380@smartcampus.edu,9836707062
Pranav Verma,2003-09-22,ECE,ECE-2,2026-2027,7,pranav.verma.3381@smartcampus.edu,9841719337
Reyansh Deshmukh,2004-01-26,CSE,CSE-3,2026-2027,5,reyansh.deshmukh.3382@smartcampus.edu,9829981554
Dhruv Mehta,2005-12-31,CSM,CSM-1,2026-2027,3,dhruv.mehta.3383@smartcampus.edu,9861134874
Harish Patil,2004-08-11,ECE,ECE-1,2026-2027,5,harish.patil.3384@smartcampus.edu,9887990782
Shreya Nair,2003-04-10,CSE,CSE-1,2026-2027,3,shreya.nair.3385@smartcampus.edu,9830852643
Gautam Bhat,2003-05-17,CSM,CSM-2,2026-2027,5,gautam.bhat.3386@smartcampus.edu,9886884658
Saanvi Mehta,2004-05-05,CSE,CSE-1,2026-2027,5,saanvi.mehta.3387@smartcampus.edu,9876600267
Kavya Chopra,2003-09-19,CSE,CSE-2,2026-2027,7,kavya.chopra.3388@smartcampus.edu,9873396894
Aditya Singh,2004-08-11,CSM,CSM-2,2026-2027,3,aditya.singh.3389@smartcampus.edu,9824702671
Sara Pandey,2006-04-09,CSM,CSM-1,2026-2027,3,sara.pandey.3390@smartcampus.edu,9850980153
Pranav Bose,2003-12-05,EEE,EEE-2,2026-2027,7,pranav.bose.3391@smartcampus.edu,9829644931
Gautam Singh,2005-06-23,ECE,ECE-2,2026-2027,7,gautam.singh.3392@smartcampus.edu,9838921001
Khushi Choudhury,2003-08-03,CSE,CSE-1,2026-2027,3,khushi.choudhury.3393@smartcampus.edu,9832535643
Pranav Mishra,2004-01-14,CAD,CAD-2,2026-2027,5,pranav.mishra.3394@smartcampus.edu,9886288420
Tanvi Verma,2003-01-07,MECH,MECH-1,2026-2027,3,tanvi.verma.3395@smartcampus.edu,9815977952
Tanvi Rao,2006-10-27,ECE,ECE-1,2026-2027,5,tanvi.rao.3396@smartcampus.edu,9837615213
Zoya Singh,2006-12-01,CSE,CSE-2,2026-2027,5,zoya.singh.3397@smartcampus.edu,9887584751
Simran Ghosh,2003-04-15,CSE,CSE-1,2026-2027,3,simran.ghosh.3398@smartcampus.edu,9851341351
Nikhil Chatterjee,2003-11-28,CSE,CSE-1,2026-2027,5,nikhil.chatterjee.3399@smartcampus.edu,9874148849
Ananya Rao,2003-04-13,CSE,CSE-2,2026-2027,5,ananya.rao.3400@smartcampus.edu,9882461844
Pooja Bose,2003-01-05,ECE,ECE-1,2026-2027,5,pooja.bose.3401@smartcampus.edu,9861281421
Manish Bhat,2005-12-11,CAD,CAD-1,2026-2027,5,manish.bhat.3402@smartcampus.edu,9871206322
Myra Patil,2006-01-18,CSE,CSE-1,2026-2027,5,myra.patil.3403@smartcampus.edu,9836694036
Advaith Banerjee,2003-06-03,EEE,EEE-1,2026-2027,5,advaith.banerjee.3404@smartcampus.edu,9814165507
Aarav Rao,2003-09-01,CSE,CSE-1,2026-2027,3,aarav.rao.3405@smartcampus.edu,9831076455
Meera Kumar,2006-02-06,CSE,CSE-1,2026-2027,5,meera.kumar.3406@smartcampus.edu,9845241400
Vihaan Mishra,2003-09-20,CSE,CSE-1,2026-2027,7,vihaan.mishra.3407@smartcampus.edu,9830502570
Meera Banerjee,2005-08-13,CSM,CSM-1,2026-2027,5,meera.banerjee.3408@smartcampus.edu,9855151419
Nikhil Patel,2003-09-24,EEE,EEE-1,2026-2027,3,nikhil.patel.3409@smartcampus.edu,9873166200
Sai Reddy,2003-03-14,EEE,EEE-1,2026-2027,5,sai.reddy.3410@smartcampus.edu,9864079419
Rahul Verma,2004-02-29,CSM,CSM-2,2026-2027,7,rahul.verma.3411@smartcampus.edu,9841752019
Prisha Bhat,2004-05-16,CAD,CAD-2,2026-2027,3,prisha.bhat.3412@smartcampus.edu,9859144760
Sara Reddy,2006-10-28,EEE,EEE-1,2026-2027,7,sara.reddy.3413@smartcampus.edu,9854694908
Gautam Bhat,2006-01-19,CSM,CSM-1,2026-2027,3,gautam.bhat.3414@smartcampus.edu,9860725183
Pooja Banerjee,2006-06-24,EEE,EEE-1,2026-2027,3,pooja.banerjee.3415@smartcampus.edu,9853640926
Myra Banerjee,2003-07-18,CSE,CSE-2,2026-2027,5,myra.banerjee.3416@smartcampus.edu,9864568778
Rahul Bose,2004-07-13,ECE,ECE-1,2026-2027,3,rahul.bose.3417@smartcampus.edu,9834844528
Rahul Gupta,2004-11-29,MECH,MECH-2,2026-2027,3,rahul.gupta.3418@smartcampus.edu,9854571575
Manish Chopra,2006-11-09,ECE,ECE-1,2026-2027,7,manish.chopra.3419@smartcampus.edu,9843636140
Nikhil Bose,2003-09-14,CSE,CSE-3,2026-2027,3,nikhil.bose.3420@smartcampus.edu,9848557666
Preeti Kulkarni,2004-01-18,CSM,CSM-1,2026-2027,5,preeti.kulkarni.3421@smartcampus.edu,9855574402
Aaryan Das,2005-05-27,CSM,CSM-2,2026-2027,5,aaryan.das.3422@smartcampus.edu,9859143333
Myra Malhotra,2006-10-09,MECH,MECH-2,2026-2027,5,myra.malhotra.3423@smartcampus.edu,9865667182
Riya Mishra,2005-12-09,CSM,CSM-2,2026-2027,7,riya.mishra.3424@smartcampus.edu,9829692349
Aarav Shah,2006-09-30,CAD,CAD-1,2026-2027,3,aarav.shah.3425@smartcampus.edu,9870327984
Pooja Kulkarni,2003-10-01,MECH,MECH-1,2026-2027,7,pooja.kulkarni.3426@smartcampus.edu,9860403049
Navya Mishra,2003-08-06,CSE,CSE-3,2026-2027,5,navya.mishra.3427@smartcampus.edu,9888297143
Siddharth Choudhury,2003-10-12,ECE,ECE-2,2026-2027,7,siddharth.choudhury.3428@smartcampus.edu,9895639452
Khushi Verma,2003-02-04,CSE,CSE-2,2026-2027,3,khushi.verma.3429@smartcampus.edu,9899242566
Ritu Chopra,2003-12-27,CSM,CSM-2,2026-2027,5,ritu.chopra.3430@smartcampus.edu,9856336671
Zoya Nair,2004-09-30,EEE,EEE-2,2026-2027,7,zoya.nair.3431@smartcampus.edu,9857414668
Rohan Ghosh,2004-04-16,CSE,CSE-2,2026-2027,3,rohan.ghosh.3432@smartcampus.edu,9895395635
Gautam Deshmukh,2005-01-25,CSM,CSM-1,2026-2027,3,gautam.deshmukh.3433@smartcampus.edu,9858388488
Aditya Joshi,2006-07-05,MECH,MECH-1,2026-2027,5,aditya.joshi.3434@smartcampus.edu,9869205629
Pari Patil,2005-01-07,EEE,EEE-1,2026-2027,3,pari.patil.3435@smartcampus.edu,9898682772
Ishita Malhotra,2003-12-11,MECH,MECH-2,2026-2027,5,ishita.malhotra.3436@smartcampus.edu,9857312087
Kabir Singh,2003-09-21,CSE,CSE-2,2026-2027,3,kabir.singh.3437@smartcampus.edu,9896565186
Siddharth Gupta,2006-09-07,CSM,CSM-1,2026-2027,3,siddharth.gupta.3438@smartcampus.edu,9880648166
Varun Kumar,2003-01-17,MECH,MECH-1,2026-2027,5,varun.kumar.3439@smartcampus.edu,9875682375
Sai Iyer,2005-12-07,MECH,MECH-2,2026-2027,5,sai.iyer.3440@smartcampus.edu,9863255575
Pooja Banerjee,2004-05-05,CAD,CAD-1,2026-2027,7,pooja.banerjee.3441@smartcampus.edu,9899884899
Harish Patel,2005-08-19,CSE,CSE-3,2026-2027,7,harish.patel.3442@smartcampus.edu,9846479909
Pranav Patel,2003-05-13,CSE,CSE-3,2026-2027,7,pranav.patel.3443@smartcampus.edu,9853385271
Anjali Gupta,2004-10-30,CAD,CAD-1,2026-2027,7,anjali.gupta.3444@smartcampus.edu,9832001327
Priya Bose,2005-05-18,CSE,CSE-1,2026-2027,3,priya.bose.3445@smartcampus.edu,9818017433
Harish Ghosh,2005-01-04,ECE,ECE-1,2026-2027,3,harish.ghosh.3446@smartcampus.edu,9830344567
Pranav Gupta,2003-12-21,ECE,ECE-1,2026-2027,3,pranav.gupta.3447@smartcampus.edu,9883958799
Veda Singh,2004-04-20,CSE,CSE-1,2026-2027,3,veda.singh.3448@smartcampus.edu,9841463383
Arjun Chatterjee,2006-07-19,CSE,CSE-3,2026-2027,7,arjun.chatterjee.3449@smartcampus.edu,9824462323
Preeti Shah,2004-11-10,ECE,ECE-2,2026-2027,3,preeti.shah.3450@smartcampus.edu,9854566217
Rithvik Choudhury,2004-12-26,MECH,MECH-1,2026-2027,7,rithvik.choudhury.3451@smartcampus.edu,9829461913
Ishita Bose,2003-12-29,CSE,CSE-3,2026-2027,5,ishita.bose.3452@smartcampus.edu,9832808615
Ritu Pandey,2003-12-09,CSM,CSM-2,2026-2027,3,ritu.pandey.3453@smartcampus.edu,9874820058
Varun Agarwal,2006-02-10,CAD,CAD-2,2026-2027,7,varun.agarwal.3454@smartcampus.edu,9813087714
Diya Kumar,2003-08-09,CSE,CSE-3,2026-2027,3,diya.kumar.3455@smartcampus.edu,9893540179
Krishna Agarwal,2006-11-22,EEE,EEE-1,2026-2027,3,krishna.agarwal.3456@smartcampus.edu,9820928517
Advik Chatterjee,2005-12-31,CSE,CSE-2,2026-2027,7,advik.chatterjee.3457@smartcampus.edu,9815397721
Ishaan Shah,2006-06-30,ECE,ECE-2,2026-2027,3,ishaan.shah.3458@smartcampus.edu,9882187983
Advik Rao,2004-06-19,CSE,CSE-1,2026-2027,5,advik.rao.3459@smartcampus.edu,9896010686
Saanvi Bose,2004-08-04,EEE,EEE-1,2026-2027,3,saanvi.bose.3460@smartcampus.edu,9862219089
Aditya Banerjee,2006-07-19,MECH,MECH-1,2026-2027,3,aditya.banerjee.3461@smartcampus.edu,9883137045
Krishna Nair,2003-09-06,CSE,CSE-3,2026-2027,7,krishna.nair.3462@smartcampus.edu,9863151276
Preeti Bhat,2003-02-24,EEE,EEE-1,2026-2027,5,preeti.bhat.3463@smartcampus.edu,9878267193
Priya Kumar,2005-04-09,CAD,CAD-2,2026-2027,3,priya.kumar.3464@smartcampus.edu,9851845049
Ishita Mehta,2006-03-30,CSM,CSM-2,2026-2027,3,ishita.mehta.3465@smartcampus.edu,9818095191
Aarav Das,2006-09-13,EEE,EEE-2,2026-2027,5,aarav.das.3466@smartcampus.edu,9828579541
Pooja Singh,2006-06-04,CSM,CSM-1,2026-2027,7,pooja.singh.3467@smartcampus.edu,9863278613
Navya Gupta,2003-03-12,EEE,EEE-1,2026-2027,5,navya.gupta.3468@smartcampus.edu,9831885792
Rithvik Rao,2003-05-28,CSE,CSE-3,2026-2027,7,rithvik.rao.3469@smartcampus.edu,9851917433
Swati Gupta,2006-11-12,CSM,CSM-2,2026-2027,3,swati.gupta.3470@smartcampus.edu,9810651675
Saanvi Bhat,2003-05-27,CAD,CAD-2,2026-2027,3,saanvi.bhat.3471@smartcampus.edu,9813084269
Myra Nair,2003-05-14,CSM,CSM-2,2026-2027,7,myra.nair.3472@smartcampus.edu,9822483215
Simran Bose,2005-01-25,CSE,CSE-2,2026-2027,3,simran.bose.3473@smartcampus.edu,9875243394
Siya Das,2004-12-26,ECE,ECE-2,2026-2027,3,siya.das.3474@smartcampus.edu,9855910368
Kabir Nair,2004-06-13,CSM,CSM-2,2026-2027,5,kabir.nair.3475@smartcampus.edu,9841089688
Anjali Sharma,2004-09-28,CSM,CSM-2,2026-2027,3,anjali.sharma.3476@smartcampus.edu,9813128763
Advik Shah,2003-02-04,CSM,CSM-1,2026-2027,7,advik.shah.3477@smartcampus.edu,9834411497
Riya Malhotra,2006-01-20,CAD,CAD-1,2026-2027,5,riya.malhotra.3478@smartcampus.edu,9884249039
Divya Bhat,2005-07-09,CSE,CSE-2,2026-2027,5,divya.bhat.3479@smartcampus.edu,9845172255
Sara Patel,2006-11-10,MECH,MECH-2,2026-2027,7,sara.patel.3480@smartcampus.edu,9825163821
Krishna Pandey,2005-12-14,EEE,EEE-1,2026-2027,5,krishna.pandey.3481@smartcampus.edu,9838278332
Pranav Banerjee,2006-06-12,MECH,MECH-1,2026-2027,7,pranav.banerjee.3482@smartcampus.edu,9821649974
Prisha Nair,2003-07-24,CSE,CSE-2,2026-2027,3,prisha.nair.3483@smartcampus.edu,9878859957
Gauri Bose,2003-04-08,CSM,CSM-2,2026-2027,5,gauri.bose.3484@smartcampus.edu,9851535469
Arjun Gupta,2005-05-29,CSE,CSE-1,2026-2027,7,arjun.gupta.3485@smartcampus.edu,9846590437
Diya Patil,2004-04-16,CSM,CSM-1,2026-2027,7,diya.patil.3486@smartcampus.edu,9817606012
Krishna Kapoor,2004-05-01,EEE,EEE-2,2026-2027,5,krishna.kapoor.3487@smartcampus.edu,9821263435
Navya Malhotra,2004-09-13,CSM,CSM-1,2026-2027,3,navya.malhotra.3488@smartcampus.edu,9865556247
Deepak Das,2005-05-23,CSE,CSE-2,2026-2027,5,deepak.das.3489@smartcampus.edu,9857415821
Siddharth Joshi,2005-02-14,CSE,CSE-3,2026-2027,7,siddharth.joshi.3490@smartcampus.edu,9894326379
Kavya Kumar,2005-10-06,CAD,CAD-1,2026-2027,3,kavya.kumar.3491@smartcampus.edu,9831441132
Varun Das,2004-10-06,CSM,CSM-1,2026-2027,7,varun.das.3492@smartcampus.edu,9883854963
Harish Malhotra,2004-11-17,ECE,ECE-2,2026-2027,5,harish.malhotra.3493@smartcampus.edu,9836719920
Harish Mishra,2003-10-17,ECE,ECE-1,2026-2027,5,harish.mishra.3494@smartcampus.edu,9836519765
Gautam Choudhury,2004-02-08,EEE,EEE-1,2026-2027,5,gautam.choudhury.3495@smartcampus.edu,9814768956
Sneha Mehta,2004-11-05,MECH,MECH-1,2026-2027,7,sneha.mehta.3496@smartcampus.edu,9855236559
Saanvi Patel,2004-11-17,CAD,CAD-2,2026-2027,5,saanvi.patel.3497@smartcampus.edu,9890875125
Ishita Patil,2004-01-02,ECE,ECE-2,2026-2027,5,ishita.patil.3498@smartcampus.edu,9838298500
Kabir Deshmukh,2003-03-21,CAD,CAD-2,2026-2027,5,kabir.deshmukh.3499@smartcampus.edu,9862082192
Rithvik Mishra,2003-02-01,CSM,CSM-1,2026-2027,7,rithvik.mishra.3500@smartcampus.edu,9858518254
Ayaan Mehta,2005-10-02,EEE,EEE-1,2026-2027,5,ayaan.mehta.3501@smartcampus.edu,9849776200
Zoya Rao,2004-02-20,ECE,ECE-1,2026-2027,3,zoya.rao.3502@smartcampus.edu,9811817666
Riya Agarwal,2003-10-14,ECE,ECE-1,2026-2027,3,riya.agarwal.3503@smartcampus.edu,9882797530
Shaurya Banerjee,2004-11-25,CSM,CSM-1,2026-2027,7,shaurya.banerjee.3504@smartcampus.edu,9887861693
Advik Iyer,2004-04-17,CSE,CSE-1,2026-2027,7,advik.iyer.3505@smartcampus.edu,9897212329
Sai Chopra,2006-05-26,ECE,ECE-2,2026-2027,3,sai.chopra.3506@smartcampus.edu,9890685183
Ishaan Saxena,2005-11-20,EEE,EEE-2,2026-2027,3,ishaan.saxena.3507@smartcampus.edu,9842233023
Preeti Choudhury,2005-11-25,CSM,CSM-2,2026-2027,5,preeti.choudhury.3508@smartcampus.edu,9861888476
Sai Malhotra,2003-07-04,MECH,MECH-2,2026-2027,7,sai.malhotra.3509@smartcampus.edu,9835345700
Ishita Choudhury,2004-05-31,CAD,CAD-2,2026-2027,5,ishita.choudhury.3510@smartcampus.edu,9842444129
Anjali Bhat,2005-02-20,ECE,ECE-1,2026-2027,3,anjali.bhat.3511@smartcampus.edu,9812537819
Anjali Malhotra,2006-04-22,CAD,CAD-1,2026-2027,3,anjali.malhotra.3512@smartcampus.edu,9840341748
Myra Saxena,2005-03-16,EEE,EEE-2,2026-2027,5,myra.saxena.3513@smartcampus.edu,9865234495
Harish Reddy,2004-12-31,ECE,ECE-2,2026-2027,3,harish.reddy.3514@smartcampus.edu,9899420787
Kabir Verma,2006-08-20,CSM,CSM-1,2026-2027,3,kabir.verma.3515@smartcampus.edu,9846173125
Pranav Malhotra,2006-09-11,MECH,MECH-2,2026-2027,5,pranav.malhotra.3516@smartcampus.edu,9836278285
Riya Chatterjee,2005-05-27,CSM,CSM-2,2026-2027,5,riya.chatterjee.3517@smartcampus.edu,9838193654
Shaurya Chopra,2003-03-31,ECE,ECE-1,2026-2027,3,shaurya.chopra.3518@smartcampus.edu,9822857178
Myra Sharma,2006-06-20,ECE,ECE-2,2026-2027,3,myra.sharma.3519@smartcampus.edu,9878789343
Ayaan Joshi,2005-05-26,CSE,CSE-3,2026-2027,5,ayaan.joshi.3520@smartcampus.edu,9842106505
Prisha Kumar,2006-10-22,ECE,ECE-1,2026-2027,3,prisha.kumar.3521@smartcampus.edu,9838645515
Diya Saxena,2004-09-04,CSE,CSE-2,2026-2027,3,diya.saxena.3522@smartcampus.edu,9876519949
Myra Chatterjee,2006-09-25,CSE,CSE-3,2026-2027,7,myra.chatterjee.3523@smartcampus.edu,9835453533
Gauri Nair,2004-06-25,CAD,CAD-1,2026-2027,5,gauri.nair.3524@smartcampus.edu,9864251793
Tanvi Deshmukh,2004-04-12,CSE,CSE-3,2026-2027,5,tanvi.deshmukh.3525@smartcampus.edu,9868517260
Advik Gupta,2004-12-21,CSE,CSE-2,2026-2027,3,advik.gupta.3526@smartcampus.edu,9890228385
Riya Shah,2003-07-23,ECE,ECE-1,2026-2027,7,riya.shah.3527@smartcampus.edu,9838365940
Neha Shah,2006-03-11,CSE,CSE-3,2026-2027,7,neha.shah.3528@smartcampus.edu,9852249423
Advik Reddy,2005-08-15,CSE,CSE-3,2026-2027,3,advik.reddy.3529@smartcampus.edu,9821057714
Ritu Malhotra,2003-11-30,CAD,CAD-2,2026-2027,5,ritu.malhotra.3530@smartcampus.edu,9887370734
Gautam Mehta,2005-05-12,MECH,MECH-1,2026-2027,5,gautam.mehta.3531@smartcampus.edu,9887147239
Aarav Choudhury,2004-07-27,CSE,CSE-1,2026-2027,7,aarav.choudhury.3532@smartcampus.edu,9840834679
Navya Patil,2006-06-30,CSE,CSE-3,2026-2027,3,navya.patil.3533@smartcampus.edu,9835714167
Tanvi Ghosh,2005-04-03,CAD,CAD-1,2026-2027,5,tanvi.ghosh.3534@smartcampus.edu,9827423325
Pranav Shah,2004-04-23,EEE,EEE-1,2026-2027,3,pranav.shah.3535@smartcampus.edu,9884374150
Ayaan Ghosh,2005-08-06,CSE,CSE-1,2026-2027,7,ayaan.ghosh.3536@smartcampus.edu,9869414948
Kavya Mehta,2005-01-24,CSM,CSM-2,2026-2027,5,kavya.mehta.3537@smartcampus.edu,9868826506
Rithvik Patil,2006-06-13,CSE,CSE-3,2026-2027,5,rithvik.patil.3538@smartcampus.edu,9899439860
Krishna Rao,2006-05-18,ECE,ECE-1,2026-2027,5,krishna.rao.3539@smartcampus.edu,9845641432
Rithvik Reddy,2006-11-16,CAD,CAD-2,2026-2027,3,rithvik.reddy.3540@smartcampus.edu,9875203470
Ananya Iyer,2005-02-06,CSE,CSE-2,2026-2027,3,ananya.iyer.3541@smartcampus.edu,9885344156
Dhruv Kulkarni,2005-05-21,ECE,ECE-1,2026-2027,5,dhruv.kulkarni.3542@smartcampus.edu,9865321222
Pari Chatterjee,2006-04-17,CAD,CAD-2,2026-2027,5,pari.chatterjee.3543@smartcampus.edu,9824270237
Tanvi Verma,2003-11-08,CSE,CSE-2,2026-2027,5,tanvi.verma.3544@smartcampus.edu,9894305060
Veda Shah,2006-04-15,CAD,CAD-1,2026-2027,3,veda.shah.3545@smartcampus.edu,9893909053
Priya Kulkarni,2003-08-03,CSM,CSM-1,2026-2027,5,priya.kulkarni.3546@smartcampus.edu,9857418543
Myra Bhat,2005-07-22,ECE,ECE-2,2026-2027,5,myra.bhat.3547@smartcampus.edu,9882083256
Navya Mishra,2004-10-09,MECH,MECH-1,2026-2027,3,navya.mishra.3548@smartcampus.edu,9881169525
Reyansh Malhotra,2004-01-02,CSM,CSM-2,2026-2027,5,reyansh.malhotra.3549@smartcampus.edu,9827382998
Advik Shah,2006-11-24,EEE,EEE-1,2026-2027,3,advik.shah.3550@smartcampus.edu,9899338470
Shreya Reddy,2003-10-22,MECH,MECH-1,2026-2027,3,shreya.reddy.3551@smartcampus.edu,9856061544
Rahul Singh,2005-05-31,CSE,CSE-1,2026-2027,3,rahul.singh.3552@smartcampus.edu,9894529949
Kavya Chopra,2004-03-15,CSE,CSE-3,2026-2027,7,kavya.chopra.3553@smartcampus.edu,9829779254
Khushi Malhotra,2006-12-15,CSE,CSE-2,2026-2027,7,khushi.malhotra.3554@smartcampus.edu,9866422553
Ritu Ghosh,2004-04-26,CSE,CSE-1,2026-2027,7,ritu.ghosh.3555@smartcampus.edu,9848023152
Priya Nair,2004-11-17,MECH,MECH-2,2026-2027,7,priya.nair.3556@smartcampus.edu,9818078983
Kunal Nair,2003-10-13,ECE,ECE-1,2026-2027,7,kunal.nair.3557@smartcampus.edu,9867183368
Rithvik Reddy,2005-03-14,CSM,CSM-1,2026-2027,7,rithvik.reddy.3558@smartcampus.edu,9857099415
Khushi Bose,2005-04-28,ECE,ECE-2,2026-2027,3,khushi.bose.3559@smartcampus.edu,9818650325
Krishna Agarwal,2003-01-10,ECE,ECE-2,2026-2027,7,krishna.agarwal.3560@smartcampus.edu,9845863154
Navya Bose,2005-11-25,ECE,ECE-2,2026-2027,5,navya.bose.3561@smartcampus.edu,9828349756
Vihaan Ghosh,2003-08-12,CSE,CSE-3,2026-2027,7,vihaan.ghosh.3562@smartcampus.edu,9872750708
Myra Deshmukh,2006-04-27,CSE,CSE-2,2026-2027,5,myra.deshmukh.3563@smartcampus.edu,9826315014
Diya Kumar,2004-11-22,EEE,EEE-2,2026-2027,3,diya.kumar.3564@smartcampus.edu,9863414186
Veda Kumar,2003-05-28,EEE,EEE-1,2026-2027,3,veda.kumar.3565@smartcampus.edu,9813491430
Priya Ghosh,2005-02-15,EEE,EEE-2,2026-2027,3,priya.ghosh.3566@smartcampus.edu,9895368443
Simran Ghosh,2006-12-23,EEE,EEE-2,2026-2027,7,simran.ghosh.3567@smartcampus.edu,9840432410
Sneha Choudhury,2004-09-27,CSE,CSE-2,2026-2027,5,sneha.choudhury.3568@smartcampus.edu,9814082399
Diya Banerjee,2005-07-07,ECE,ECE-1,2026-2027,7,diya.banerjee.3569@smartcampus.edu,9865757479
Aditya Banerjee,2004-08-17,ECE,ECE-1,2026-2027,3,aditya.banerjee.3570@smartcampus.edu,9856875031
Pranav Banerjee,2003-10-19,CSM,CSM-2,2026-2027,7,pranav.banerjee.3571@smartcampus.edu,9859061474
Arjun Rao,2006-09-14,CSE,CSE-3,2026-2027,3,arjun.rao.3572@smartcampus.edu,9856866864
Vihaan Nair,2003-02-09,ECE,ECE-2,2026-2027,3,vihaan.nair.3573@smartcampus.edu,9899018692
Neha Chopra,2006-01-12,CSE,CSE-3,2026-2027,7,neha.chopra.3574@smartcampus.edu,9890440715
Priya Das,2005-07-19,CSM,CSM-2,2026-2027,5,priya.das.3575@smartcampus.edu,9831109954
Reyansh Sharma,2004-10-13,MECH,MECH-1,2026-2027,5,reyansh.sharma.3576@smartcampus.edu,9898170686
Atharva Patel,2003-08-31,CSM,CSM-1,2026-2027,3,atharva.patel.3577@smartcampus.edu,9843937696
Krishna Ghosh,2005-12-18,CSE,CSE-3,2026-2027,7,krishna.ghosh.3578@smartcampus.edu,9872112940
Deepak Bose,2005-06-28,ECE,ECE-2,2026-2027,3,deepak.bose.3579@smartcampus.edu,9865890475
Vihaan Kumar,2006-08-15,CSE,CSE-3,2026-2027,5,vihaan.kumar.3580@smartcampus.edu,9810053286
Atharva Chopra,2003-12-01,EEE,EEE-1,2026-2027,5,atharva.chopra.3581@smartcampus.edu,9822317857
Navya Banerjee,2006-03-23,ECE,ECE-2,2026-2027,7,navya.banerjee.3582@smartcampus.edu,9886692433
Sneha Malhotra,2003-12-14,ECE,ECE-1,2026-2027,3,sneha.malhotra.3583@smartcampus.edu,9866077689
Ishaan Nair,2004-03-02,CSM,CSM-1,2026-2027,5,ishaan.nair.3584@smartcampus.edu,9826707943
Riya Kulkarni,2004-03-04,CSM,CSM-1,2026-2027,3,riya.kulkarni.3585@smartcampus.edu,9865536020
Vikram Deshmukh,2005-03-27,CSE,CSE-1,2026-2027,3,vikram.deshmukh.3586@smartcampus.edu,9819969029
Neha Choudhury,2006-10-28,CSE,CSE-1,2026-2027,7,neha.choudhury.3587@smartcampus.edu,9893847705
Ayaan Agarwal,2005-06-14,CSE,CSE-2,2026-2027,3,ayaan.agarwal.3588@smartcampus.edu,9889316512
Myra Pandey,2003-04-24,EEE,EEE-1,2026-2027,7,myra.pandey.3589@smartcampus.edu,9867445562
Meera Singh,2003-04-04,ECE,ECE-1,2026-2027,7,meera.singh.3590@smartcampus.edu,9816861489
Gauri Kapoor,2006-12-03,ECE,ECE-1,2026-2027,5,gauri.kapoor.3591@smartcampus.edu,9898895237
Tanvi Patel,2004-03-22,ECE,ECE-2,2026-2027,3,tanvi.patel.3592@smartcampus.edu,9831270574
Gauri Nair,2006-12-05,CSE,CSE-3,2026-2027,7,gauri.nair.3593@smartcampus.edu,9867209619
Aaryan Singh,2006-12-13,CSE,CSE-1,2026-2027,5,aaryan.singh.3594@smartcampus.edu,9858393881
Aaryan Shah,2004-05-12,CSE,CSE-3,2026-2027,7,aaryan.shah.3595@smartcampus.edu,9880629279
Varun Patil,2003-03-11,CSM,CSM-1,2026-2027,7,varun.patil.3596@smartcampus.edu,9848692733
Sara Nair,2006-06-18,CSM,CSM-1,2026-2027,5,sara.nair.3597@smartcampus.edu,9839521608
Deepak Joshi,2005-05-31,CSE,CSE-1,2026-2027,5,deepak.joshi.3598@smartcampus.edu,9848962225
Saanvi Malhotra,2006-09-28,CSM,CSM-1,2026-2027,7,saanvi.malhotra.3599@smartcampus.edu,9882049829
Aditya Patil,2006-12-04,CSM,CSM-1,2026-2027,3,aditya.patil.3600@smartcampus.edu,9893145822
Vihaan Chopra,2006-01-06,EEE,EEE-1,2026-2027,3,vihaan.chopra.3601@smartcampus.edu,9872786916
Aarav Nair,2005-04-29,ECE,ECE-1,2026-2027,5,aarav.nair.3602@smartcampus.edu,9874978939
Prisha Chatterjee,2004-12-24,CAD,CAD-2,2026-2027,5,prisha.chatterjee.3603@smartcampus.edu,9833930619
Swati Agarwal,2006-10-07,CSM,CSM-1,2026-2027,3,swati.agarwal.3604@smartcampus.edu,9856963180
Siya Deshmukh,2003-04-23,CAD,CAD-1,2026-2027,7,siya.deshmukh.3605@smartcampus.edu,9848622386
Krishna Deshmukh,2004-02-20,CSE,CSE-1,2026-2027,7,krishna.deshmukh.3606@smartcampus.edu,9817601458
Rahul Shah,2006-05-29,EEE,EEE-2,2026-2027,5,rahul.shah.3607@smartcampus.edu,9852890817
Pooja Iyer,2005-12-22,CSE,CSE-1,2026-2027,5,pooja.iyer.3608@smartcampus.edu,9850077632
Vikram Mishra,2005-09-22,ECE,ECE-1,2026-2027,3,vikram.mishra.3609@smartcampus.edu,9865932679
Simran Kumar,2005-06-28,CSM,CSM-1,2026-2027,5,simran.kumar.3610@smartcampus.edu,9816226564
Swati Malhotra,2004-05-03,MECH,MECH-2,2026-2027,7,swati.malhotra.3611@smartcampus.edu,9833045496
Manish Ghosh,2003-04-09,CSE,CSE-3,2026-2027,5,manish.ghosh.3612@smartcampus.edu,9861539793
Ishaan Bhat,2003-03-16,CSE,CSE-1,2026-2027,5,ishaan.bhat.3613@smartcampus.edu,9850311341
Gautam Reddy,2006-09-02,CSM,CSM-1,2026-2027,3,gautam.reddy.3614@smartcampus.edu,9870249590
Riya Gupta,2004-03-04,CSM,CSM-1,2026-2027,3,riya.gupta.3615@smartcampus.edu,9846152949
Pooja Ghosh,2005-11-07,MECH,MECH-2,2026-2027,5,pooja.ghosh.3616@smartcampus.edu,9861479630
Khushi Das,2004-10-22,ECE,ECE-1,2026-2027,7,khushi.das.3617@smartcampus.edu,9833126396
Swati Chopra,2006-07-14,CSE,CSE-2,2026-2027,3,swati.chopra.3618@smartcampus.edu,9862445515
Tanvi Verma,2006-12-03,ECE,ECE-2,2026-2027,7,tanvi.verma.3619@smartcampus.edu,9862101006
Tanvi Ghosh,2004-06-11,CSE,CSE-3,2026-2027,5,tanvi.ghosh.3620@smartcampus.edu,9888275531
Varun Kumar,2006-04-09,ECE,ECE-1,2026-2027,5,varun.kumar.3621@smartcampus.edu,9860358961
Deepak Mishra,2005-08-27,ECE,ECE-2,2026-2027,5,deepak.mishra.3622@smartcampus.edu,9899023037
Dhruv Agarwal,2006-01-25,MECH,MECH-2,2026-2027,7,dhruv.agarwal.3623@smartcampus.edu,9851869274
Navya Bose,2004-02-15,CAD,CAD-1,2026-2027,7,navya.bose.3624@smartcampus.edu,9831019207
Arjun Choudhury,2006-12-24,EEE,EEE-2,2026-2027,7,arjun.choudhury.3625@smartcampus.edu,9851205852
Siddharth Mehta,2003-07-17,CAD,CAD-2,2026-2027,7,siddharth.mehta.3626@smartcampus.edu,9865205978
Aarav Kumar,2006-05-31,ECE,ECE-2,2026-2027,7,aarav.kumar.3627@smartcampus.edu,9839254231
Veda Kulkarni,2006-08-14,CSM,CSM-2,2026-2027,5,veda.kulkarni.3628@smartcampus.edu,9890056248
Riya Bose,2003-08-04,EEE,EEE-1,2026-2027,3,riya.bose.3629@smartcampus.edu,9893968797
Simran Bhat,2006-04-30,ECE,ECE-1,2026-2027,7,simran.bhat.3630@smartcampus.edu,9890392913
Aaryan Joshi,2005-01-24,CAD,CAD-1,2026-2027,5,aaryan.joshi.3631@smartcampus.edu,9827809235
Harish Malhotra,2003-03-26,CSE,CSE-1,2026-2027,5,harish.malhotra.3632@smartcampus.edu,9897133315
Aaryan Mishra,2004-12-09,MECH,MECH-2,2026-2027,5,aaryan.mishra.3633@smartcampus.edu,9874379699
Pranav Ghosh,2003-05-04,CSE,CSE-3,2026-2027,7,pranav.ghosh.3634@smartcampus.edu,9819380334
Ishaan Rao,2003-02-14,EEE,EEE-2,2026-2027,7,ishaan.rao.3635@smartcampus.edu,9875024360
Vihaan Joshi,2004-12-03,CSE,CSE-2,2026-2027,5,vihaan.joshi.3636@smartcampus.edu,9873521330
Varun Deshmukh,2005-08-12,EEE,EEE-2,2026-2027,3,varun.deshmukh.3637@smartcampus.edu,9841704308
Arjun Bhat,2006-03-06,CSE,CSE-3,2026-2027,3,arjun.bhat.3638@smartcampus.edu,9880511286
Kabir Sharma,2004-11-14,CSM,CSM-1,2026-2027,3,kabir.sharma.3639@smartcampus.edu,9865408869
Pari Rao,2005-05-17,CSM,CSM-2,2026-2027,3,pari.rao.3640@smartcampus.edu,9876546329
Advik Kumar,2004-04-02,MECH,MECH-1,2026-2027,7,advik.kumar.3641@smartcampus.edu,9886755152
Khushi Saxena,2006-07-07,CSM,CSM-1,2026-2027,5,khushi.saxena.3642@smartcampus.edu,9838912623
Tanvi Chatterjee,2006-02-06,ECE,ECE-1,2026-2027,7,tanvi.chatterjee.3643@smartcampus.edu,9831346569
Khushi Sharma,2003-04-10,EEE,EEE-1,2026-2027,5,khushi.sharma.3644@smartcampus.edu,9857078327
Diya Kapoor,2005-02-02,EEE,EEE-1,2026-2027,5,diya.kapoor.3645@smartcampus.edu,9876727467
Zoya Mehta,2005-09-20,CSE,CSE-2,2026-2027,3,zoya.mehta.3646@smartcampus.edu,9873915198
Preeti Iyer,2005-10-05,CSM,CSM-1,2026-2027,5,preeti.iyer.3647@smartcampus.edu,9812556471
Saanvi Iyer,2006-09-09,ECE,ECE-2,2026-2027,7,saanvi.iyer.3648@smartcampus.edu,9824405981
Shreya Banerjee,2006-11-23,EEE,EEE-1,2026-2027,5,shreya.banerjee.3649@smartcampus.edu,9866472227
Advik Choudhury,2005-01-20,CSE,CSE-2,2026-2027,3,advik.choudhury.3650@smartcampus.edu,9856214299
Aarav Verma,2004-10-21,ECE,ECE-1,2026-2027,3,aarav.verma.3651@smartcampus.edu,9882529899
Divya Pandey,2006-12-25,ECE,ECE-1,2026-2027,3,divya.pandey.3652@smartcampus.edu,9874922869
Kunal Patel,2003-11-18,EEE,EEE-1,2026-2027,5,kunal.patel.3653@smartcampus.edu,9871050528
Veda Patil,2006-06-28,MECH,MECH-1,2026-2027,7,veda.patil.3654@smartcampus.edu,9874866382
Deepak Deshmukh,2004-12-15,CSE,CSE-2,2026-2027,3,deepak.deshmukh.3655@smartcampus.edu,9842367055
Aarav Kumar,2004-06-02,CSE,CSE-2,2026-2027,3,aarav.kumar.3656@smartcampus.edu,9879795681
Sneha Ghosh,2005-05-01,MECH,MECH-2,2026-2027,7,sneha.ghosh.3657@smartcampus.edu,9851151983
Krishna Nair,2006-10-28,CAD,CAD-1,2026-2027,7,krishna.nair.3658@smartcampus.edu,9830332241
Divya Choudhury,2004-05-25,CSE,CSE-1,2026-2027,3,divya.choudhury.3659@smartcampus.edu,9831387971
Aarav Kumar,2004-07-01,CSM,CSM-2,2026-2027,5,aarav.kumar.3660@smartcampus.edu,9868105048
Gautam Sharma,2004-03-31,CSM,CSM-2,2026-2027,3,gautam.sharma.3661@smartcampus.edu,9856953646
Sneha Bhat,2003-03-13,MECH,MECH-2,2026-2027,3,sneha.bhat.3662@smartcampus.edu,9849702506
Aditya Patil,2006-03-06,CSE,CSE-2,2026-2027,7,aditya.patil.3663@smartcampus.edu,9880777452
Tanvi Rao,2003-05-10,CSE,CSE-2,2026-2027,3,tanvi.rao.3664@smartcampus.edu,9877369109
Vivaan Saxena,2003-01-15,EEE,EEE-1,2026-2027,3,vivaan.saxena.3665@smartcampus.edu,9845447759
Ritu Agarwal,2004-05-10,EEE,EEE-1,2026-2027,5,ritu.agarwal.3666@smartcampus.edu,9860450062
Varun Das,2006-02-18,CSM,CSM-1,2026-2027,3,varun.das.3667@smartcampus.edu,9824346190
Sai Kulkarni,2004-04-26,ECE,ECE-1,2026-2027,7,sai.kulkarni.3668@smartcampus.edu,9894512095
Varun Singh,2004-11-08,CSM,CSM-2,2026-2027,5,varun.singh.3669@smartcampus.edu,9879432615
Vivaan Sharma,2003-06-06,ECE,ECE-1,2026-2027,3,vivaan.sharma.3670@smartcampus.edu,9895550970
Ayaan Deshmukh,2006-03-08,CSM,CSM-1,2026-2027,5,ayaan.deshmukh.3671@smartcampus.edu,9859722361
Pari Bose,2004-10-26,MECH,MECH-1,2026-2027,3,pari.bose.3672@smartcampus.edu,9867523488
Vikram Banerjee,2004-12-30,CSM,CSM-1,2026-2027,5,vikram.banerjee.3673@smartcampus.edu,9898014786
Vikram Verma,2005-05-30,EEE,EEE-2,2026-2027,5,vikram.verma.3674@smartcampus.edu,9818147134
Aditya Pandey,2004-03-13,CSE,CSE-2,2026-2027,5,aditya.pandey.3675@smartcampus.edu,9893770788
Navya Joshi,2005-11-25,CSE,CSE-2,2026-2027,3,navya.joshi.3676@smartcampus.edu,9820480692
Vihaan Ghosh,2004-07-11,ECE,ECE-2,2026-2027,5,vihaan.ghosh.3677@smartcampus.edu,9813114421
Advaith Kumar,2006-11-07,MECH,MECH-2,2026-2027,3,advaith.kumar.3678@smartcampus.edu,9869750837
Rohan Chatterjee,2003-06-20,CSE,CSE-2,2026-2027,3,rohan.chatterjee.3679@smartcampus.edu,9840283244
Siya Nair,2004-09-16,MECH,MECH-2,2026-2027,3,siya.nair.3680@smartcampus.edu,9860732496
Pranav Patel,2005-02-14,ECE,ECE-1,2026-2027,7,pranav.patel.3681@smartcampus.edu,9813726251
Myra Patel,2004-04-03,CAD,CAD-2,2026-2027,7,myra.patel.3682@smartcampus.edu,9894190866
Zoya Iyer,2003-05-04,CSE,CSE-1,2026-2027,7,zoya.iyer.3683@smartcampus.edu,9832478871
Dhruv Das,2006-02-26,CSM,CSM-2,2026-2027,5,dhruv.das.3684@smartcampus.edu,9829868957
Anjali Kumar,2005-11-29,CAD,CAD-2,2026-2027,7,anjali.kumar.3685@smartcampus.edu,9884830889
Kavya Nair,2005-03-14,CSE,CSE-1,2026-2027,3,kavya.nair.3686@smartcampus.edu,9837002802
Ananya Banerjee,2006-06-18,ECE,ECE-2,2026-2027,5,ananya.banerjee.3687@smartcampus.edu,9869887790
Tanvi Ghosh,2006-09-27,CSM,CSM-1,2026-2027,3,tanvi.ghosh.3688@smartcampus.edu,9868862174
Krishna Gupta,2005-12-03,CSM,CSM-2,2026-2027,7,krishna.gupta.3689@smartcampus.edu,9850171930
Nikhil Saxena,2003-10-04,CSE,CSE-1,2026-2027,7,nikhil.saxena.3690@smartcampus.edu,9821478880
Ananya Patel,2003-02-26,MECH,MECH-1,2026-2027,7,ananya.patel.3691@smartcampus.edu,9890776812
Preeti Mishra,2004-01-28,MECH,MECH-2,2026-2027,7,preeti.mishra.3692@smartcampus.edu,9847959786
Gautam Nair,2005-05-06,CSE,CSE-3,2026-2027,3,gautam.nair.3693@smartcampus.edu,9894431736
Khushi Patel,2005-01-14,ECE,ECE-1,2026-2027,5,khushi.patel.3694@smartcampus.edu,9858313809
Navya Pandey,2006-06-03,CSE,CSE-2,2026-2027,7,navya.pandey.3695@smartcampus.edu,9823804029
Sunita Patil,2004-10-07,CSM,CSM-2,2026-2027,3,sunita.patil.3696@smartcampus.edu,9860606402
Arjun Chopra,2004-05-17,CAD,CAD-2,2026-2027,7,arjun.chopra.3697@smartcampus.edu,9891751698
Zoya Pandey,2006-05-15,CSM,CSM-1,2026-2027,5,zoya.pandey.3698@smartcampus.edu,9817796043
Dhruv Shah,2003-08-11,CSE,CSE-3,2026-2027,3,dhruv.shah.3699@smartcampus.edu,9881507341
Gautam Joshi,2005-10-11,CAD,CAD-2,2026-2027,5,gautam.joshi.3700@smartcampus.edu,9841119432
Ritu Mehta,2005-01-25,MECH,MECH-1,2026-2027,3,ritu.mehta.3701@smartcampus.edu,9816002384
Shreya Reddy,2006-08-26,CSE,CSE-2,2026-2027,7,shreya.reddy.3702@smartcampus.edu,9824314888
Diya Choudhury,2003-12-18,CSE,CSE-2,2026-2027,5,diya.choudhury.3703@smartcampus.edu,9844642189
Simran Chatterjee,2003-02-02,CSE,CSE-1,2026-2027,5,simran.chatterjee.3704@smartcampus.edu,9831224443
Veda Agarwal,2004-08-15,CSE,CSE-3,2026-2027,7,veda.agarwal.3705@smartcampus.edu,9895328484
Vivaan Rao,2006-01-07,CAD,CAD-2,2026-2027,7,vivaan.rao.3706@smartcampus.edu,9898197912
Vihaan Shah,2003-09-30,CAD,CAD-1,2026-2027,3,vihaan.shah.3707@smartcampus.edu,9854217171
Rahul Ghosh,2004-06-20,CSM,CSM-1,2026-2027,7,rahul.ghosh.3708@smartcampus.edu,9879657809
Tanvi Kumar,2004-06-16,MECH,MECH-2,2026-2027,5,tanvi.kumar.3709@smartcampus.edu,9879018839
Shaurya Saxena,2004-06-07,EEE,EEE-1,2026-2027,5,shaurya.saxena.3710@smartcampus.edu,9834436327
Ayaan Joshi,2003-10-19,ECE,ECE-2,2026-2027,7,ayaan.joshi.3711@smartcampus.edu,9819261492
Manish Kapoor,2006-03-13,CSE,CSE-3,2026-2027,3,manish.kapoor.3712@smartcampus.edu,9888903242
Priya Kulkarni,2004-03-27,CSE,CSE-3,2026-2027,3,priya.kulkarni.3713@smartcampus.edu,9817626708
Swati Bhat,2006-09-20,EEE,EEE-1,2026-2027,5,swati.bhat.3714@smartcampus.edu,9888496492
Vihaan Mishra,2005-10-12,MECH,MECH-2,2026-2027,5,vihaan.mishra.3715@smartcampus.edu,9888948564
Harish Reddy,2006-01-03,CSE,CSE-2,2026-2027,7,harish.reddy.3716@smartcampus.edu,9815499003
Manish Ghosh,2004-06-22,ECE,ECE-2,2026-2027,5,manish.ghosh.3717@smartcampus.edu,9838127829
Ayaan Choudhury,2005-12-20,ECE,ECE-2,2026-2027,3,ayaan.choudhury.3718@smartcampus.edu,9837589095
Divya Gupta,2003-10-13,ECE,ECE-1,2026-2027,3,divya.gupta.3719@smartcampus.edu,9845350734
Advik Das,2006-11-27,EEE,EEE-1,2026-2027,3,advik.das.3720@smartcampus.edu,9842714383
Ayaan Ghosh,2004-09-12,CSM,CSM-2,2026-2027,3,ayaan.ghosh.3721@smartcampus.edu,9835110289
Rohan Iyer,2004-12-11,CSM,CSM-2,2026-2027,5,rohan.iyer.3722@smartcampus.edu,9882296498
Kavya Deshmukh,2005-10-23,CSE,CSE-1,2026-2027,7,kavya.deshmukh.3723@smartcampus.edu,9877943394
Harish Nair,2003-02-04,CSM,CSM-2,2026-2027,5,harish.nair.3724@smartcampus.edu,9885604288
Priya Bose,2006-08-22,CSM,CSM-1,2026-2027,5,priya.bose.3725@smartcampus.edu,9873140481
Harish Agarwal,2003-01-04,CSM,CSM-1,2026-2027,7,harish.agarwal.3726@smartcampus.edu,9898641551
Anjali Kapoor,2004-02-29,EEE,EEE-1,2026-2027,3,anjali.kapoor.3727@smartcampus.edu,9892948253
Pooja Rao,2006-04-24,EEE,EEE-1,2026-2027,3,pooja.rao.3728@smartcampus.edu,9894966230
Gauri Nair,2005-03-04,CAD,CAD-2,2026-2027,7,gauri.nair.3729@smartcampus.edu,9820675649
Pooja Banerjee,2005-04-18,MECH,MECH-2,2026-2027,3,pooja.banerjee.3730@smartcampus.edu,9886511587
Advaith Shah,2004-09-19,CSM,CSM-2,2026-2027,5,advaith.shah.3731@smartcampus.edu,9897983424
Sunita Choudhury,2006-05-20,CSM,CSM-2,2026-2027,3,sunita.choudhury.3732@smartcampus.edu,9813934153
Gautam Ghosh,2003-06-21,CSE,CSE-1,2026-2027,3,gautam.ghosh.3733@smartcampus.edu,9819382470
Prisha Gupta,2005-08-20,EEE,EEE-2,2026-2027,3,prisha.gupta.3734@smartcampus.edu,9846818540
Vikram Gupta,2003-11-30,CSM,CSM-1,2026-2027,5,vikram.gupta.3735@smartcampus.edu,9874377799
Zoya Bose,2004-01-17,CSE,CSE-3,2026-2027,3,zoya.bose.3736@smartcampus.edu,9899035600
Diya Gupta,2005-06-23,ECE,ECE-1,2026-2027,3,diya.gupta.3737@smartcampus.edu,9843011253
Arjun Gupta,2005-08-17,MECH,MECH-2,2026-2027,3,arjun.gupta.3738@smartcampus.edu,9823135230
Kabir Patel,2005-06-15,CSE,CSE-1,2026-2027,3,kabir.patel.3739@smartcampus.edu,9897683443
Ishita Patil,2003-07-14,CSM,CSM-2,2026-2027,3,ishita.patil.3740@smartcampus.edu,9868418832
Advaith Chopra,2003-06-02,CSM,CSM-2,2026-2027,3,advaith.chopra.3741@smartcampus.edu,9812348993
Vihaan Rao,2005-04-10,ECE,ECE-1,2026-2027,3,vihaan.rao.3742@smartcampus.edu,9840095972
Vihaan Saxena,2006-06-13,MECH,MECH-2,2026-2027,7,vihaan.saxena.3743@smartcampus.edu,9860913971
Dhruv Joshi,2003-02-03,ECE,ECE-2,2026-2027,5,dhruv.joshi.3744@smartcampus.edu,9856718127
Shaurya Chatterjee,2005-10-17,CSE,CSE-1,2026-2027,7,shaurya.chatterjee.3745@smartcampus.edu,9834103760
Dhruv Malhotra,2003-04-10,ECE,ECE-2,2026-2027,3,dhruv.malhotra.3746@smartcampus.edu,9865616861
Advik Mehta,2004-03-08,CSE,CSE-3,2026-2027,3,advik.mehta.3747@smartcampus.edu,9847895820
Anjali Choudhury,2004-05-18,ECE,ECE-2,2026-2027,3,anjali.choudhury.3748@smartcampus.edu,9811239425
Kavya Malhotra,2006-03-08,CSE,CSE-3,2026-2027,3,kavya.malhotra.3749@smartcampus.edu,9854944798
Advik Das,2003-02-06,CAD,CAD-2,2026-2027,3,advik.das.3750@smartcampus.edu,9825682201
Sai Mehta,2003-01-21,CSM,CSM-1,2026-2027,3,sai.mehta.3751@smartcampus.edu,9894810019
Navya Choudhury,2006-01-10,CSM,CSM-2,2026-2027,5,navya.choudhury.3752@smartcampus.edu,9874779952
Varun Agarwal,2005-02-22,CSM,CSM-1,2026-2027,3,varun.agarwal.3753@smartcampus.edu,9836286932
Sai Deshmukh,2005-09-22,EEE,EEE-2,2026-2027,3,sai.deshmukh.3754@smartcampus.edu,9851665144
Sara Kumar,2004-06-20,CSM,CSM-2,2026-2027,7,sara.kumar.3755@smartcampus.edu,9887774940
Neha Nair,2003-03-30,CSE,CSE-3,2026-2027,3,neha.nair.3756@smartcampus.edu,9875686133
Deepak Bhat,2004-11-15,MECH,MECH-2,2026-2027,3,deepak.bhat.3757@smartcampus.edu,9821405139
Divya Iyer,2003-03-19,ECE,ECE-1,2026-2027,5,divya.iyer.3758@smartcampus.edu,9836083303
Sunita Choudhury,2004-08-28,CSE,CSE-1,2026-2027,7,sunita.choudhury.3759@smartcampus.edu,9846186913
Deepak Nair,2006-02-05,MECH,MECH-1,2026-2027,7,deepak.nair.3760@smartcampus.edu,9894881695
Shreya Mehta,2004-02-20,CSE,CSE-2,2026-2027,5,shreya.mehta.3761@smartcampus.edu,9887441122
Dhruv Chatterjee,2005-03-23,CSE,CSE-2,2026-2027,5,dhruv.chatterjee.3762@smartcampus.edu,9846570854
Sneha Kulkarni,2004-04-01,CSE,CSE-2,2026-2027,7,sneha.kulkarni.3763@smartcampus.edu,9838972874
Riya Mishra,2004-11-15,CSE,CSE-3,2026-2027,5,riya.mishra.3764@smartcampus.edu,9821711226
Shaurya Ghosh,2004-08-08,ECE,ECE-1,2026-2027,7,shaurya.ghosh.3765@smartcampus.edu,9899948263
Rohan Mehta,2005-12-18,CAD,CAD-2,2026-2027,7,rohan.mehta.3766@smartcampus.edu,9839396013
Preeti Mehta,2006-09-14,CSE,CSE-2,2026-2027,7,preeti.mehta.3767@smartcampus.edu,9826047173
Vihaan Mishra,2005-10-20,MECH,MECH-2,2026-2027,5,vihaan.mishra.3768@smartcampus.edu,9819721320
Reyansh Bhat,2005-09-30,CSE,CSE-3,2026-2027,5,reyansh.bhat.3769@smartcampus.edu,9858718643
Ritu Mishra,2006-05-28,MECH,MECH-2,2026-2027,5,ritu.mishra.3770@smartcampus.edu,9821500316
Ishaan Chopra,2004-04-18,MECH,MECH-1,2026-2027,7,ishaan.chopra.3771@smartcampus.edu,9884405171
Shaurya Agarwal,2005-10-28,EEE,EEE-2,2026-2027,5,shaurya.agarwal.3772@smartcampus.edu,9898132652
Gauri Malhotra,2004-05-01,ECE,ECE-1,2026-2027,5,gauri.malhotra.3773@smartcampus.edu,9848754651
Rahul Bhat,2004-12-12,ECE,ECE-1,2026-2027,5,rahul.bhat.3774@smartcampus.edu,9855842079
Neha Saxena,2005-03-09,CAD,CAD-2,2026-2027,7,neha.saxena.3775@smartcampus.edu,9886684939
Advik Mishra,2005-01-27,CSM,CSM-2,2026-2027,7,advik.mishra.3776@smartcampus.edu,9864336169
Ishaan Bose,2004-12-31,CSE,CSE-3,2026-2027,3,ishaan.bose.3777@smartcampus.edu,9846501277
Vivaan Iyer,2003-04-18,CSE,CSE-2,2026-2027,3,vivaan.iyer.3778@smartcampus.edu,9840251390
Preeti Shah,2005-05-12,ECE,ECE-2,2026-2027,3,preeti.shah.3779@smartcampus.edu,9829790536
Navya Patil,2004-02-02,ECE,ECE-2,2026-2027,3,navya.patil.3780@smartcampus.edu,9883170262
Gautam Kumar,2006-02-28,CSE,CSE-3,2026-2027,3,gautam.kumar.3781@smartcampus.edu,9861864784
Varun Choudhury,2003-02-26,CSE,CSE-3,2026-2027,7,varun.choudhury.3782@smartcampus.edu,9880327057
Meera Gupta,2004-08-07,ECE,ECE-2,2026-2027,3,meera.gupta.3783@smartcampus.edu,9874144373
Preeti Das,2003-03-11,ECE,ECE-2,2026-2027,5,preeti.das.3784@smartcampus.edu,9850421696
Atharva Patil,2003-12-19,CSE,CSE-1,2026-2027,3,atharva.patil.3785@smartcampus.edu,9815134416
Rohan Malhotra,2003-04-02,ECE,ECE-1,2026-2027,7,rohan.malhotra.3786@smartcampus.edu,9874012327
Ananya Singh,2003-11-03,CSE,CSE-1,2026-2027,7,ananya.singh.3787@smartcampus.edu,9818262468
Ishaan Ghosh,2005-07-24,CAD,CAD-2,2026-2027,3,ishaan.ghosh.3788@smartcampus.edu,9818964934
Ananya Ghosh,2005-04-08,CSM,CSM-1,2026-2027,5,ananya.ghosh.3789@smartcampus.edu,9882463668
Anjali Rao,2003-09-24,EEE,EEE-2,2026-2027,3,anjali.rao.3790@smartcampus.edu,9839825131
Shaurya Das,2003-11-07,EEE,EEE-2,2026-2027,7,shaurya.das.3791@smartcampus.edu,9897489873
Swati Singh,2005-03-09,CSE,CSE-2,2026-2027,5,swati.singh.3792@smartcampus.edu,9878413716
Meera Verma,2006-02-26,CSE,CSE-2,2026-2027,7,meera.verma.3793@smartcampus.edu,9840066139
Advaith Chopra,2004-03-08,CAD,CAD-2,2026-2027,3,advaith.chopra.3794@smartcampus.edu,9886339522
Pranav Banerjee,2003-12-03,EEE,EEE-1,2026-2027,3,pranav.banerjee.3795@smartcampus.edu,9846305160
Reyansh Chatterjee,2003-03-20,CSE,CSE-3,2026-2027,3,reyansh.chatterjee.3796@smartcampus.edu,9880136133
Navya Bose,2003-06-24,MECH,MECH-1,2026-2027,5,navya.bose.3797@smartcampus.edu,9895444250
Varun Bose,2006-06-22,CSE,CSE-2,2026-2027,5,varun.bose.3798@smartcampus.edu,9890705641
Neha Sharma,2003-10-27,CSM,CSM-1,2026-2027,7,neha.sharma.3799@smartcampus.edu,9846869051
Rahul Singh,2004-07-17,EEE,EEE-1,2026-2027,3,rahul.singh.3800@smartcampus.edu,9831116396
Aaryan Deshmukh,2005-07-29,CSE,CSE-2,2026-2027,7,aaryan.deshmukh.3801@smartcampus.edu,9825628799
Shaurya Agarwal,2004-01-06,MECH,MECH-1,2026-2027,7,shaurya.agarwal.3802@smartcampus.edu,9827487733
Shaurya Pandey,2005-01-17,CSM,CSM-1,2026-2027,5,shaurya.pandey.3803@smartcampus.edu,9890956076
Rahul Mehta,2005-06-19,EEE,EEE-2,2026-2027,7,rahul.mehta.3804@smartcampus.edu,9844415238
Siddharth Bose,2005-06-28,CSE,CSE-2,2026-2027,3,siddharth.bose.3805@smartcampus.edu,9858546387
Kabir Mehta,2006-02-01,EEE,EEE-1,2026-2027,7,kabir.mehta.3806@smartcampus.edu,9864363173
Myra Joshi,2005-10-23,CSE,CSE-3,2026-2027,5,myra.joshi.3807@smartcampus.edu,9866041926
Siddharth Iyer,2004-10-20,MECH,MECH-2,2026-2027,5,siddharth.iyer.3808@smartcampus.edu,9819103853
Atharva Verma,2004-10-06,CSE,CSE-1,2026-2027,5,atharva.verma.3809@smartcampus.edu,9859599407
Ishaan Mishra,2006-06-06,CSE,CSE-1,2026-2027,3,ishaan.mishra.3810@smartcampus.edu,9815366444
Ritu Deshmukh,2003-10-11,EEE,EEE-2,2026-2027,5,ritu.deshmukh.3811@smartcampus.edu,9819443841
Ishita Gupta,2003-09-19,CSE,CSE-2,2026-2027,3,ishita.gupta.3812@smartcampus.edu,9892462951
Simran Patil,2004-08-25,EEE,EEE-1,2026-2027,7,simran.patil.3813@smartcampus.edu,9842507048
Ishaan Verma,2003-05-16,CSE,CSE-1,2026-2027,3,ishaan.verma.3814@smartcampus.edu,9843042573
Ayaan Nair,2005-05-15,CAD,CAD-1,2026-2027,3,ayaan.nair.3815@smartcampus.edu,9856236661
Kunal Kapoor,2003-06-29,CSM,CSM-1,2026-2027,3,kunal.kapoor.3816@smartcampus.edu,9862407383
Advaith Ghosh,2003-02-03,CSM,CSM-1,2026-2027,7,advaith.ghosh.3817@smartcampus.edu,9889338200
Advik Ghosh,2006-02-04,CSE,CSE-2,2026-2027,7,advik.ghosh.3818@smartcampus.edu,9866245143
Dhruv Banerjee,2003-10-16,CSE,CSE-2,2026-2027,3,dhruv.banerjee.3819@smartcampus.edu,9866033516
Priya Singh,2003-03-25,CSM,CSM-1,2026-2027,3,priya.singh.3820@smartcampus.edu,9835502898
Aditya Kumar,2004-08-26,ECE,ECE-1,2026-2027,7,aditya.kumar.3821@smartcampus.edu,9863020134
Diya Rao,2005-08-12,CSE,CSE-1,2026-2027,3,diya.rao.3822@smartcampus.edu,9865226194
Ayaan Malhotra,2006-05-11,CSE,CSE-1,2026-2027,7,ayaan.malhotra.3823@smartcampus.edu,9841566695
Pranav Kulkarni,2005-04-16,EEE,EEE-2,2026-2027,5,pranav.kulkarni.3824@smartcampus.edu,9813949573
Pooja Kulkarni,2005-02-24,ECE,ECE-2,2026-2027,7,pooja.kulkarni.3825@smartcampus.edu,9885471553
Shaurya Deshmukh,2005-09-30,MECH,MECH-2,2026-2027,3,shaurya.deshmukh.3826@smartcampus.edu,9890739520
Ayaan Kapoor,2006-11-05,CSM,CSM-2,2026-2027,3,ayaan.kapoor.3827@smartcampus.edu,9864439286
Sai Verma,2006-12-19,CAD,CAD-2,2026-2027,7,sai.verma.3828@smartcampus.edu,9843203890
Diya Patil,2004-03-19,ECE,ECE-2,2026-2027,7,diya.patil.3829@smartcampus.edu,9846551866
Meera Bhat,2003-09-08,CSM,CSM-2,2026-2027,3,meera.bhat.3830@smartcampus.edu,9836834205
Pranav Bhat,2004-04-05,ECE,ECE-2,2026-2027,5,pranav.bhat.3831@smartcampus.edu,9898831285
Zoya Ghosh,2004-01-07,CSM,CSM-2,2026-2027,3,zoya.ghosh.3832@smartcampus.edu,9893592649
Swati Saxena,2005-04-08,ECE,ECE-1,2026-2027,3,swati.saxena.3833@smartcampus.edu,9899898331
Advaith Nair,2004-07-14,CSE,CSE-2,2026-2027,3,advaith.nair.3834@smartcampus.edu,9829664474
Sara Iyer,2004-04-21,CSE,CSE-3,2026-2027,5,sara.iyer.3835@smartcampus.edu,9811788814
Dhruv Rao,2006-08-28,CSE,CSE-1,2026-2027,3,dhruv.rao.3836@smartcampus.edu,9831086084
Siya Kapoor,2003-05-19,CSE,CSE-3,2026-2027,7,siya.kapoor.3837@smartcampus.edu,9841684430
Nikhil Chatterjee,2006-06-28,ECE,ECE-1,2026-2027,3,nikhil.chatterjee.3838@smartcampus.edu,9833403758
Sai Kulkarni,2003-01-27,ECE,ECE-1,2026-2027,7,sai.kulkarni.3839@smartcampus.edu,9818195189
Tanvi Patil,2004-04-04,CSE,CSE-3,2026-2027,5,tanvi.patil.3840@smartcampus.edu,9862792321
Harish Chatterjee,2006-01-22,CAD,CAD-2,2026-2027,3,harish.chatterjee.3841@smartcampus.edu,9869426588
Manish Kumar,2004-06-01,CSM,CSM-1,2026-2027,3,manish.kumar.3842@smartcampus.edu,9846390155
Priya Iyer,2006-03-12,CSM,CSM-1,2026-2027,5,priya.iyer.3843@smartcampus.edu,9817300628
Pari Nair,2004-08-20,CSE,CSE-2,2026-2027,7,pari.nair.3844@smartcampus.edu,9836054258
Nikhil Malhotra,2004-08-12,CAD,CAD-1,2026-2027,5,nikhil.malhotra.3845@smartcampus.edu,9898835382
Riya Shah,2006-04-17,CSE,CSE-3,2026-2027,5,riya.shah.3846@smartcampus.edu,9886201098
Riya Bose,2006-10-26,CSM,CSM-1,2026-2027,5,riya.bose.3847@smartcampus.edu,9876478535
Ananya Kulkarni,2006-02-22,CAD,CAD-2,2026-2027,7,ananya.kulkarni.3848@smartcampus.edu,9855878061
Preeti Patil,2004-05-28,ECE,ECE-2,2026-2027,3,preeti.patil.3849@smartcampus.edu,9883705179
Kabir Sharma,2005-12-30,CSM,CSM-1,2026-2027,7,kabir.sharma.3850@smartcampus.edu,9853936105
Arjun Bose,2004-06-19,CSM,CSM-1,2026-2027,3,arjun.bose.3851@smartcampus.edu,9847478694
Nikhil Deshmukh,2006-10-15,ECE,ECE-2,2026-2027,5,nikhil.deshmukh.3852@smartcampus.edu,9835031571
Tanvi Choudhury,2006-10-19,ECE,ECE-2,2026-2027,5,tanvi.choudhury.3853@smartcampus.edu,9824486832
Kunal Bhat,2006-02-24,CAD,CAD-1,2026-2027,5,kunal.bhat.3854@smartcampus.edu,9847353440
Prisha Mishra,2004-05-30,CSE,CSE-3,2026-2027,3,prisha.mishra.3855@smartcampus.edu,9831387128
Harish Joshi,2006-02-22,CSM,CSM-1,2026-2027,7,harish.joshi.3856@smartcampus.edu,9864812704
Neha Chatterjee,2005-03-27,ECE,ECE-1,2026-2027,5,neha.chatterjee.3857@smartcampus.edu,9851720475
Aaryan Malhotra,2006-10-07,CSE,CSE-3,2026-2027,7,aaryan.malhotra.3858@smartcampus.edu,9866120144
Navya Kumar,2006-01-24,ECE,ECE-1,2026-2027,7,navya.kumar.3859@smartcampus.edu,9838841159
Veda Rao,2004-07-03,CSE,CSE-1,2026-2027,3,veda.rao.3860@smartcampus.edu,9894544657
Vivaan Mehta,2004-12-26,CSE,CSE-1,2026-2027,3,vivaan.mehta.3861@smartcampus.edu,9868779023
Vivaan Kulkarni,2005-04-21,CSE,CSE-3,2026-2027,3,vivaan.kulkarni.3862@smartcampus.edu,9825109750
Meera Patil,2003-11-11,MECH,MECH-1,2026-2027,7,meera.patil.3863@smartcampus.edu,9830373343
Preeti Gupta,2005-10-07,ECE,ECE-2,2026-2027,5,preeti.gupta.3864@smartcampus.edu,9820246251
Deepak Patil,2005-10-27,ECE,ECE-2,2026-2027,3,deepak.patil.3865@smartcampus.edu,9841969740
Vikram Sharma,2005-07-18,ECE,ECE-2,2026-2027,5,vikram.sharma.3866@smartcampus.edu,9834668102
Advaith Kumar,2006-12-27,CAD,CAD-2,2026-2027,3,advaith.kumar.3867@smartcampus.edu,9811389091
Simran Chatterjee,2003-04-28,CSM,CSM-2,2026-2027,3,simran.chatterjee.3868@smartcampus.edu,9820511308
Rahul Kapoor,2004-10-31,CSE,CSE-2,2026-2027,3,rahul.kapoor.3869@smartcampus.edu,9828529383
Saanvi Saxena,2006-05-03,CSE,CSE-3,2026-2027,7,saanvi.saxena.3870@smartcampus.edu,9841019587
Reyansh Agarwal,2003-12-30,MECH,MECH-1,2026-2027,5,reyansh.agarwal.3871@smartcampus.edu,9838080333
Kabir Reddy,2006-08-11,CSE,CSE-1,2026-2027,7,kabir.reddy.3872@smartcampus.edu,9851702369
Pooja Das,2003-04-15,ECE,ECE-2,2026-2027,5,pooja.das.3873@smartcampus.edu,9895100300
Krishna Bose,2003-10-21,CSM,CSM-2,2026-2027,7,krishna.bose.3874@smartcampus.edu,9861457144
Krishna Bhat,2003-08-24,ECE,ECE-1,2026-2027,7,krishna.bhat.3875@smartcampus.edu,9831936500
Sara Saxena,2004-10-30,MECH,MECH-2,2026-2027,5,sara.saxena.3876@smartcampus.edu,9872448962
Neha Malhotra,2004-11-06,CSE,CSE-3,2026-2027,3,neha.malhotra.3877@smartcampus.edu,9828903370
Shreya Sharma,2003-07-28,ECE,ECE-1,2026-2027,3,shreya.sharma.3878@smartcampus.edu,9865931593
Preeti Choudhury,2005-02-26,EEE,EEE-1,2026-2027,3,preeti.choudhury.3879@smartcampus.edu,9890511183
Rithvik Deshmukh,2005-02-18,MECH,MECH-1,2026-2027,7,rithvik.deshmukh.3880@smartcampus.edu,9847277566
Deepak Kumar,2005-09-06,ECE,ECE-2,2026-2027,3,deepak.kumar.3881@smartcampus.edu,9810868306
Advik Patel,2004-02-17,CSM,CSM-1,2026-2027,5,advik.patel.3882@smartcampus.edu,9889250938
Kavya Verma,2003-06-14,CSM,CSM-1,2026-2027,3,kavya.verma.3883@smartcampus.edu,9881485090
Gauri Kumar,2003-01-19,EEE,EEE-2,2026-2027,7,gauri.kumar.3884@smartcampus.edu,9831468636
Ishita Pandey,2003-11-10,EEE,EEE-2,2026-2027,5,ishita.pandey.3885@smartcampus.edu,9816570659
Aarav Agarwal,2006-01-15,EEE,EEE-2,2026-2027,7,aarav.agarwal.3886@smartcampus.edu,9851133608
Anjali Kumar,2005-02-21,CSE,CSE-2,2026-2027,7,anjali.kumar.3887@smartcampus.edu,9879893614
Vihaan Reddy,2005-05-18,ECE,ECE-2,2026-2027,3,vihaan.reddy.3888@smartcampus.edu,9898819956
Sai Patil,2005-08-16,ECE,ECE-2,2026-2027,5,sai.patil.3889@smartcampus.edu,9865145886
Meera Das,2004-12-26,CSM,CSM-2,2026-2027,5,meera.das.3890@smartcampus.edu,9833920192
Diya Patil,2004-09-06,ECE,ECE-1,2026-2027,3,diya.patil.3891@smartcampus.edu,9860535879
Pari Chatterjee,2003-11-14,ECE,ECE-1,2026-2027,5,pari.chatterjee.3892@smartcampus.edu,9893248506
Swati Kulkarni,2004-04-15,CSE,CSE-3,2026-2027,5,swati.kulkarni.3893@smartcampus.edu,9848443623
Ishaan Kumar,2006-08-11,EEE,EEE-2,2026-2027,5,ishaan.kumar.3894@smartcampus.edu,9850565519
Reyansh Das,2003-08-09,CAD,CAD-1,2026-2027,7,reyansh.das.3895@smartcampus.edu,9865440965
Ishaan Chatterjee,2006-01-29,CSM,CSM-1,2026-2027,7,ishaan.chatterjee.3896@smartcampus.edu,9865493541
Shaurya Chatterjee,2005-06-13,EEE,EEE-1,2026-2027,7,shaurya.chatterjee.3897@smartcampus.edu,9859148740
Aarav Deshmukh,2006-11-26,CSM,CSM-2,2026-2027,5,aarav.deshmukh.3898@smartcampus.edu,9882093736
Manish Nair,2006-06-16,CSM,CSM-1,2026-2027,7,manish.nair.3899@smartcampus.edu,9896475023
Saanvi Banerjee,2005-05-12,CSE,CSE-3,2026-2027,5,saanvi.banerjee.3900@smartcampus.edu,9884557962
Ayaan Das,2005-04-30,CSE,CSE-1,2026-2027,5,ayaan.das.3901@smartcampus.edu,9877151450
Rithvik Bhat,2005-10-22,CSE,CSE-2,2026-2027,5,rithvik.bhat.3902@smartcampus.edu,9839024793
Ananya Patel,2005-01-07,CSE,CSE-3,2026-2027,5,ananya.patel.3903@smartcampus.edu,9826455710
Dhruv Malhotra,2006-06-11,CSE,CSE-1,2026-2027,3,dhruv.malhotra.3904@smartcampus.edu,9829441463
Siya Kapoor,2004-06-02,ECE,ECE-1,2026-2027,5,siya.kapoor.3905@smartcampus.edu,9818915470
Myra Saxena,2004-08-28,CSE,CSE-2,2026-2027,7,myra.saxena.3906@smartcampus.edu,9873878203
Tanvi Patel,2004-12-10,CAD,CAD-1,2026-2027,7,tanvi.patel.3907@smartcampus.edu,9847143670
Navya Kulkarni,2006-06-30,CSM,CSM-2,2026-2027,5,navya.kulkarni.3908@smartcampus.edu,9845082306
Gautam Kumar,2006-02-08,CAD,CAD-1,2026-2027,7,gautam.kumar.3909@smartcampus.edu,9812346938
Sneha Mishra,2003-01-26,CSE,CSE-1,2026-2027,7,sneha.mishra.3910@smartcampus.edu,9812403470
Kavya Rao,2004-02-24,EEE,EEE-1,2026-2027,7,kavya.rao.3911@smartcampus.edu,9878871121
Pooja Das,2004-04-16,CSE,CSE-1,2026-2027,5,pooja.das.3912@smartcampus.edu,9825149727
Rahul Singh,2004-11-06,ECE,ECE-1,2026-2027,3,rahul.singh.3913@smartcampus.edu,9836851951
Vihaan Pandey,2006-07-15,CSM,CSM-2,2026-2027,3,vihaan.pandey.3914@smartcampus.edu,9885840623
Swati Kulkarni,2003-10-13,CSE,CSE-3,2026-2027,5,swati.kulkarni.3915@smartcampus.edu,9844937137
Harish Iyer,2004-04-15,ECE,ECE-1,2026-2027,3,harish.iyer.3916@smartcampus.edu,9877919742
Siya Ghosh,2003-04-22,CSM,CSM-1,2026-2027,5,siya.ghosh.3917@smartcampus.edu,9851672688
Priya Malhotra,2006-07-06,CSM,CSM-1,2026-2027,3,priya.malhotra.3918@smartcampus.edu,9898760946
Reyansh Banerjee,2006-03-26,CSE,CSE-2,2026-2027,5,reyansh.banerjee.3919@smartcampus.edu,9854490712
Ishaan Mishra,2004-05-28,MECH,MECH-2,2026-2027,5,ishaan.mishra.3920@smartcampus.edu,9831409968
Ishaan Banerjee,2005-09-24,MECH,MECH-2,2026-2027,3,ishaan.banerjee.3921@smartcampus.edu,9839248839
Swati Rao,2004-07-11,CSE,CSE-2,2026-2027,5,swati.rao.3922@smartcampus.edu,9896881233
Riya Bose,2005-05-08,CSE,CSE-1,2026-2027,3,riya.bose.3923@smartcampus.edu,9864401597
Sai Kulkarni,2003-03-16,MECH,MECH-2,2026-2027,5,sai.kulkarni.3924@smartcampus.edu,9874268146
Arjun Joshi,2006-08-09,ECE,ECE-1,2026-2027,5,arjun.joshi.3925@smartcampus.edu,9835052562
Zoya Bhat,2006-01-06,ECE,ECE-1,2026-2027,3,zoya.bhat.3926@smartcampus.edu,9896885111
Gautam Das,2005-05-28,MECH,MECH-2,2026-2027,7,gautam.das.3927@smartcampus.edu,9812888960
Rahul Patil,2006-02-17,CAD,CAD-2,2026-2027,3,rahul.patil.3928@smartcampus.edu,9896554284
Aarav Singh,2004-04-12,CSE,CSE-3,2026-2027,5,aarav.singh.3929@smartcampus.edu,9878933007
Myra Ghosh,2005-07-03,EEE,EEE-1,2026-2027,3,myra.ghosh.3930@smartcampus.edu,9810276776
Krishna Das,2005-05-04,EEE,EEE-1,2026-2027,3,krishna.das.3931@smartcampus.edu,9884870984
Nikhil Nair,2005-04-18,CSM,CSM-1,2026-2027,3,nikhil.nair.3932@smartcampus.edu,9860005147
Anjali Choudhury,2003-08-20,CSE,CSE-1,2026-2027,5,anjali.choudhury.3933@smartcampus.edu,9890669214
Sneha Agarwal,2005-09-20,CSE,CSE-3,2026-2027,7,sneha.agarwal.3934@smartcampus.edu,9859775421
Rahul Choudhury,2005-09-12,ECE,ECE-2,2026-2027,7,rahul.choudhury.3935@smartcampus.edu,9847945066
Reyansh Saxena,2006-08-01,CSE,CSE-1,2026-2027,5,reyansh.saxena.3936@smartcampus.edu,9839149445
Rithvik Chatterjee,2003-05-30,CSE,CSE-3,2026-2027,5,rithvik.chatterjee.3937@smartcampus.edu,9810779188
Krishna Pandey,2005-07-26,CSM,CSM-2,2026-2027,7,krishna.pandey.3938@smartcampus.edu,9855106346
Gauri Patel,2004-01-31,CSE,CSE-2,2026-2027,3,gauri.patel.3939@smartcampus.edu,9895677877
Meera Reddy,2003-08-08,CSE,CSE-1,2026-2027,3,meera.reddy.3940@smartcampus.edu,9850636820
Kunal Malhotra,2006-05-25,CSE,CSE-2,2026-2027,5,kunal.malhotra.3941@smartcampus.edu,9879910772
Nikhil Sharma,2005-01-24,EEE,EEE-2,2026-2027,3,nikhil.sharma.3942@smartcampus.edu,9862044244
Ritu Verma,2003-09-24,ECE,ECE-1,2026-2027,5,ritu.verma.3943@smartcampus.edu,9879387419
Dhruv Bhat,2004-07-09,CAD,CAD-2,2026-2027,7,dhruv.bhat.3944@smartcampus.edu,9818749507
Meera Agarwal,2003-11-29,CSE,CSE-2,2026-2027,7,meera.agarwal.3945@smartcampus.edu,9885549264
Kavya Mishra,2005-10-09,CSE,CSE-3,2026-2027,7,kavya.mishra.3946@smartcampus.edu,9899883085
Ananya Reddy,2003-04-04,EEE,EEE-2,2026-2027,7,ananya.reddy.3947@smartcampus.edu,9866340514
Rithvik Choudhury,2003-10-17,CSE,CSE-2,2026-2027,3,rithvik.choudhury.3948@smartcampus.edu,9834310926
Prisha Banerjee,2005-05-12,CSE,CSE-3,2026-2027,5,prisha.banerjee.3949@smartcampus.edu,9855180252
Manish Pandey,2006-10-21,CSE,CSE-1,2026-2027,3,manish.pandey.3950@smartcampus.edu,9817663638
Harish Kulkarni,2004-12-20,CSE,CSE-3,2026-2027,3,harish.kulkarni.3951@smartcampus.edu,9825227646
Deepak Banerjee,2005-09-07,ECE,ECE-1,2026-2027,7,deepak.banerjee.3952@smartcampus.edu,9887809768
Riya Malhotra,2003-11-20,CSM,CSM-2,2026-2027,3,riya.malhotra.3953@smartcampus.edu,9878686011
Deepak Pandey,2005-05-01,EEE,EEE-1,2026-2027,5,deepak.pandey.3954@smartcampus.edu,9843257888
Prisha Nair,2006-04-24,CSE,CSE-3,2026-2027,7,prisha.nair.3955@smartcampus.edu,9844134760
Ananya Nair,2006-04-06,MECH,MECH-1,2026-2027,5,ananya.nair.3956@smartcampus.edu,9813055158
Dhruv Mishra,2003-01-22,EEE,EEE-1,2026-2027,7,dhruv.mishra.3957@smartcampus.edu,9843191110
Vivaan Kumar,2005-09-20,ECE,ECE-2,2026-2027,7,vivaan.kumar.3958@smartcampus.edu,9853439360
Sara Singh,2006-01-15,CSM,CSM-1,2026-2027,3,sara.singh.3959@smartcampus.edu,9853392235
Deepak Mishra,2005-02-16,CSM,CSM-2,2026-2027,7,deepak.mishra.3960@smartcampus.edu,9874933382
Pranav Gupta,2004-07-23,CSM,CSM-1,2026-2027,3,pranav.gupta.3961@smartcampus.edu,9894941490
Siddharth Kapoor,2006-08-31,CAD,CAD-2,2026-2027,5,siddharth.kapoor.3962@smartcampus.edu,9823822152
Preeti Mehta,2003-03-21,CSE,CSE-3,2026-2027,7,preeti.mehta.3963@smartcampus.edu,9895666381
Swati Sharma,2005-10-25,EEE,EEE-1,2026-2027,5,swati.sharma.3964@smartcampus.edu,9854536563
Kabir Rao,2006-10-27,ECE,ECE-2,2026-2027,5,kabir.rao.3965@smartcampus.edu,9822715000
Diya Chopra,2004-04-20,CAD,CAD-1,2026-2027,7,diya.chopra.3966@smartcampus.edu,9847058711
Sara Chatterjee,2005-04-20,ECE,ECE-1,2026-2027,7,sara.chatterjee.3967@smartcampus.edu,9861218634
Advik Malhotra,2004-04-25,CSM,CSM-1,2026-2027,5,advik.malhotra.3968@smartcampus.edu,9869991089
Kabir Kumar,2004-03-24,CSM,CSM-2,2026-2027,5,kabir.kumar.3969@smartcampus.edu,9828354501
Saanvi Agarwal,2006-04-01,CSM,CSM-2,2026-2027,3,saanvi.agarwal.3970@smartcampus.edu,9836067075
Navya Kapoor,2006-02-05,MECH,MECH-1,2026-2027,5,navya.kapoor.3971@smartcampus.edu,9815858840
Harish Kumar,2005-05-08,CSE,CSE-1,2026-2027,5,harish.kumar.3972@smartcampus.edu,9814591917
Pooja Kumar,2005-08-23,ECE,ECE-1,2026-2027,7,pooja.kumar.3973@smartcampus.edu,9849873413
Deepak Gupta,2006-02-17,CSE,CSE-2,2026-2027,7,deepak.gupta.3974@smartcampus.edu,9870897935
Rahul Chatterjee,2006-03-16,CSM,CSM-1,2026-2027,3,rahul.chatterjee.3975@smartcampus.edu,9865416085
Simran Kumar,2003-07-25,EEE,EEE-1,2026-2027,3,simran.kumar.3976@smartcampus.edu,9825464737
Sunita Choudhury,2006-12-13,CSE,CSE-1,2026-2027,7,sunita.choudhury.3977@smartcampus.edu,9863163394
Kabir Joshi,2005-04-17,CSE,CSE-2,2026-2027,3,kabir.joshi.3978@smartcampus.edu,9877570723
Tanvi Pandey,2003-08-31,CAD,CAD-1,2026-2027,5,tanvi.pandey.3979@smartcampus.edu,9842274703
Vikram Agarwal,2005-11-10,ECE,ECE-1,2026-2027,5,vikram.agarwal.3980@smartcampus.edu,9860864214
Ishaan Agarwal,2005-02-20,ECE,ECE-1,2026-2027,5,ishaan.agarwal.3981@smartcampus.edu,9872970468
Vihaan Agarwal,2003-12-25,CSM,CSM-1,2026-2027,3,vihaan.agarwal.3982@smartcampus.edu,9828820442
Reyansh Bose,2006-03-21,MECH,MECH-2,2026-2027,3,reyansh.bose.3983@smartcampus.edu,9820003506
Gautam Mishra,2003-06-22,CSE,CSE-2,2026-2027,5,gautam.mishra.3984@smartcampus.edu,9823508295
Kavya Nair,2003-06-19,CSE,CSE-2,2026-2027,5,kavya.nair.3985@smartcampus.edu,9845968535
Khushi Joshi,2005-10-28,EEE,EEE-1,2026-2027,7,khushi.joshi.3986@smartcampus.edu,9891571223
Pooja Bhat,2005-09-02,CSM,CSM-1,2026-2027,7,pooja.bhat.3987@smartcampus.edu,9869974288
Krishna Patel,2004-11-21,CSM,CSM-1,2026-2027,5,krishna.patel.3988@smartcampus.edu,9894045245
Gautam Patel,2003-04-29,CSM,CSM-1,2026-2027,3,gautam.patel.3989@smartcampus.edu,9812927085
Gauri Rao,2004-09-15,CSE,CSE-2,2026-2027,3,gauri.rao.3990@smartcampus.edu,9851464121
Sunita Patil,2003-01-29,CSM,CSM-1,2026-2027,3,sunita.patil.3991@smartcampus.edu,9860743152
Vihaan Shah,2003-11-21,ECE,ECE-2,2026-2027,5,vihaan.shah.3992@smartcampus.edu,9825750198
Veda Agarwal,2005-03-22,CSM,CSM-2,2026-2027,5,veda.agarwal.3993@smartcampus.edu,9811645743
Rohan Agarwal,2006-01-27,CSE,CSE-2,2026-2027,3,rohan.agarwal.3994@smartcampus.edu,9845966700
Ayaan Banerjee,2005-03-30,EEE,EEE-2,2026-2027,3,ayaan.banerjee.3995@smartcampus.edu,9884490404
Atharva Singh,2004-09-07,MECH,MECH-2,2026-2027,5,atharva.singh.3996@smartcampus.edu,9821708845
Ritu Kapoor,2003-03-12,ECE,ECE-2,2026-2027,5,ritu.kapoor.3997@smartcampus.edu,9886630922
Meera Saxena,2006-09-15,ECE,ECE-1,2026-2027,5,meera.saxena.3998@smartcampus.edu,9832296583
Shaurya Gupta,2006-11-25,CSM,CSM-1,2026-2027,7,shaurya.gupta.3999@smartcampus.edu,9851498260
Ishita Shah,2005-01-21,ECE,ECE-1,2026-2027,7,ishita.shah.4000@smartcampus.edu,9878192986
Preeti Nair,2006-03-02,MECH,MECH-2,2026-2027,5,preeti.nair.4001@smartcampus.edu,9868461154
Gauri Verma,2004-05-01,CSE,CSE-1,2026-2027,3,gauri.verma.4002@smartcampus.edu,9873711823
Sara Bose,2006-05-27,ECE,ECE-2,2026-2027,5,sara.bose.4003@smartcampus.edu,9848976938
Atharva Bhat,2004-01-17,ECE,ECE-2,2026-2027,7,atharva.bhat.4004@smartcampus.edu,9861843309
Shaurya Nair,2003-05-11,MECH,MECH-2,2026-2027,5,shaurya.nair.4005@smartcampus.edu,9895335466
Gauri Shah,2006-08-23,CSE,CSE-2,2026-2027,5,gauri.shah.4006@smartcampus.edu,9885816259
Vivaan Joshi,2006-05-27,CSE,CSE-3,2026-2027,7,vivaan.joshi.4007@smartcampus.edu,9891351457
Kavya Gupta,2005-03-02,EEE,EEE-2,2026-2027,3,kavya.gupta.4008@smartcampus.edu,9874695506
Meera Choudhury,2005-08-24,CSE,CSE-3,2026-2027,5,meera.choudhury.4009@smartcampus.edu,9811122068
Vikram Joshi,2006-01-15,CSE,CSE-2,2026-2027,3,vikram.joshi.4010@smartcampus.edu,9869060871
Krishna Kulkarni,2005-01-13,EEE,EEE-1,2026-2027,7,krishna.kulkarni.4011@smartcampus.edu,9832584194
Deepak Verma,2005-11-12,CSE,CSE-1,2026-2027,5,deepak.verma.4012@smartcampus.edu,9886504667
Siya Patel,2005-06-16,EEE,EEE-1,2026-2027,5,siya.patel.4013@smartcampus.edu,9841763053
Shreya Chatterjee,2006-11-15,ECE,ECE-2,2026-2027,3,shreya.chatterjee.4014@smartcampus.edu,9858058024
Veda Verma,2003-05-02,ECE,ECE-2,2026-2027,5,veda.verma.4015@smartcampus.edu,9891185808
Ritu Agarwal,2004-10-05,ECE,ECE-1,2026-2027,5,ritu.agarwal.4016@smartcampus.edu,9823871249
Ananya Pandey,2003-10-10,ECE,ECE-1,2026-2027,3,ananya.pandey.4017@smartcampus.edu,9811855124
Rahul Gupta,2004-10-24,CAD,CAD-2,2026-2027,7,rahul.gupta.4018@smartcampus.edu,9831950477
Aditya Banerjee,2003-05-12,CSE,CSE-2,2026-2027,3,aditya.banerjee.4019@smartcampus.edu,9823388782
Ritu Sharma,2006-04-17,CSE,CSE-2,2026-2027,5,ritu.sharma.4020@smartcampus.edu,9835792789
Kunal Ghosh,2006-04-06,MECH,MECH-2,2026-2027,3,kunal.ghosh.4021@smartcampus.edu,9899743636
Nikhil Singh,2003-04-22,CSE,CSE-3,2026-2027,7,nikhil.singh.4022@smartcampus.edu,9886955654
Diya Malhotra,2003-08-29,CSM,CSM-1,2026-2027,5,diya.malhotra.4023@smartcampus.edu,9873312971
Advaith Patil,2003-10-22,CSE,CSE-2,2026-2027,5,advaith.patil.4024@smartcampus.edu,9845101631
Anjali Rao,2004-08-05,CSE,CSE-1,2026-2027,7,anjali.rao.4025@smartcampus.edu,9865731354
Myra Bose,2004-01-13,CSE,CSE-2,2026-2027,7,myra.bose.4026@smartcampus.edu,9812284843
Advik Kapoor,2004-03-01,CSM,CSM-2,2026-2027,3,advik.kapoor.4027@smartcampus.edu,9811985027
Advaith Ghosh,2003-11-11,CSE,CSE-2,2026-2027,7,advaith.ghosh.4028@smartcampus.edu,9819225575
Diya Kulkarni,2003-04-18,EEE,EEE-2,2026-2027,7,diya.kulkarni.4029@smartcampus.edu,9859775522
Aarav Chopra,2006-08-23,CSE,CSE-1,2026-2027,5,aarav.chopra.4030@smartcampus.edu,9821978446
Varun Joshi,2003-05-03,MECH,MECH-2,2026-2027,3,varun.joshi.4031@smartcampus.edu,9871061316
Ishita Gupta,2005-12-10,CSM,CSM-2,2026-2027,3,ishita.gupta.4032@smartcampus.edu,9870018094
Varun Iyer,2004-03-24,EEE,EEE-1,2026-2027,5,varun.iyer.4033@smartcampus.edu,9872411534
Gautam Rao,2006-03-19,CAD,CAD-2,2026-2027,3,gautam.rao.4034@smartcampus.edu,9837197789
Rahul Pandey,2005-04-25,CSE,CSE-2,2026-2027,7,rahul.pandey.4035@smartcampus.edu,9894924451
Vikram Kulkarni,2003-06-07,CSE,CSE-3,2026-2027,5,vikram.kulkarni.4036@smartcampus.edu,9879444989
Siddharth Joshi,2003-02-13,EEE,EEE-1,2026-2027,5,siddharth.joshi.4037@smartcampus.edu,9891660253
Harish Kumar,2005-08-27,CSM,CSM-1,2026-2027,7,harish.kumar.4038@smartcampus.edu,9813671144
Kavya Kulkarni,2005-09-23,ECE,ECE-1,2026-2027,3,kavya.kulkarni.4039@smartcampus.edu,9815637358
Swati Shah,2005-02-19,CSE,CSE-1,2026-2027,7,swati.shah.4040@smartcampus.edu,9852779444
Ishita Kapoor,2006-04-24,CAD,CAD-1,2026-2027,3,ishita.kapoor.4041@smartcampus.edu,9846234734
Krishna Joshi,2003-11-22,MECH,MECH-1,2026-2027,3,krishna.joshi.4042@smartcampus.edu,9850924040
Gautam Mehta,2004-11-13,MECH,MECH-2,2026-2027,5,gautam.mehta.4043@smartcampus.edu,9849002541
Veda Gupta,2006-01-26,CSE,CSE-1,2026-2027,7,veda.gupta.4044@smartcampus.edu,9810408690
Diya Verma,2003-04-28,CSM,CSM-2,2026-2027,3,diya.verma.4045@smartcampus.edu,9825995317
Rahul Bhat,2003-08-13,CAD,CAD-1,2026-2027,3,rahul.bhat.4046@smartcampus.edu,9832717521
Khushi Gupta,2006-03-08,CSM,CSM-2,2026-2027,5,khushi.gupta.4047@smartcampus.edu,9873898773
Veda Reddy,2003-11-09,MECH,MECH-1,2026-2027,5,veda.reddy.4048@smartcampus.edu,9892329839
Shreya Pandey,2003-07-05,CSM,CSM-2,2026-2027,5,shreya.pandey.4049@smartcampus.edu,9896202937
Simran Verma,2004-09-25,CSE,CSE-1,2026-2027,3,simran.verma.4050@smartcampus.edu,9891749810
Rohan Patil,2005-12-15,CSE,CSE-1,2026-2027,7,rohan.patil.4051@smartcampus.edu,9858635230
Shaurya Banerjee,2004-05-25,CSE,CSE-2,2026-2027,5,shaurya.banerjee.4052@smartcampus.edu,9854850213
Vikram Bhat,2006-01-05,MECH,MECH-1,2026-2027,5,vikram.bhat.4053@smartcampus.edu,9831716975
Ananya Kumar,2006-10-07,CAD,CAD-2,2026-2027,5,ananya.kumar.4054@smartcampus.edu,9887789385
Veda Das,2006-02-12,CAD,CAD-2,2026-2027,5,veda.das.4055@smartcampus.edu,9836894957
Anjali Saxena,2006-11-16,CSE,CSE-1,2026-2027,7,anjali.saxena.4056@smartcampus.edu,9819279932
Shaurya Choudhury,2006-05-31,CSE,CSE-2,2026-2027,7,shaurya.choudhury.4057@smartcampus.edu,9851125504
Neha Chatterjee,2006-02-02,CSE,CSE-1,2026-2027,3,neha.chatterjee.4058@smartcampus.edu,9834198695
Preeti Pandey,2003-11-05,EEE,EEE-2,2026-2027,7,preeti.pandey.4059@smartcampus.edu,9842638105
Ritu Rao,2005-03-11,MECH,MECH-2,2026-2027,7,ritu.rao.4060@smartcampus.edu,9826757841
Riya Mehta,2005-12-23,CSE,CSE-2,2026-2027,3,riya.mehta.4061@smartcampus.edu,9831038231
Sneha Kumar,2003-09-28,CSM,CSM-1,2026-2027,3,sneha.kumar.4062@smartcampus.edu,9891189553
Simran Joshi,2003-11-23,CSE,CSE-3,2026-2027,3,simran.joshi.4063@smartcampus.edu,9890404539
Ritu Saxena,2003-02-18,EEE,EEE-1,2026-2027,7,ritu.saxena.4064@smartcampus.edu,9821343057
Rohan Bhat,2005-12-14,CSE,CSE-3,2026-2027,5,rohan.bhat.4065@smartcampus.edu,9824616318
Varun Mehta,2003-06-25,ECE,ECE-1,2026-2027,7,varun.mehta.4066@smartcampus.edu,9845570381
Rahul Kulkarni,2005-02-24,CAD,CAD-2,2026-2027,3,rahul.kulkarni.4067@smartcampus.edu,9890914132
Atharva Reddy,2003-04-26,CSE,CSE-3,2026-2027,7,atharva.reddy.4068@smartcampus.edu,9843940677
Veda Gupta,2006-08-30,CSE,CSE-1,2026-2027,7,veda.gupta.4069@smartcampus.edu,9870837086
Gautam Kumar,2003-09-22,CSM,CSM-1,2026-2027,3,gautam.kumar.4070@smartcampus.edu,9880623936
Khushi Banerjee,2004-06-05,CAD,CAD-1,2026-2027,7,khushi.banerjee.4071@smartcampus.edu,9879783940
Khushi Choudhury,2004-02-13,CSM,CSM-1,2026-2027,3,khushi.choudhury.4072@smartcampus.edu,9864886546
Varun Kumar,2006-12-19,CSE,CSE-2,2026-2027,3,varun.kumar.4073@smartcampus.edu,9829191095
Ritu Ghosh,2003-12-14,ECE,ECE-1,2026-2027,5,ritu.ghosh.4074@smartcampus.edu,9845881809
Simran Gupta,2005-02-21,CSE,CSE-3,2026-2027,3,simran.gupta.4075@smartcampus.edu,9855192872
Zoya Agarwal,2004-01-01,ECE,ECE-2,2026-2027,5,zoya.agarwal.4076@smartcampus.edu,9882080147
Atharva Bhat,2003-02-16,CSM,CSM-2,2026-2027,7,atharva.bhat.4077@smartcampus.edu,9827129046
Siya Ghosh,2004-02-18,CSE,CSE-3,2026-2027,3,siya.ghosh.4078@smartcampus.edu,9859553820
Swati Saxena,2006-10-06,ECE,ECE-2,2026-2027,3,swati.saxena.4079@smartcampus.edu,9880520683
Zoya Patil,2003-12-09,EEE,EEE-2,2026-2027,7,zoya.patil.4080@smartcampus.edu,9898100107
Sunita Saxena,2006-10-21,ECE,ECE-1,2026-2027,3,sunita.saxena.4081@smartcampus.edu,9871210279
Sneha Bose,2006-01-31,CSM,CSM-1,2026-2027,5,sneha.bose.4082@smartcampus.edu,9811117176
Nikhil Iyer,2004-08-05,CSE,CSE-2,2026-2027,3,nikhil.iyer.4083@smartcampus.edu,9859418689
Sunita Sharma,2005-11-12,CSE,CSE-3,2026-2027,7,sunita.sharma.4084@smartcampus.edu,9859621653
Kavya Bose,2006-05-06,ECE,ECE-1,2026-2027,3,kavya.bose.4085@smartcampus.edu,9873853287
Siya Chatterjee,2005-06-24,ECE,ECE-2,2026-2027,3,siya.chatterjee.4086@smartcampus.edu,9839992768
Dhruv Das,2004-04-25,ECE,ECE-1,2026-2027,7,dhruv.das.4087@smartcampus.edu,9871697396
Vihaan Ghosh,2003-02-24,CSE,CSE-1,2026-2027,3,vihaan.ghosh.4088@smartcampus.edu,9858209437
Kavya Verma,2003-09-22,EEE,EEE-2,2026-2027,7,kavya.verma.4089@smartcampus.edu,9822626635
Deepak Patil,2005-10-08,ECE,ECE-1,2026-2027,3,deepak.patil.4090@smartcampus.edu,9812622208
Rithvik Deshmukh,2006-01-05,CSE,CSE-1,2026-2027,5,rithvik.deshmukh.4091@smartcampus.edu,9879433058
Vikram Iyer,2003-03-19,CSE,CSE-3,2026-2027,5,vikram.iyer.4092@smartcampus.edu,9862061548
Zoya Gupta,2004-04-12,CAD,CAD-1,2026-2027,5,zoya.gupta.4093@smartcampus.edu,9876514147
Reyansh Iyer,2005-09-27,CSM,CSM-2,2026-2027,3,reyansh.iyer.4094@smartcampus.edu,9876819895
Anjali Agarwal,2005-03-12,CSM,CSM-1,2026-2027,3,anjali.agarwal.4095@smartcampus.edu,9840740136
Nikhil Kumar,2004-12-29,CAD,CAD-1,2026-2027,3,nikhil.kumar.4096@smartcampus.edu,9858833941
Shreya Saxena,2003-03-24,CSM,CSM-2,2026-2027,3,shreya.saxena.4097@smartcampus.edu,9851854237
Arjun Reddy,2003-02-06,CSM,CSM-1,2026-2027,5,arjun.reddy.4098@smartcampus.edu,9862341467
Pooja Saxena,2005-06-06,CSM,CSM-2,2026-2027,5,pooja.saxena.4099@smartcampus.edu,9870204027
Vikram Banerjee,2003-03-10,CSM,CSM-1,2026-2027,7,vikram.banerjee.4100@smartcampus.edu,9847577089
Aarav Singh,2005-03-25,CSM,CSM-1,2026-2027,3,aarav.singh.4101@smartcampus.edu,9848742013
Kunal Mishra,2006-04-02,EEE,EEE-2,2026-2027,3,kunal.mishra.4102@smartcampus.edu,9818045871
Pranav Verma,2003-07-08,ECE,ECE-1,2026-2027,7,pranav.verma.4103@smartcampus.edu,9815604593
Pooja Joshi,2004-07-17,CAD,CAD-1,2026-2027,7,pooja.joshi.4104@smartcampus.edu,9833358543
Kavya Patel,2006-09-05,CSE,CSE-1,2026-2027,5,kavya.patel.4105@smartcampus.edu,9887947041
Aarav Mehta,2003-05-24,CSE,CSE-1,2026-2027,3,aarav.mehta.4106@smartcampus.edu,9857458224
Krishna Patil,2006-12-03,MECH,MECH-2,2026-2027,3,krishna.patil.4107@smartcampus.edu,9860093731
Sai Chatterjee,2004-12-15,ECE,ECE-1,2026-2027,7,sai.chatterjee.4108@smartcampus.edu,9825009142
Vihaan Singh,2005-03-21,CSM,CSM-2,2026-2027,7,vihaan.singh.4109@smartcampus.edu,9890776777
Harish Mehta,2005-09-20,CSE,CSE-2,2026-2027,7,harish.mehta.4110@smartcampus.edu,9882916374
Priya Joshi,2003-11-26,CSE,CSE-2,2026-2027,7,priya.joshi.4111@smartcampus.edu,9889560068
Anjali Mishra,2005-11-17,CSM,CSM-1,2026-2027,7,anjali.mishra.4112@smartcampus.edu,9855219337
Meera Choudhury,2006-10-02,EEE,EEE-2,2026-2027,7,meera.choudhury.4113@smartcampus.edu,9865522393
Siya Mishra,2004-04-04,CSM,CSM-1,2026-2027,5,siya.mishra.4114@smartcampus.edu,9841208348
Veda Agarwal,2003-04-26,ECE,ECE-2,2026-2027,7,veda.agarwal.4115@smartcampus.edu,9866114648
Shaurya Reddy,2003-02-08,CAD,CAD-2,2026-2027,7,shaurya.reddy.4116@smartcampus.edu,9843213349
Dhruv Singh,2003-01-11,CSM,CSM-2,2026-2027,5,dhruv.singh.4117@smartcampus.edu,9886436576
Deepak Singh,2003-02-16,ECE,ECE-1,2026-2027,3,deepak.singh.4118@smartcampus.edu,9867047611
Manish Kulkarni,2005-12-12,CSE,CSE-1,2026-2027,7,manish.kulkarni.4119@smartcampus.edu,9815794350
Ananya Patel,2003-02-05,CSE,CSE-1,2026-2027,3,ananya.patel.4120@smartcampus.edu,9893956465
Gauri Kapoor,2005-05-19,EEE,EEE-1,2026-2027,7,gauri.kapoor.4121@smartcampus.edu,9845230300
Anjali Pandey,2005-05-02,CSE,CSE-1,2026-2027,3,anjali.pandey.4122@smartcampus.edu,9865802752
Vivaan Choudhury,2005-12-20,CAD,CAD-2,2026-2027,7,vivaan.choudhury.4123@smartcampus.edu,9889319518
Reyansh Sharma,2003-04-09,CAD,CAD-2,2026-2027,7,reyansh.sharma.4124@smartcampus.edu,9877974342
Shaurya Mehta,2004-01-25,CSE,CSE-1,2026-2027,7,shaurya.mehta.4125@smartcampus.edu,9863685808
Ritu Kapoor,2006-06-09,EEE,EEE-2,2026-2027,5,ritu.kapoor.4126@smartcampus.edu,9876042842
Kavya Joshi,2003-12-28,EEE,EEE-1,2026-2027,7,kavya.joshi.4127@smartcampus.edu,9851667747
Veda Das,2005-07-29,CSE,CSE-1,2026-2027,5,veda.das.4128@smartcampus.edu,9822765279
Vihaan Joshi,2006-11-15,ECE,ECE-1,2026-2027,3,vihaan.joshi.4129@smartcampus.edu,9823271166
Ritu Choudhury,2004-08-05,MECH,MECH-2,2026-2027,7,ritu.choudhury.4130@smartcampus.edu,9866339975
Preeti Shah,2004-06-17,ECE,ECE-1,2026-2027,7,preeti.shah.4131@smartcampus.edu,9822941003
Sunita Pandey,2005-05-03,CSM,CSM-1,2026-2027,3,sunita.pandey.4132@smartcampus.edu,9882419451
Kavya Rao,2006-04-28,EEE,EEE-2,2026-2027,3,kavya.rao.4133@smartcampus.edu,9888873791
Navya Mishra,2006-07-22,CSE,CSE-3,2026-2027,5,navya.mishra.4134@smartcampus.edu,9813237070
Pooja Mishra,2005-11-16,ECE,ECE-1,2026-2027,7,pooja.mishra.4135@smartcampus.edu,9848280321
Ishaan Malhotra,2003-07-15,ECE,ECE-1,2026-2027,5,ishaan.malhotra.4136@smartcampus.edu,9854971373
Riya Kulkarni,2003-10-21,CAD,CAD-2,2026-2027,5,riya.kulkarni.4137@smartcampus.edu,9869347495
Gautam Kumar,2005-06-06,CSE,CSE-2,2026-2027,3,gautam.kumar.4138@smartcampus.edu,9823652968
Rithvik Pandey,2006-02-01,ECE,ECE-1,2026-2027,3,rithvik.pandey.4139@smartcampus.edu,9854127673
Harish Bhat,2003-07-20,EEE,EEE-2,2026-2027,3,harish.bhat.4140@smartcampus.edu,9814539691
Preeti Verma,2005-07-02,ECE,ECE-1,2026-2027,3,preeti.verma.4141@smartcampus.edu,9860274252
Zoya Saxena,2004-08-02,MECH,MECH-1,2026-2027,5,zoya.saxena.4142@smartcampus.edu,9846867082
Siddharth Patel,2006-09-20,CSE,CSE-1,2026-2027,7,siddharth.patel.4143@smartcampus.edu,9870608061
Saanvi Sharma,2006-10-14,ECE,ECE-1,2026-2027,5,saanvi.sharma.4144@smartcampus.edu,9850433418
Saanvi Choudhury,2003-02-14,CSM,CSM-1,2026-2027,3,saanvi.choudhury.4145@smartcampus.edu,9819980568
Meera Nair,2006-05-29,CSE,CSE-1,2026-2027,7,meera.nair.4146@smartcampus.edu,9895738496
Aaryan Joshi,2006-03-28,ECE,ECE-2,2026-2027,3,aaryan.joshi.4147@smartcampus.edu,9856712809
Neha Pandey,2006-05-31,CSE,CSE-1,2026-2027,5,neha.pandey.4148@smartcampus.edu,9889805692
Sneha Joshi,2004-08-25,CSM,CSM-1,2026-2027,5,sneha.joshi.4149@smartcampus.edu,9828514511
Riya Malhotra,2003-01-05,CSE,CSE-3,2026-2027,3,riya.malhotra.4150@smartcampus.edu,9846245791
Navya Kulkarni,2003-06-21,CSE,CSE-3,2026-2027,7,navya.kulkarni.4151@smartcampus.edu,9895067280
Sara Patel,2003-07-28,CSE,CSE-1,2026-2027,7,sara.patel.4152@smartcampus.edu,9836145776
Neha Banerjee,2005-11-21,CSM,CSM-1,2026-2027,3,neha.banerjee.4153@smartcampus.edu,9825705815
Ananya Ghosh,2005-05-15,ECE,ECE-1,2026-2027,7,ananya.ghosh.4154@smartcampus.edu,9870864332
Neha Mehta,2005-05-31,ECE,ECE-1,2026-2027,3,neha.mehta.4155@smartcampus.edu,9895941101
Pooja Saxena,2004-05-17,MECH,MECH-2,2026-2027,3,pooja.saxena.4156@smartcampus.edu,9876282137
Prisha Chopra,2005-04-27,CAD,CAD-2,2026-2027,5,prisha.chopra.4157@smartcampus.edu,9865025593
Aaryan Choudhury,2003-01-12,CSM,CSM-2,2026-2027,7,aaryan.choudhury.4158@smartcampus.edu,9899988513
Simran Patil,2005-07-11,CSE,CSE-1,2026-2027,5,simran.patil.4159@smartcampus.edu,9827929899
Dhruv Agarwal,2005-01-08,CSE,CSE-3,2026-2027,5,dhruv.agarwal.4160@smartcampus.edu,9851048227
Diya Bhat,2004-02-19,CAD,CAD-1,2026-2027,7,diya.bhat.4161@smartcampus.edu,9820182063
Priya Banerjee,2004-12-26,CSE,CSE-3,2026-2027,7,priya.banerjee.4162@smartcampus.edu,9860332977
Priya Joshi,2006-03-18,CSE,CSE-1,2026-2027,7,priya.joshi.4163@smartcampus.edu,9865669208
Advaith Pandey,2004-07-13,CSE,CSE-3,2026-2027,3,advaith.pandey.4164@smartcampus.edu,9840984027
Veda Nair,2004-05-01,EEE,EEE-1,2026-2027,5,veda.nair.4165@smartcampus.edu,9871100305
Advik Kulkarni,2006-06-06,EEE,EEE-2,2026-2027,7,advik.kulkarni.4166@smartcampus.edu,9897536130
Shaurya Mehta,2004-10-06,CSE,CSE-3,2026-2027,3,shaurya.mehta.4167@smartcampus.edu,9896390414
Dhruv Bhat,2003-02-25,CSE,CSE-2,2026-2027,7,dhruv.bhat.4168@smartcampus.edu,9852003100
Diya Joshi,2004-04-19,MECH,MECH-1,2026-2027,5,diya.joshi.4169@smartcampus.edu,9867394372
Ishaan Rao,2005-03-02,EEE,EEE-2,2026-2027,7,ishaan.rao.4170@smartcampus.edu,9830827861
Ishaan Singh,2006-09-29,CSE,CSE-2,2026-2027,5,ishaan.singh.4171@smartcampus.edu,9867764051
Arjun Das,2004-09-21,MECH,MECH-1,2026-2027,7,arjun.das.4172@smartcampus.edu,9894427222
Saanvi Agarwal,2005-07-12,CSE,CSE-3,2026-2027,3,saanvi.agarwal.4173@smartcampus.edu,9819050482
Varun Deshmukh,2004-05-15,CSM,CSM-2,2026-2027,7,varun.deshmukh.4174@smartcampus.edu,9868568237
Rithvik Choudhury,2003-08-02,CAD,CAD-2,2026-2027,5,rithvik.choudhury.4175@smartcampus.edu,9888681758
Khushi Patil,2006-07-27,CSE,CSE-2,2026-2027,3,khushi.patil.4176@smartcampus.edu,9857301960
Aarav Saxena,2006-04-26,MECH,MECH-1,2026-2027,5,aarav.saxena.4177@smartcampus.edu,9857110411
Pooja Agarwal,2004-09-25,CSM,CSM-1,2026-2027,7,pooja.agarwal.4178@smartcampus.edu,9822135704
Diya Pandey,2006-06-29,EEE,EEE-2,2026-2027,3,diya.pandey.4179@smartcampus.edu,9891715874
Gautam Mehta,2003-08-22,MECH,MECH-1,2026-2027,5,gautam.mehta.4180@smartcampus.edu,9863319965
Neha Das,2003-03-03,EEE,EEE-1,2026-2027,3,neha.das.4181@smartcampus.edu,9831307119
Diya Singh,2003-02-23,CAD,CAD-1,2026-2027,7,diya.singh.4182@smartcampus.edu,9841386844
Neha Ghosh,2004-02-09,CSM,CSM-2,2026-2027,3,neha.ghosh.4183@smartcampus.edu,9863905885
Ayaan Rao,2005-09-10,CSM,CSM-2,2026-2027,3,ayaan.rao.4184@smartcampus.edu,9899427202
Diya Rao,2005-02-21,CSE,CSE-2,2026-2027,5,diya.rao.4185@smartcampus.edu,9884562663
Shreya Sharma,2004-08-04,CSM,CSM-1,2026-2027,5,shreya.sharma.4186@smartcampus.edu,9817067947
Aarav Rao,2004-09-11,CSE,CSE-2,2026-2027,5,aarav.rao.4187@smartcampus.edu,9858073719
Swati Chatterjee,2006-11-26,CSE,CSE-3,2026-2027,3,swati.chatterjee.4188@smartcampus.edu,9818064088
Pari Bhat,2004-09-27,CSE,CSE-1,2026-2027,3,pari.bhat.4189@smartcampus.edu,9839026183
Nikhil Kapoor,2006-09-30,CSE,CSE-2,2026-2027,7,nikhil.kapoor.4190@smartcampus.edu,9862955521
Kabir Sharma,2004-08-16,CAD,CAD-1,2026-2027,3,kabir.sharma.4191@smartcampus.edu,9856482210
Sneha Chopra,2003-03-07,ECE,ECE-1,2026-2027,7,sneha.chopra.4192@smartcampus.edu,9883416299
Pooja Rao,2006-07-19,ECE,ECE-1,2026-2027,7,pooja.rao.4193@smartcampus.edu,9868190473
Advik Kulkarni,2005-09-20,CSM,CSM-2,2026-2027,3,advik.kulkarni.4194@smartcampus.edu,9836603598
Advik Shah,2004-03-06,CSE,CSE-3,2026-2027,7,advik.shah.4195@smartcampus.edu,9899094057
Harish Bose,2005-07-01,CAD,CAD-1,2026-2027,5,harish.bose.4196@smartcampus.edu,9822849096
Aditya Kapoor,2005-02-13,EEE,EEE-2,2026-2027,5,aditya.kapoor.4197@smartcampus.edu,9861380565
Diya Mishra,2005-03-11,EEE,EEE-2,2026-2027,3,diya.mishra.4198@smartcampus.edu,9850449824
Deepak Singh,2006-05-07,CAD,CAD-2,2026-2027,7,deepak.singh.4199@smartcampus.edu,9877432155
Veda Kumar,2005-03-24,EEE,EEE-2,2026-2027,7,veda.kumar.4200@smartcampus.edu,9819353284
Dhruv Shah,2006-04-29,CSE,CSE-2,2026-2027,3,dhruv.shah.4201@smartcampus.edu,9841564905
Gautam Deshmukh,2004-08-21,ECE,ECE-2,2026-2027,5,gautam.deshmukh.4202@smartcampus.edu,9871187514
Ananya Shah,2003-07-17,ECE,ECE-1,2026-2027,3,ananya.shah.4203@smartcampus.edu,9827356746
Siya Agarwal,2003-11-06,CAD,CAD-1,2026-2027,3,siya.agarwal.4204@smartcampus.edu,9864377386
Saanvi Patel,2006-12-27,CSM,CSM-1,2026-2027,7,saanvi.patel.4205@smartcampus.edu,9823477715
Meera Reddy,2004-05-08,MECH,MECH-2,2026-2027,3,meera.reddy.4206@smartcampus.edu,9821292172
Vihaan Kapoor,2006-08-12,EEE,EEE-1,2026-2027,3,vihaan.kapoor.4207@smartcampus.edu,9878797896
Nikhil Deshmukh,2005-05-27,CSM,CSM-2,2026-2027,5,nikhil.deshmukh.4208@smartcampus.edu,9897252402
Kabir Patil,2005-10-18,CSM,CSM-2,2026-2027,5,kabir.patil.4209@smartcampus.edu,9833486405
Reyansh Gupta,2003-06-01,ECE,ECE-1,2026-2027,3,reyansh.gupta.4210@smartcampus.edu,9810016252
Zoya Ghosh,2005-02-15,ECE,ECE-1,2026-2027,3,zoya.ghosh.4211@smartcampus.edu,9889270220
Vihaan Rao,2005-03-11,CSM,CSM-2,2026-2027,7,vihaan.rao.4212@smartcampus.edu,9822687468
Pari Sharma,2005-11-24,CSE,CSE-3,2026-2027,5,pari.sharma.4213@smartcampus.edu,9873099804
Meera Pandey,2006-11-09,CSE,CSE-2,2026-2027,5,meera.pandey.4214@smartcampus.edu,9868038758
Sai Iyer,2003-03-22,CSM,CSM-2,2026-2027,7,sai.iyer.4215@smartcampus.edu,9821080401
Manish Chopra,2003-07-09,CSE,CSE-3,2026-2027,5,manish.chopra.4216@smartcampus.edu,9838423497
Vihaan Reddy,2004-04-19,CSM,CSM-2,2026-2027,7,vihaan.reddy.4217@smartcampus.edu,9863921921
Siddharth Pandey,2006-01-16,CAD,CAD-1,2026-2027,7,siddharth.pandey.4218@smartcampus.edu,9889040379
Gauri Kapoor,2004-07-04,CSE,CSE-2,2026-2027,7,gauri.kapoor.4219@smartcampus.edu,9846027143
Prisha Verma,2005-11-20,ECE,ECE-1,2026-2027,5,prisha.verma.4220@smartcampus.edu,9890215811
Saanvi Mehta,2006-05-11,EEE,EEE-2,2026-2027,7,saanvi.mehta.4221@smartcampus.edu,9878216447
Navya Nair,2005-08-03,EEE,EEE-1,2026-2027,5,navya.nair.4222@smartcampus.edu,9812542192
Dhruv Das,2006-10-21,MECH,MECH-2,2026-2027,5,dhruv.das.4223@smartcampus.edu,9882502334
Deepak Saxena,2003-07-20,ECE,ECE-1,2026-2027,3,deepak.saxena.4224@smartcampus.edu,9817695956
Siya Saxena,2003-04-17,CAD,CAD-2,2026-2027,5,siya.saxena.4225@smartcampus.edu,9832029663
Simran Singh,2003-12-22,CSM,CSM-2,2026-2027,7,simran.singh.4226@smartcampus.edu,9846202998
Pooja Verma,2005-03-21,CSE,CSE-2,2026-2027,5,pooja.verma.4227@smartcampus.edu,9861189473
Anjali Deshmukh,2003-08-25,CSE,CSE-2,2026-2027,5,anjali.deshmukh.4228@smartcampus.edu,9827574477
Siddharth Deshmukh,2004-05-17,EEE,EEE-1,2026-2027,7,siddharth.deshmukh.4229@smartcampus.edu,9862397457
Preeti Chatterjee,2003-08-18,CSM,CSM-2,2026-2027,3,preeti.chatterjee.4230@smartcampus.edu,9850209157
Swati Mishra,2003-11-21,CSE,CSE-1,2026-2027,5,swati.mishra.4231@smartcampus.edu,9895075785
Diya Nair,2005-07-28,CAD,CAD-1,2026-2027,3,diya.nair.4232@smartcampus.edu,9816698073
Siddharth Reddy,2006-06-22,ECE,ECE-1,2026-2027,5,siddharth.reddy.4233@smartcampus.edu,9825514814
Ritu Malhotra,2005-05-07,CAD,CAD-1,2026-2027,3,ritu.malhotra.4234@smartcampus.edu,9895356164
Swati Bose,2005-02-18,CSE,CSE-3,2026-2027,3,swati.bose.4235@smartcampus.edu,9837022794
Nikhil Singh,2005-04-15,ECE,ECE-1,2026-2027,3,nikhil.singh.4236@smartcampus.edu,9833605845
Advik Kulkarni,2003-01-29,CAD,CAD-1,2026-2027,5,advik.kulkarni.4237@smartcampus.edu,9829568621
Tanvi Shah,2004-01-20,CSE,CSE-3,2026-2027,3,tanvi.shah.4238@smartcampus.edu,9845838293
Sai Bose,2005-04-22,ECE,ECE-2,2026-2027,5,sai.bose.4239@smartcampus.edu,9854752137
Kunal Patil,2003-08-17,CAD,CAD-1,2026-2027,3,kunal.patil.4240@smartcampus.edu,9844219063
Sara Ghosh,2004-06-11,CSM,CSM-1,2026-2027,5,sara.ghosh.4241@smartcampus.edu,9878670997
Kunal Iyer,2006-11-30,MECH,MECH-2,2026-2027,3,kunal.iyer.4242@smartcampus.edu,9856897054
Varun Reddy,2004-06-28,CSM,CSM-1,2026-2027,3,varun.reddy.4243@smartcampus.edu,9839409736
Gautam Banerjee,2004-03-23,ECE,ECE-1,2026-2027,7,gautam.banerjee.4244@smartcampus.edu,9839705153
Advik Bhat,2005-11-03,CSM,CSM-2,2026-2027,3,advik.bhat.4245@smartcampus.edu,9859305526
Dhruv Sharma,2005-08-19,ECE,ECE-1,2026-2027,5,dhruv.sharma.4246@smartcampus.edu,9863566465
Harish Rao,2003-10-17,CSM,CSM-1,2026-2027,7,harish.rao.4247@smartcampus.edu,9883265269
Rahul Bose,2006-04-11,CSE,CSE-3,2026-2027,7,rahul.bose.4248@smartcampus.edu,9852542807
Diya Pandey,2003-05-17,CAD,CAD-2,2026-2027,3,diya.pandey.4249@smartcampus.edu,9820790734
Gautam Patel,2006-08-07,CSM,CSM-1,2026-2027,7,gautam.patel.4250@smartcampus.edu,9850131226
Vihaan Agarwal,2003-02-17,CSE,CSE-2,2026-2027,7,vihaan.agarwal.4251@smartcampus.edu,9868382070
Aaryan Patil,2003-12-29,MECH,MECH-1,2026-2027,5,aaryan.patil.4252@smartcampus.edu,9828155498
Siddharth Kapoor,2006-10-15,MECH,MECH-2,2026-2027,5,siddharth.kapoor.4253@smartcampus.edu,9867410344
Priya Banerjee,2003-03-14,CSE,CSE-3,2026-2027,5,priya.banerjee.4254@smartcampus.edu,9878825684
Aaryan Chopra,2004-07-13,MECH,MECH-2,2026-2027,7,aaryan.chopra.4255@smartcampus.edu,9832556825
Aditya Patil,2006-04-26,CSE,CSE-1,2026-2027,7,aditya.patil.4256@smartcampus.edu,9871169224
Deepak Deshmukh,2004-06-11,ECE,ECE-2,2026-2027,7,deepak.deshmukh.4257@smartcampus.edu,9814422957
Ritu Das,2006-12-11,EEE,EEE-2,2026-2027,3,ritu.das.4258@smartcampus.edu,9894851304
Rithvik Kulkarni,2005-07-31,CSM,CSM-2,2026-2027,7,rithvik.kulkarni.4259@smartcampus.edu,9863299951
Vivaan Kumar,2003-04-15,MECH,MECH-1,2026-2027,3,vivaan.kumar.4260@smartcampus.edu,9832621906
Aaryan Patil,2005-03-21,ECE,ECE-2,2026-2027,7,aaryan.patil.4261@smartcampus.edu,9842258828
Sara Chopra,2005-11-24,CSM,CSM-2,2026-2027,5,sara.chopra.4262@smartcampus.edu,9872317385
Kabir Malhotra,2006-03-02,CSM,CSM-2,2026-2027,7,kabir.malhotra.4263@smartcampus.edu,9849359676
Saanvi Nair,2003-06-18,CSE,CSE-1,2026-2027,3,saanvi.nair.4264@smartcampus.edu,9865327722
Ayaan Nair,2006-07-17,ECE,ECE-1,2026-2027,7,ayaan.nair.4265@smartcampus.edu,9852380318
Ayaan Rao,2003-09-22,CSE,CSE-1,2026-2027,5,ayaan.rao.4266@smartcampus.edu,9894598025
Ananya Shah,2006-04-05,EEE,EEE-2,2026-2027,3,ananya.shah.4267@smartcampus.edu,9836589440
Priya Sharma,2005-05-24,CSE,CSE-3,2026-2027,7,priya.sharma.4268@smartcampus.edu,9835711205
Neha Singh,2006-07-25,CSM,CSM-2,2026-2027,3,neha.singh.4269@smartcampus.edu,9873570282
Tanvi Mehta,2006-01-28,CSM,CSM-1,2026-2027,5,tanvi.mehta.4270@smartcampus.edu,9890621633
Kavya Chopra,2005-02-06,ECE,ECE-2,2026-2027,7,kavya.chopra.4271@smartcampus.edu,9843483148
Kavya Shah,2004-03-19,CSE,CSE-3,2026-2027,7,kavya.shah.4272@smartcampus.edu,9894339962
Kavya Pandey,2006-04-26,EEE,EEE-2,2026-2027,5,kavya.pandey.4273@smartcampus.edu,9823454465
Aaryan Choudhury,2004-01-22,ECE,ECE-1,2026-2027,7,aaryan.choudhury.4274@smartcampus.edu,9868054016
Shreya Gupta,2004-07-08,MECH,MECH-2,2026-2027,3,shreya.gupta.4275@smartcampus.edu,9860522624
Arjun Gupta,2005-03-24,CAD,CAD-2,2026-2027,5,arjun.gupta.4276@smartcampus.edu,9862905676
Myra Bose,2004-11-17,CSM,CSM-1,2026-2027,5,myra.bose.4277@smartcampus.edu,9831709098
Shaurya Patel,2003-07-26,CAD,CAD-1,2026-2027,5,shaurya.patel.4278@smartcampus.edu,9857658225
Advaith Gupta,2003-02-26,CAD,CAD-2,2026-2027,7,advaith.gupta.4279@smartcampus.edu,9836265092
Pooja Patil,2005-04-10,CSM,CSM-2,2026-2027,3,pooja.patil.4280@smartcampus.edu,9839668630
Navya Mehta,2005-03-24,MECH,MECH-1,2026-2027,5,navya.mehta.4281@smartcampus.edu,9859772138
Pranav Pandey,2003-01-25,CSM,CSM-2,2026-2027,5,pranav.pandey.4282@smartcampus.edu,9852564575
Rithvik Reddy,2006-07-11,ECE,ECE-2,2026-2027,5,rithvik.reddy.4283@smartcampus.edu,9885960747
Ishaan Bose,2005-06-29,ECE,ECE-1,2026-2027,3,ishaan.bose.4284@smartcampus.edu,9845566923
Advik Reddy,2003-12-26,CSM,CSM-1,2026-2027,3,advik.reddy.4285@smartcampus.edu,9816286583
Riya Banerjee,2004-09-06,CSE,CSE-2,2026-2027,3,riya.banerjee.4286@smartcampus.edu,9880115700
Anjali Malhotra,2003-11-13,MECH,MECH-2,2026-2027,3,anjali.malhotra.4287@smartcampus.edu,9864576287
Advik Iyer,2006-10-01,CSM,CSM-2,2026-2027,3,advik.iyer.4288@smartcampus.edu,9884786143
Pooja Saxena,2006-01-29,MECH,MECH-1,2026-2027,3,pooja.saxena.4289@smartcampus.edu,9871916946
Vikram Saxena,2006-02-10,CSM,CSM-1,2026-2027,3,vikram.saxena.4290@smartcampus.edu,9847197164
Myra Saxena,2004-06-29,CSE,CSE-2,2026-2027,5,myra.saxena.4291@smartcampus.edu,9879411742
Ishaan Bose,2003-12-13,CSE,CSE-1,2026-2027,3,ishaan.bose.4292@smartcampus.edu,9883574568
Pooja Deshmukh,2004-10-24,CSM,CSM-2,2026-2027,7,pooja.deshmukh.4293@smartcampus.edu,9860925536
Meera Reddy,2004-05-09,MECH,MECH-2,2026-2027,3,meera.reddy.4294@smartcampus.edu,9844825586
Meera Saxena,2006-12-14,CSE,CSE-1,2026-2027,3,meera.saxena.4295@smartcampus.edu,9880813992
Rohan Saxena,2003-11-08,CAD,CAD-2,2026-2027,7,rohan.saxena.4296@smartcampus.edu,9885262212
Ishaan Joshi,2003-04-11,CSM,CSM-1,2026-2027,7,ishaan.joshi.4297@smartcampus.edu,9813918623
Vivaan Chopra,2005-10-25,CSM,CSM-1,2026-2027,5,vivaan.chopra.4298@smartcampus.edu,9861902472
Aditya Singh,2005-08-21,CSE,CSE-2,2026-2027,3,aditya.singh.4299@smartcampus.edu,9867522684
Shaurya Kumar,2004-05-08,EEE,EEE-2,2026-2027,3,shaurya.kumar.4300@smartcampus.edu,9875702424
Kabir Patel,2005-07-08,MECH,MECH-1,2026-2027,3,kabir.patel.4301@smartcampus.edu,9846324575
Riya Bhat,2003-09-16,CAD,CAD-1,2026-2027,5,riya.bhat.4302@smartcampus.edu,9886276456
Zoya Shah,2006-10-26,CSE,CSE-3,2026-2027,5,zoya.shah.4303@smartcampus.edu,9858427272
Prisha Patil,2006-06-22,CAD,CAD-2,2026-2027,5,prisha.patil.4304@smartcampus.edu,9890269988
Ishaan Agarwal,2004-01-12,ECE,ECE-2,2026-2027,7,ishaan.agarwal.4305@smartcampus.edu,9826243104
Pooja Gupta,2006-01-01,MECH,MECH-2,2026-2027,7,pooja.gupta.4306@smartcampus.edu,9846134844
Kavya Kulkarni,2006-10-10,CSM,CSM-1,2026-2027,3,kavya.kulkarni.4307@smartcampus.edu,9814672870
Aarav Chopra,2003-12-30,ECE,ECE-1,2026-2027,5,aarav.chopra.4308@smartcampus.edu,9831119248
Simran Sharma,2005-12-01,CSE,CSE-2,2026-2027,7,simran.sharma.4309@smartcampus.edu,9833421613
Siddharth Shah,2003-01-05,CAD,CAD-2,2026-2027,7,siddharth.shah.4310@smartcampus.edu,9830427892
Sunita Deshmukh,2003-08-31,CSE,CSE-1,2026-2027,5,sunita.deshmukh.4311@smartcampus.edu,9836145148
Aditya Deshmukh,2005-10-16,CSE,CSE-1,2026-2027,7,aditya.deshmukh.4312@smartcampus.edu,9877158733
Ritu Nair,2005-04-29,MECH,MECH-1,2026-2027,7,ritu.nair.4313@smartcampus.edu,9859133420
Ritu Singh,2004-04-10,CSE,CSE-2,2026-2027,5,ritu.singh.4314@smartcampus.edu,9868321076
Kabir Agarwal,2006-06-28,CSE,CSE-2,2026-2027,3,kabir.agarwal.4315@smartcampus.edu,9835775172
Kunal Reddy,2005-05-24,ECE,ECE-1,2026-2027,3,kunal.reddy.4316@smartcampus.edu,9847246239
Varun Kulkarni,2004-08-07,CSM,CSM-2,2026-2027,3,varun.kulkarni.4317@smartcampus.edu,9875495284
Kabir Chatterjee,2005-01-20,ECE,ECE-2,2026-2027,5,kabir.chatterjee.4318@smartcampus.edu,9871355891
Manish Sharma,2003-06-05,CSE,CSE-2,2026-2027,7,manish.sharma.4319@smartcampus.edu,9821883249
Manish Deshmukh,2003-11-18,MECH,MECH-1,2026-2027,5,manish.deshmukh.4320@smartcampus.edu,9892090455
Veda Gupta,2003-11-10,CSM,CSM-2,2026-2027,7,veda.gupta.4321@smartcampus.edu,9899072584
Dhruv Kapoor,2003-09-09,EEE,EEE-1,2026-2027,7,dhruv.kapoor.4322@smartcampus.edu,9862794458
Vihaan Ghosh,2005-04-28,CAD,CAD-2,2026-2027,5,vihaan.ghosh.4323@smartcampus.edu,9879599880
Aaryan Pandey,2006-08-16,CSM,CSM-1,2026-2027,3,aaryan.pandey.4324@smartcampus.edu,9824169510
Pranav Das,2006-10-20,EEE,EEE-2,2026-2027,3,pranav.das.4325@smartcampus.edu,9856591230
Sunita Chatterjee,2006-11-24,CSM,CSM-1,2026-2027,3,sunita.chatterjee.4326@smartcampus.edu,9879837213
Shaurya Shah,2004-05-04,EEE,EEE-1,2026-2027,3,shaurya.shah.4327@smartcampus.edu,9840418381
Riya Ghosh,2005-10-20,ECE,ECE-2,2026-2027,5,riya.ghosh.4328@smartcampus.edu,9824304674
Priya Joshi,2003-02-18,ECE,ECE-2,2026-2027,5,priya.joshi.4329@smartcampus.edu,9841581593
Rohan Patil,2004-03-17,ECE,ECE-2,2026-2027,3,rohan.patil.4330@smartcampus.edu,9849721193
Riya Singh,2006-10-23,MECH,MECH-1,2026-2027,3,riya.singh.4331@smartcampus.edu,9845317121
Aditya Saxena,2005-06-29,ECE,ECE-2,2026-2027,5,aditya.saxena.4332@smartcampus.edu,9844922590
Varun Singh,2003-05-22,CSM,CSM-1,2026-2027,7,varun.singh.4333@smartcampus.edu,9842716339
Pooja Pandey,2003-05-02,CSE,CSE-1,2026-2027,7,pooja.pandey.4334@smartcampus.edu,9819767409
Manish Saxena,2004-01-17,ECE,ECE-1,2026-2027,7,manish.saxena.4335@smartcampus.edu,9817702991
Shreya Mishra,2003-03-01,ECE,ECE-1,2026-2027,7,shreya.mishra.4336@smartcampus.edu,9882432414
Shaurya Choudhury,2003-06-09,CSE,CSE-3,2026-2027,5,shaurya.choudhury.4337@smartcampus.edu,9863381849
Khushi Singh,2005-02-06,CSM,CSM-2,2026-2027,3,khushi.singh.4338@smartcampus.edu,9889095006
Advaith Bose,2006-01-29,CSM,CSM-1,2026-2027,5,advaith.bose.4339@smartcampus.edu,9861623592
Ananya Pandey,2003-07-02,MECH,MECH-2,2026-2027,5,ananya.pandey.4340@smartcampus.edu,9875988467
Vivaan Joshi,2004-12-31,CAD,CAD-1,2026-2027,3,vivaan.joshi.4341@smartcampus.edu,9825002240
Pranav Kapoor,2003-07-13,CSM,CSM-1,2026-2027,5,pranav.kapoor.4342@smartcampus.edu,9827263477
Ishaan Chatterjee,2005-08-11,CSM,CSM-1,2026-2027,3,ishaan.chatterjee.4343@smartcampus.edu,9840680603
Ishaan Banerjee,2004-01-11,ECE,ECE-2,2026-2027,5,ishaan.banerjee.4344@smartcampus.edu,9873043719
Tanvi Joshi,2004-07-08,CSM,CSM-2,2026-2027,5,tanvi.joshi.4345@smartcampus.edu,9888171009
Pooja Rao,2004-01-13,CSM,CSM-1,2026-2027,7,pooja.rao.4346@smartcampus.edu,9898441987
Shaurya Banerjee,2005-08-06,CSE,CSE-2,2026-2027,5,shaurya.banerjee.4347@smartcampus.edu,9830360179
Shaurya Patel,2005-10-31,MECH,MECH-2,2026-2027,5,shaurya.patel.4348@smartcampus.edu,9829443298
Sneha Joshi,2004-07-31,CSM,CSM-1,2026-2027,3,sneha.joshi.4349@smartcampus.edu,9845752376
Swati Kumar,2005-07-09,CSE,CSE-3,2026-2027,5,swati.kumar.4350@smartcampus.edu,9827743192
Veda Bhat,2006-02-03,MECH,MECH-2,2026-2027,3,veda.bhat.4351@smartcampus.edu,9871946005
Ishaan Bhat,2004-12-02,MECH,MECH-1,2026-2027,3,ishaan.bhat.4352@smartcampus.edu,9886093172
Arjun Pandey,2005-12-26,ECE,ECE-1,2026-2027,7,arjun.pandey.4353@smartcampus.edu,9860240849
Ishita Kulkarni,2004-10-07,ECE,ECE-1,2026-2027,5,ishita.kulkarni.4354@smartcampus.edu,9893963579
Simran Agarwal,2004-08-11,CSE,CSE-3,2026-2027,7,simran.agarwal.4355@smartcampus.edu,9854023697
Gautam Shah,2003-08-15,CSM,CSM-2,2026-2027,7,gautam.shah.4356@smartcampus.edu,9822595653
Shaurya Verma,2005-11-04,CSM,CSM-2,2026-2027,3,shaurya.verma.4357@smartcampus.edu,9833903875
Sai Verma,2006-09-23,ECE,ECE-2,2026-2027,5,sai.verma.4358@smartcampus.edu,9835823301
Zoya Chopra,2006-07-09,CSM,CSM-2,2026-2027,3,zoya.chopra.4359@smartcampus.edu,9818559520
Sneha Das,2003-12-29,ECE,ECE-1,2026-2027,3,sneha.das.4360@smartcampus.edu,9845331167
Ishita Joshi,2006-11-13,CSE,CSE-2,2026-2027,7,ishita.joshi.4361@smartcampus.edu,9878363943
Gauri Mehta,2003-12-23,MECH,MECH-2,2026-2027,3,gauri.mehta.4362@smartcampus.edu,9837627945
Riya Nair,2003-01-21,ECE,ECE-1,2026-2027,3,riya.nair.4363@smartcampus.edu,9823499030
Deepak Ghosh,2006-07-14,CSE,CSE-3,2026-2027,3,deepak.ghosh.4364@smartcampus.edu,9831034826
Aaryan Kulkarni,2006-09-18,CSM,CSM-1,2026-2027,5,aaryan.kulkarni.4365@smartcampus.edu,9865051061
Zoya Verma,2006-05-05,CSM,CSM-1,2026-2027,7,zoya.verma.4366@smartcampus.edu,9828938507
Dhruv Kapoor,2004-07-09,CSE,CSE-1,2026-2027,3,dhruv.kapoor.4367@smartcampus.edu,9814234770
Vivaan Deshmukh,2006-01-10,CSE,CSE-3,2026-2027,3,vivaan.deshmukh.4368@smartcampus.edu,9827330643
Gautam Patel,2006-07-10,CSE,CSE-1,2026-2027,5,gautam.patel.4369@smartcampus.edu,9866405525
Navya Patel,2005-02-22,EEE,EEE-1,2026-2027,5,navya.patel.4370@smartcampus.edu,9811053132
Reyansh Kumar,2004-01-23,CAD,CAD-2,2026-2027,3,reyansh.kumar.4371@smartcampus.edu,9874998486
Aditya Patel,2006-09-10,ECE,ECE-2,2026-2027,7,aditya.patel.4372@smartcampus.edu,9899685180
Siya Joshi,2005-08-07,MECH,MECH-2,2026-2027,7,siya.joshi.4373@smartcampus.edu,9892853137
Neha Chopra,2005-06-22,CSM,CSM-2,2026-2027,3,neha.chopra.4374@smartcampus.edu,9837591392
Prisha Kapoor,2003-10-16,EEE,EEE-1,2026-2027,5,prisha.kapoor.4375@smartcampus.edu,9867213800
Pranav Chatterjee,2005-09-14,CSE,CSE-3,2026-2027,5,pranav.chatterjee.4376@smartcampus.edu,9850310743
Kavya Gupta,2006-02-16,CAD,CAD-2,2026-2027,5,kavya.gupta.4377@smartcampus.edu,9811583148
Dhruv Das,2004-03-09,CSE,CSE-2,2026-2027,7,dhruv.das.4378@smartcampus.edu,9881509276
Sara Agarwal,2004-10-16,CSM,CSM-2,2026-2027,7,sara.agarwal.4379@smartcampus.edu,9876059395
Zoya Ghosh,2003-09-03,CSE,CSE-1,2026-2027,5,zoya.ghosh.4380@smartcampus.edu,9863982124
Priya Choudhury,2004-08-24,EEE,EEE-1,2026-2027,7,priya.choudhury.4381@smartcampus.edu,9879113327
Swati Joshi,2005-06-04,CSE,CSE-1,2026-2027,3,swati.joshi.4382@smartcampus.edu,9814697190
Atharva Singh,2004-08-06,ECE,ECE-1,2026-2027,7,atharva.singh.4383@smartcampus.edu,9878672835
Sara Mishra,2005-10-20,ECE,ECE-2,2026-2027,3,sara.mishra.4384@smartcampus.edu,9850736082
Myra Reddy,2004-08-06,CSE,CSE-1,2026-2027,3,myra.reddy.4385@smartcampus.edu,9819486879
Kavya Patil,2005-09-18,CSM,CSM-2,2026-2027,7,kavya.patil.4386@smartcampus.edu,9868077376
Simran Agarwal,2003-09-13,CSE,CSE-3,2026-2027,7,simran.agarwal.4387@smartcampus.edu,9868182478
Khushi Choudhury,2006-09-15,EEE,EEE-1,2026-2027,5,khushi.choudhury.4388@smartcampus.edu,9816813304
Pranav Bose,2003-02-14,CSE,CSE-3,2026-2027,7,pranav.bose.4389@smartcampus.edu,9863463228
Pooja Chatterjee,2005-07-18,CSE,CSE-2,2026-2027,5,pooja.chatterjee.4390@smartcampus.edu,9891164585
Khushi Kapoor,2004-08-11,CSM,CSM-1,2026-2027,3,khushi.kapoor.4391@smartcampus.edu,9892634078
Anjali Rao,2003-01-03,CSE,CSE-1,2026-2027,3,anjali.rao.4392@smartcampus.edu,9886242159
Gauri Nair,2006-05-04,CSE,CSE-3,2026-2027,3,gauri.nair.4393@smartcampus.edu,9828740466
Vikram Malhotra,2006-03-22,ECE,ECE-1,2026-2027,7,vikram.malhotra.4394@smartcampus.edu,9850012142
Vivaan Joshi,2003-03-04,CSM,CSM-2,2026-2027,7,vivaan.joshi.4395@smartcampus.edu,9892241721
Nikhil Sharma,2004-04-21,CSM,CSM-1,2026-2027,5,nikhil.sharma.4396@smartcampus.edu,9841503816
Kavya Bhat,2004-08-10,ECE,ECE-2,2026-2027,7,kavya.bhat.4397@smartcampus.edu,9848908515
Saanvi Chatterjee,2004-06-13,CSE,CSE-3,2026-2027,3,saanvi.chatterjee.4398@smartcampus.edu,9834363520
Siddharth Patil,2004-08-18,CSE,CSE-1,2026-2027,7,siddharth.patil.4399@smartcampus.edu,9895995648
Sai Joshi,2006-07-18,CSE,CSE-1,2026-2027,7,sai.joshi.4400@smartcampus.edu,9855648395
Siddharth Kapoor,2004-08-20,CSM,CSM-2,2026-2027,5,siddharth.kapoor.4401@smartcampus.edu,9825477907
Gautam Bose,2006-11-09,CSM,CSM-1,2026-2027,5,gautam.bose.4402@smartcampus.edu,9858419685
Rithvik Saxena,2004-02-11,CAD,CAD-2,2026-2027,5,rithvik.saxena.4403@smartcampus.edu,9893020542
Khushi Choudhury,2005-10-25,CSM,CSM-2,2026-2027,5,khushi.choudhury.4404@smartcampus.edu,9862736213
Vivaan Rao,2006-12-06,CSE,CSE-2,2026-2027,3,vivaan.rao.4405@smartcampus.edu,9812003368
Siddharth Bose,2005-08-14,CAD,CAD-1,2026-2027,5,siddharth.bose.4406@smartcampus.edu,9829833586
Tanvi Patil,2005-10-21,CSE,CSE-3,2026-2027,3,tanvi.patil.4407@smartcampus.edu,9855234205
Krishna Rao,2006-09-12,ECE,ECE-1,2026-2027,7,krishna.rao.4408@smartcampus.edu,9877276324
Siya Malhotra,2005-04-07,CSE,CSE-1,2026-2027,7,siya.malhotra.4409@smartcampus.edu,9869142876
Veda Mehta,2005-03-12,ECE,ECE-1,2026-2027,5,veda.mehta.4410@smartcampus.edu,9892876080
Sneha Deshmukh,2003-03-05,CAD,CAD-2,2026-2027,5,sneha.deshmukh.4411@smartcampus.edu,9828140186
Siya Nair,2006-08-06,CSM,CSM-2,2026-2027,5,siya.nair.4412@smartcampus.edu,9874240927
Pranav Iyer,2006-10-05,CSE,CSE-2,2026-2027,3,pranav.iyer.4413@smartcampus.edu,9835936554
Saanvi Chopra,2005-10-28,CSE,CSE-3,2026-2027,3,saanvi.chopra.4414@smartcampus.edu,9839436496
Sara Patil,2003-11-18,ECE,ECE-1,2026-2027,7,sara.patil.4415@smartcampus.edu,9843998353
Tanvi Joshi,2003-04-17,CSM,CSM-1,2026-2027,3,tanvi.joshi.4416@smartcampus.edu,9853269128
Arjun Pandey,2004-09-08,CSE,CSE-2,2026-2027,5,arjun.pandey.4417@smartcampus.edu,9879167673
Aarav Choudhury,2004-10-09,CSE,CSE-3,2026-2027,7,aarav.choudhury.4418@smartcampus.edu,9819853405
Tanvi Agarwal,2006-11-21,CSE,CSE-2,2026-2027,5,tanvi.agarwal.4419@smartcampus.edu,9883122494
Advik Patil,2003-04-04,CSM,CSM-1,2026-2027,7,advik.patil.4420@smartcampus.edu,9829366156
Shreya Chatterjee,2003-07-03,CSM,CSM-1,2026-2027,5,shreya.chatterjee.4421@smartcampus.edu,9855941580
Sunita Sharma,2003-07-02,MECH,MECH-2,2026-2027,7,sunita.sharma.4422@smartcampus.edu,9877714476
Veda Patil,2005-03-05,CSE,CSE-3,2026-2027,3,veda.patil.4423@smartcampus.edu,9891701697
Sneha Nair,2005-12-14,CAD,CAD-1,2026-2027,3,sneha.nair.4424@smartcampus.edu,9825778096
Reyansh Patel,2005-09-15,CSE,CSE-2,2026-2027,3,reyansh.patel.4425@smartcampus.edu,9819933348
Pranav Reddy,2006-06-11,CSE,CSE-3,2026-2027,7,pranav.reddy.4426@smartcampus.edu,9888284328
Nikhil Das,2006-08-14,ECE,ECE-1,2026-2027,7,nikhil.das.4427@smartcampus.edu,9837305448
Ritu Saxena,2004-07-02,MECH,MECH-2,2026-2027,3,ritu.saxena.4428@smartcampus.edu,9881755927
Vivaan Das,2005-10-24,CSE,CSE-1,2026-2027,3,vivaan.das.4429@smartcampus.edu,9898456926
Tanvi Bose,2006-07-12,MECH,MECH-2,2026-2027,7,tanvi.bose.4430@smartcampus.edu,9898768473
Ritu Deshmukh,2003-07-01,CSE,CSE-1,2026-2027,5,ritu.deshmukh.4431@smartcampus.edu,9810541241
Neha Bose,2005-11-12,ECE,ECE-2,2026-2027,5,neha.bose.4432@smartcampus.edu,9847253902
Divya Choudhury,2005-08-22,CSM,CSM-2,2026-2027,7,divya.choudhury.4433@smartcampus.edu,9859152695
Siya Singh,2006-03-05,EEE,EEE-2,2026-2027,7,siya.singh.4434@smartcampus.edu,9884905256
Myra Das,2003-02-27,CSM,CSM-2,2026-2027,7,myra.das.4435@smartcampus.edu,9896656162
Navya Chatterjee,2004-09-30,CAD,CAD-1,2026-2027,7,navya.chatterjee.4436@smartcampus.edu,9858802855
Ishaan Pandey,2003-08-06,CSE,CSE-1,2026-2027,7,ishaan.pandey.4437@smartcampus.edu,9850523230
Simran Kapoor,2006-04-27,CSM,CSM-1,2026-2027,3,simran.kapoor.4438@smartcampus.edu,9886619001
Khushi Patel,2003-02-01,CSE,CSE-1,2026-2027,3,khushi.patel.4439@smartcampus.edu,9830668249
Vikram Mishra,2003-09-02,CSM,CSM-1,2026-2027,5,vikram.mishra.4440@smartcampus.edu,9810978250
Ayaan Bose,2005-10-01,ECE,ECE-2,2026-2027,7,ayaan.bose.4441@smartcampus.edu,9868392567
Arjun Ghosh,2003-10-25,CSM,CSM-1,2026-2027,3,arjun.ghosh.4442@smartcampus.edu,9857081158
Vihaan Mehta,2004-03-23,EEE,EEE-1,2026-2027,3,vihaan.mehta.4443@smartcampus.edu,9889709529
Rithvik Nair,2004-09-28,EEE,EEE-1,2026-2027,3,rithvik.nair.4444@smartcampus.edu,9897495504
Swati Banerjee,2005-09-27,CSE,CSE-3,2026-2027,5,swati.banerjee.4445@smartcampus.edu,9826937251
Siddharth Chopra,2005-07-19,CSM,CSM-2,2026-2027,3,siddharth.chopra.4446@smartcampus.edu,9812441629
Ananya Reddy,2004-10-01,CSM,CSM-1,2026-2027,5,ananya.reddy.4447@smartcampus.edu,9864456147
Navya Pandey,2004-05-02,CAD,CAD-2,2026-2027,3,navya.pandey.4448@smartcampus.edu,9839118570
Manish Sharma,2005-09-23,CSM,CSM-2,2026-2027,7,manish.sharma.4449@smartcampus.edu,9884348246
Riya Mehta,2005-01-23,CSE,CSE-2,2026-2027,7,riya.mehta.4450@smartcampus.edu,9849074177
Shaurya Iyer,2003-03-28,MECH,MECH-2,2026-2027,3,shaurya.iyer.4451@smartcampus.edu,9851524055
Vivaan Joshi,2004-08-27,CSM,CSM-2,2026-2027,3,vivaan.joshi.4452@smartcampus.edu,9851081329
Krishna Agarwal,2006-07-17,CSE,CSE-3,2026-2027,7,krishna.agarwal.4453@smartcampus.edu,9885957436
Ayaan Choudhury,2004-12-18,MECH,MECH-1,2026-2027,5,ayaan.choudhury.4454@smartcampus.edu,9814602884
Navya Reddy,2005-11-17,CAD,CAD-2,2026-2027,3,navya.reddy.4455@smartcampus.edu,9849042189
Sneha Iyer,2006-08-02,ECE,ECE-1,2026-2027,5,sneha.iyer.4456@smartcampus.edu,9837235664
Reyansh Patil,2005-09-24,CSE,CSE-2,2026-2027,3,reyansh.patil.4457@smartcampus.edu,9882888282
Sunita Shah,2005-01-15,CAD,CAD-2,2026-2027,5,sunita.shah.4458@smartcampus.edu,9813339296
Vivaan Kapoor,2006-11-21,CSE,CSE-3,2026-2027,5,vivaan.kapoor.4459@smartcampus.edu,9888769800
Navya Kapoor,2004-10-31,CSE,CSE-2,2026-2027,3,navya.kapoor.4460@smartcampus.edu,9835690837
Kunal Malhotra,2005-12-03,CSM,CSM-2,2026-2027,3,kunal.malhotra.4461@smartcampus.edu,9829518592
Reyansh Ghosh,2003-02-20,CSM,CSM-1,2026-2027,3,reyansh.ghosh.4462@smartcampus.edu,9877195750
Preeti Bhat,2003-05-15,CSM,CSM-1,2026-2027,7,preeti.bhat.4463@smartcampus.edu,9811331975
Kabir Bhat,2005-09-05,CSE,CSE-1,2026-2027,7,kabir.bhat.4464@smartcampus.edu,9834763585
Rahul Reddy,2003-02-12,CSM,CSM-1,2026-2027,3,rahul.reddy.4465@smartcampus.edu,9821274066
Tanvi Patil,2004-06-18,ECE,ECE-2,2026-2027,5,tanvi.patil.4466@smartcampus.edu,9865599024
Aarav Iyer,2005-04-09,CSE,CSE-3,2026-2027,7,aarav.iyer.4467@smartcampus.edu,9817685263
Siddharth Mehta,2006-06-13,MECH,MECH-2,2026-2027,5,siddharth.mehta.4468@smartcampus.edu,9874791968
Shaurya Agarwal,2003-11-22,CSE,CSE-1,2026-2027,3,shaurya.agarwal.4469@smartcampus.edu,9811385728
Arjun Bose,2004-02-08,CSM,CSM-1,2026-2027,3,arjun.bose.4470@smartcampus.edu,9846659650
Siddharth Chatterjee,2005-05-31,CSE,CSE-2,2026-2027,7,siddharth.chatterjee.4471@smartcampus.edu,9849427632
Siddharth Patil,2006-08-26,CSM,CSM-2,2026-2027,3,siddharth.patil.4472@smartcampus.edu,9836448175
Vihaan Kulkarni,2003-03-20,CSM,CSM-1,2026-2027,3,vihaan.kulkarni.4473@smartcampus.edu,9812425702
Sneha Verma,2006-06-09,CAD,CAD-1,2026-2027,7,sneha.verma.4474@smartcampus.edu,9856254025
Sneha Ghosh,2004-12-28,CAD,CAD-2,2026-2027,5,sneha.ghosh.4475@smartcampus.edu,9846390529
Manish Agarwal,2006-12-13,CSE,CSE-2,2026-2027,7,manish.agarwal.4476@smartcampus.edu,9880394051
Preeti Mishra,2006-07-02,CSE,CSE-2,2026-2027,3,preeti.mishra.4477@smartcampus.edu,9878497534
Kabir Choudhury,2006-12-19,MECH,MECH-2,2026-2027,3,kabir.choudhury.4478@smartcampus.edu,9864607826
Aaryan Rao,2004-09-26,CSE,CSE-2,2026-2027,5,aaryan.rao.4479@smartcampus.edu,9870136331
Nikhil Pandey,2005-07-03,CSM,CSM-1,2026-2027,5,nikhil.pandey.4480@smartcampus.edu,9898385972
Rahul Malhotra,2005-02-26,CSE,CSE-1,2026-2027,7,rahul.malhotra.4481@smartcampus.edu,9879948959
Aditya Iyer,2003-08-30,CSE,CSE-2,2026-2027,5,aditya.iyer.4482@smartcampus.edu,9873631505
Ananya Das,2005-01-05,ECE,ECE-2,2026-2027,5,ananya.das.4483@smartcampus.edu,9861668917
Myra Joshi,2005-03-11,EEE,EEE-2,2026-2027,7,myra.joshi.4484@smartcampus.edu,9856352320
Ishaan Ghosh,2006-04-01,CSE,CSE-3,2026-2027,5,ishaan.ghosh.4485@smartcampus.edu,9822333630
Arjun Reddy,2003-06-22,CSE,CSE-1,2026-2027,3,arjun.reddy.4486@smartcampus.edu,9885341336
Pari Kumar,2003-08-26,CSM,CSM-1,2026-2027,7,pari.kumar.4487@smartcampus.edu,9872530215
Ayaan Saxena,2005-12-10,ECE,ECE-2,2026-2027,3,ayaan.saxena.4488@smartcampus.edu,9897107205
Kabir Rao,2004-02-22,MECH,MECH-1,2026-2027,5,kabir.rao.4489@smartcampus.edu,9838393747
Harish Singh,2003-11-13,CSM,CSM-2,2026-2027,7,harish.singh.4490@smartcampus.edu,9821293514
Atharva Mishra,2003-09-01,MECH,MECH-1,2026-2027,3,atharva.mishra.4491@smartcampus.edu,9896958306
Shreya Reddy,2004-12-25,ECE,ECE-1,2026-2027,5,shreya.reddy.4492@smartcampus.edu,9840731811
Prisha Deshmukh,2006-03-05,ECE,ECE-1,2026-2027,5,prisha.deshmukh.4493@smartcampus.edu,9897700507
Gautam Singh,2006-06-13,CSE,CSE-1,2026-2027,3,gautam.singh.4494@smartcampus.edu,9898880029
Prisha Kulkarni,2005-11-27,EEE,EEE-1,2026-2027,7,prisha.kulkarni.4495@smartcampus.edu,9888859315
Myra Patel,2006-04-27,CSM,CSM-2,2026-2027,7,myra.patel.4496@smartcampus.edu,9833670395
Shreya Singh,2004-07-02,CSM,CSM-2,2026-2027,3,shreya.singh.4497@smartcampus.edu,9817665932
Vikram Chatterjee,2005-06-05,CSM,CSM-1,2026-2027,3,vikram.chatterjee.4498@smartcampus.edu,9874574836
Pranav Patel,2006-06-04,CSE,CSE-1,2026-2027,7,pranav.patel.4499@smartcampus.edu,9853424645
Myra Nair,2003-02-04,CSE,CSE-2,2026-2027,7,myra.nair.4500@smartcampus.edu,9829898252
Shreya Reddy,2004-11-13,ECE,ECE-1,2026-2027,7,shreya.reddy.4501@smartcampus.edu,9845343200
Atharva Verma,2004-09-06,CSM,CSM-1,2026-2027,3,atharva.verma.4502@smartcampus.edu,9896664353
Myra Mishra,2004-10-25,CSE,CSE-3,2026-2027,3,myra.mishra.4503@smartcampus.edu,9856321329
Advik Reddy,2005-08-11,CSE,CSE-2,2026-2027,7,advik.reddy.4504@smartcampus.edu,9836622356
Tanvi Deshmukh,2005-10-27,CSE,CSE-1,2026-2027,7,tanvi.deshmukh.4505@smartcampus.edu,9812158721
Harish Mehta,2005-09-08,CSM,CSM-2,2026-2027,7,harish.mehta.4506@smartcampus.edu,9862898458
Sara Choudhury,2005-01-08,CSE,CSE-3,2026-2027,5,sara.choudhury.4507@smartcampus.edu,9881842762
Dhruv Agarwal,2006-10-31,CSE,CSE-1,2026-2027,3,dhruv.agarwal.4508@smartcampus.edu,9843154935
Krishna Chopra,2003-09-11,MECH,MECH-1,2026-2027,5,krishna.chopra.4509@smartcampus.edu,9897484194
Rahul Choudhury,2004-10-05,CAD,CAD-1,2026-2027,5,rahul.choudhury.4510@smartcampus.edu,9813451091
Pooja Reddy,2006-03-13,CSE,CSE-1,2026-2027,5,pooja.reddy.4511@smartcampus.edu,9825241133
Shreya Shah,2003-10-12,MECH,MECH-2,2026-2027,7,shreya.shah.4512@smartcampus.edu,9819517101
Aarav Verma,2004-08-13,CSM,CSM-2,2026-2027,3,aarav.verma.4513@smartcampus.edu,9814733488
Neha Bose,2006-08-24,EEE,EEE-1,2026-2027,7,neha.bose.4514@smartcampus.edu,9829207652
Shaurya Mehta,2003-04-29,ECE,ECE-1,2026-2027,7,shaurya.mehta.4515@smartcampus.edu,9854434429
Vivaan Pandey,2005-12-28,CSE,CSE-1,2026-2027,7,vivaan.pandey.4516@smartcampus.edu,9893262570
Ananya Bose,2005-12-25,MECH,MECH-2,2026-2027,7,ananya.bose.4517@smartcampus.edu,9894709642
Dhruv Rao,2004-05-08,CSM,CSM-1,2026-2027,7,dhruv.rao.4518@smartcampus.edu,9826642526
Vivaan Chatterjee,2005-12-05,CAD,CAD-1,2026-2027,3,vivaan.chatterjee.4519@smartcampus.edu,9827834201
Neha Agarwal,2006-10-10,CSM,CSM-1,2026-2027,5,neha.agarwal.4520@smartcampus.edu,9840832845
Swati Kulkarni,2006-09-25,CSE,CSE-1,2026-2027,5,swati.kulkarni.4521@smartcampus.edu,9899109104
Varun Das,2003-02-03,CSE,CSE-3,2026-2027,7,varun.das.4522@smartcampus.edu,9879498378
Dhruv Saxena,2003-04-28,CSM,CSM-1,2026-2027,3,dhruv.saxena.4523@smartcampus.edu,9826178674
Riya Das,2004-07-20,ECE,ECE-1,2026-2027,3,riya.das.4524@smartcampus.edu,9857552665
Tanvi Bhat,2006-07-28,CSE,CSE-1,2026-2027,3,tanvi.bhat.4525@smartcampus.edu,9836289676
Neha Kapoor,2004-02-11,ECE,ECE-2,2026-2027,3,neha.kapoor.4526@smartcampus.edu,9895839627
Ayaan Pandey,2003-08-05,CSE,CSE-1,2026-2027,3,ayaan.pandey.4527@smartcampus.edu,9859189913
Diya Choudhury,2006-11-24,CSM,CSM-1,2026-2027,7,diya.choudhury.4528@smartcampus.edu,9841044763
Myra Choudhury,2006-06-12,CSM,CSM-2,2026-2027,3,myra.choudhury.4529@smartcampus.edu,9847505181
Simran Shah,2003-07-09,CSM,CSM-2,2026-2027,5,simran.shah.4530@smartcampus.edu,9847274450
Nikhil Shah,2005-09-17,MECH,MECH-1,2026-2027,5,nikhil.shah.4531@smartcampus.edu,9888602853
Myra Mishra,2006-03-14,ECE,ECE-1,2026-2027,7,myra.mishra.4532@smartcampus.edu,9837191573
Prisha Verma,2006-10-27,CAD,CAD-1,2026-2027,7,prisha.verma.4533@smartcampus.edu,9837292976
Preeti Singh,2005-04-12,CSM,CSM-1,2026-2027,3,preeti.singh.4534@smartcampus.edu,9885605312
Divya Patil,2004-09-25,CAD,CAD-1,2026-2027,5,divya.patil.4535@smartcampus.edu,9826409779
Atharva Pandey,2003-08-24,CSM,CSM-2,2026-2027,7,atharva.pandey.4536@smartcampus.edu,9848106707
Shaurya Chatterjee,2006-08-16,CSM,CSM-1,2026-2027,3,shaurya.chatterjee.4537@smartcampus.edu,9882886158
Ritu Bhat,2004-12-06,CSM,CSM-1,2026-2027,5,ritu.bhat.4538@smartcampus.edu,9896315638
Gauri Ghosh,2003-03-31,CSE,CSE-1,2026-2027,3,gauri.ghosh.4539@smartcampus.edu,9890968014
Advaith Rao,2003-10-13,ECE,ECE-1,2026-2027,7,advaith.rao.4540@smartcampus.edu,9886675290
Veda Agarwal,2003-02-24,ECE,ECE-1,2026-2027,5,veda.agarwal.4541@smartcampus.edu,9881637148
Aarav Mehta,2003-06-24,CSE,CSE-3,2026-2027,7,aarav.mehta.4542@smartcampus.edu,9828476439
Manish Agarwal,2005-02-13,EEE,EEE-2,2026-2027,7,manish.agarwal.4543@smartcampus.edu,9850084051
Varun Patil,2006-08-28,CSM,CSM-2,2026-2027,7,varun.patil.4544@smartcampus.edu,9887270420
Siya Shah,2004-11-04,CAD,CAD-1,2026-2027,7,siya.shah.4545@smartcampus.edu,9880853802
Ishaan Singh,2006-03-17,CSE,CSE-3,2026-2027,3,ishaan.singh.4546@smartcampus.edu,9890650385
Prisha Mishra,2005-01-23,CAD,CAD-2,2026-2027,3,prisha.mishra.4547@smartcampus.edu,9873687064
Ishaan Verma,2006-04-22,CSM,CSM-1,2026-2027,5,ishaan.verma.4548@smartcampus.edu,9838110592
Preeti Choudhury,2003-01-11,CSE,CSE-1,2026-2027,7,preeti.choudhury.4549@smartcampus.edu,9858088890
Sai Singh,2003-06-01,MECH,MECH-1,2026-2027,5,sai.singh.4550@smartcampus.edu,9830356418
Prisha Pandey,2004-10-05,CSE,CSE-2,2026-2027,7,prisha.pandey.4551@smartcampus.edu,9816585971
Prisha Sharma,2006-04-18,CSM,CSM-1,2026-2027,3,prisha.sharma.4552@smartcampus.edu,9875768623
Arjun Banerjee,2005-11-18,CSM,CSM-1,2026-2027,7,arjun.banerjee.4553@smartcampus.edu,9897473893
Krishna Das,2004-12-31,CSM,CSM-1,2026-2027,7,krishna.das.4554@smartcampus.edu,9822165676
Ishita Bose,2003-03-26,CAD,CAD-2,2026-2027,5,ishita.bose.4555@smartcampus.edu,9865028640
Atharva Joshi,2005-01-29,CSM,CSM-1,2026-2027,7,atharva.joshi.4556@smartcampus.edu,9865334737
Rohan Bose,2005-12-25,CSM,CSM-2,2026-2027,5,rohan.bose.4557@smartcampus.edu,9848007506
Rahul Joshi,2006-11-12,CSE,CSE-1,2026-2027,5,rahul.joshi.4558@smartcampus.edu,9830053658
Kabir Pandey,2006-12-06,CSM,CSM-1,2026-2027,5,kabir.pandey.4559@smartcampus.edu,9847079359
Meera Das,2006-01-05,CSE,CSE-1,2026-2027,7,meera.das.4560@smartcampus.edu,9820407802
Varun Ghosh,2006-03-19,CSE,CSE-2,2026-2027,3,varun.ghosh.4561@smartcampus.edu,9893810603
Kunal Sharma,2003-07-06,CSE,CSE-2,2026-2027,5,kunal.sharma.4562@smartcampus.edu,9892877859
Rahul Reddy,2003-12-22,ECE,ECE-1,2026-2027,3,rahul.reddy.4563@smartcampus.edu,9851949512
Prisha Shah,2003-02-13,MECH,MECH-1,2026-2027,7,prisha.shah.4564@smartcampus.edu,9816808439
Ritu Pandey,2004-12-04,EEE,EEE-2,2026-2027,7,ritu.pandey.4565@smartcampus.edu,9879942710
Reyansh Mishra,2006-07-01,CSE,CSE-1,2026-2027,7,reyansh.mishra.4566@smartcampus.edu,9888956262
Navya Joshi,2006-09-25,CSM,CSM-2,2026-2027,5,navya.joshi.4567@smartcampus.edu,9818237797
Kabir Pandey,2006-09-02,CSM,CSM-2,2026-2027,3,kabir.pandey.4568@smartcampus.edu,9862897371
Rahul Agarwal,2005-05-23,CSE,CSE-1,2026-2027,5,rahul.agarwal.4569@smartcampus.edu,9888795875
Vihaan Verma,2003-03-21,CSM,CSM-1,2026-2027,7,vihaan.verma.4570@smartcampus.edu,9885279959
Pooja Pandey,2003-07-31,ECE,ECE-1,2026-2027,5,pooja.pandey.4571@smartcampus.edu,9860264242
Sai Chopra,2003-02-25,CSE,CSE-1,2026-2027,5,sai.chopra.4572@smartcampus.edu,9893251312
Manish Deshmukh,2005-04-20,ECE,ECE-2,2026-2027,5,manish.deshmukh.4573@smartcampus.edu,9836658615
Kavya Mehta,2004-01-28,CAD,CAD-2,2026-2027,3,kavya.mehta.4574@smartcampus.edu,9852584113
Pooja Chopra,2004-07-12,MECH,MECH-1,2026-2027,5,pooja.chopra.4575@smartcampus.edu,9832301663
Arjun Sharma,2003-10-11,CSE,CSE-3,2026-2027,3,arjun.sharma.4576@smartcampus.edu,9829138565
Sara Reddy,2004-02-07,CSM,CSM-1,2026-2027,7,sara.reddy.4577@smartcampus.edu,9888148843
Ananya Patil,2004-06-28,CSE,CSE-2,2026-2027,5,ananya.patil.4578@smartcampus.edu,9813279170
Vikram Rao,2004-01-24,EEE,EEE-2,2026-2027,5,vikram.rao.4579@smartcampus.edu,9858517079
Pranav Patel,2006-11-01,CSE,CSE-3,2026-2027,5,pranav.patel.4580@smartcampus.edu,9843599239
Meera Patel,2005-11-05,CSM,CSM-1,2026-2027,5,meera.patel.4581@smartcampus.edu,9874778190
Harish Sharma,2005-12-04,CSE,CSE-1,2026-2027,3,harish.sharma.4582@smartcampus.edu,9841378321
Kabir Shah,2003-12-24,EEE,EEE-1,2026-2027,5,kabir.shah.4583@smartcampus.edu,9856708271
Dhruv Shah,2005-03-15,CSE,CSE-1,2026-2027,7,dhruv.shah.4584@smartcampus.edu,9811287614
Simran Saxena,2004-05-20,ECE,ECE-2,2026-2027,3,simran.saxena.4585@smartcampus.edu,9874141212
Kabir Kumar,2006-08-18,CSM,CSM-2,2026-2027,7,kabir.kumar.4586@smartcampus.edu,9817623703
Kunal Nair,2003-09-30,ECE,ECE-1,2026-2027,7,kunal.nair.4587@smartcampus.edu,9855865376
Reyansh Gupta,2003-09-06,MECH,MECH-2,2026-2027,7,reyansh.gupta.4588@smartcampus.edu,9896702314
Aaryan Malhotra,2005-08-29,ECE,ECE-1,2026-2027,5,aaryan.malhotra.4589@smartcampus.edu,9815449988
Divya Saxena,2006-01-25,CSE,CSE-1,2026-2027,7,divya.saxena.4590@smartcampus.edu,9883942933
Prisha Banerjee,2006-09-13,MECH,MECH-2,2026-2027,5,prisha.banerjee.4591@smartcampus.edu,9828935283
Zoya Rao,2006-09-10,CSE,CSE-2,2026-2027,3,zoya.rao.4592@smartcampus.edu,9828787474
Tanvi Mehta,2003-12-30,CSM,CSM-1,2026-2027,7,tanvi.mehta.4593@smartcampus.edu,9864530769
Navya Shah,2003-07-17,CAD,CAD-2,2026-2027,7,navya.shah.4594@smartcampus.edu,9850429678
Anjali Mishra,2003-04-07,CSE,CSE-1,2026-2027,7,anjali.mishra.4595@smartcampus.edu,9858968726
Siddharth Reddy,2004-08-24,CSE,CSE-1,2026-2027,7,siddharth.reddy.4596@smartcampus.edu,9890194038
Priya Chopra,2004-08-18,MECH,MECH-2,2026-2027,3,priya.chopra.4597@smartcampus.edu,9838821722
Deepak Bhat,2005-02-12,CSM,CSM-2,2026-2027,3,deepak.bhat.4598@smartcampus.edu,9887488284
Navya Patel,2005-01-04,MECH,MECH-2,2026-2027,5,navya.patel.4599@smartcampus.edu,9821007208
Vikram Gupta,2003-09-22,MECH,MECH-2,2026-2027,7,vikram.gupta.4600@smartcampus.edu,9894402672
Tanvi Das,2004-09-13,CAD,CAD-1,2026-2027,5,tanvi.das.4601@smartcampus.edu,9898174705
Rohan Kapoor,2003-12-11,CAD,CAD-2,2026-2027,7,rohan.kapoor.4602@smartcampus.edu,9845327724
Khushi Verma,2005-01-11,CSM,CSM-1,2026-2027,3,khushi.verma.4603@smartcampus.edu,9840462228
Dhruv Agarwal,2006-02-21,ECE,ECE-2,2026-2027,5,dhruv.agarwal.4604@smartcampus.edu,9848026342
Ayaan Banerjee,2006-02-14,CAD,CAD-1,2026-2027,5,ayaan.banerjee.4605@smartcampus.edu,9893026561
Saanvi Shah,2006-12-13,CSM,CSM-1,2026-2027,5,saanvi.shah.4606@smartcampus.edu,9869502240
Aarav Reddy,2004-10-15,EEE,EEE-1,2026-2027,5,aarav.reddy.4607@smartcampus.edu,9896492471
Myra Chopra,2003-11-26,ECE,ECE-1,2026-2027,5,myra.chopra.4608@smartcampus.edu,9875637252
Prisha Pandey,2003-10-27,CAD,CAD-2,2026-2027,5,prisha.pandey.4609@smartcampus.edu,9825769658
Preeti Reddy,2006-11-28,CSE,CSE-2,2026-2027,5,preeti.reddy.4610@smartcampus.edu,9880673903
Kavya Das,2004-01-23,CAD,CAD-2,2026-2027,5,kavya.das.4611@smartcampus.edu,9829924832
Arjun Bhat,2004-09-22,ECE,ECE-2,2026-2027,5,arjun.bhat.4612@smartcampus.edu,9894551260
Deepak Verma,2003-03-11,CAD,CAD-2,2026-2027,5,deepak.verma.4613@smartcampus.edu,9828298402
Nikhil Chopra,2004-03-09,CAD,CAD-2,2026-2027,5,nikhil.chopra.4614@smartcampus.edu,9842511744
Divya Choudhury,2006-08-26,CSE,CSE-1,2026-2027,7,divya.choudhury.4615@smartcampus.edu,9830113403
Vikram Shah,2006-12-18,MECH,MECH-1,2026-2027,3,vikram.shah.4616@smartcampus.edu,9846512486
Prisha Saxena,2003-07-10,CAD,CAD-2,2026-2027,7,prisha.saxena.4617@smartcampus.edu,9853004137
Kabir Saxena,2006-04-14,ECE,ECE-2,2026-2027,7,kabir.saxena.4618@smartcampus.edu,9816362537
Khushi Banerjee,2003-11-28,CSE,CSE-3,2026-2027,5,khushi.banerjee.4619@smartcampus.edu,9853166803
Reyansh Bhat,2003-07-21,CSE,CSE-3,2026-2027,7,reyansh.bhat.4620@smartcampus.edu,9885837282
Reyansh Shah,2006-08-15,MECH,MECH-1,2026-2027,5,reyansh.shah.4621@smartcampus.edu,9861192402
Kavya Mehta,2006-10-29,ECE,ECE-2,2026-2027,3,kavya.mehta.4622@smartcampus.edu,9854920357
Pooja Singh,2006-05-13,ECE,ECE-1,2026-2027,5,pooja.singh.4623@smartcampus.edu,9865668113
Ishaan Verma,2005-08-03,CSE,CSE-3,2026-2027,5,ishaan.verma.4624@smartcampus.edu,9856672474
Riya Deshmukh,2003-02-23,CSM,CSM-1,2026-2027,7,riya.deshmukh.4625@smartcampus.edu,9849687513
Deepak Shah,2006-09-18,CSE,CSE-1,2026-2027,3,deepak.shah.4626@smartcampus.edu,9836310416
Pranav Chatterjee,2003-02-12,CSE,CSE-2,2026-2027,3,pranav.chatterjee.4627@smartcampus.edu,9831453778
Khushi Kulkarni,2006-04-11,CAD,CAD-1,2026-2027,7,khushi.kulkarni.4628@smartcampus.edu,9897754541
Rahul Shah,2004-03-01,ECE,ECE-2,2026-2027,3,rahul.shah.4629@smartcampus.edu,9837022532
Simran Malhotra,2006-08-26,CSE,CSE-1,2026-2027,5,simran.malhotra.4630@smartcampus.edu,9856052582
Ritu Gupta,2006-08-11,ECE,ECE-1,2026-2027,3,ritu.gupta.4631@smartcampus.edu,9865680769
Riya Singh,2003-07-06,CSM,CSM-2,2026-2027,5,riya.singh.4632@smartcampus.edu,9842855214
Navya Chatterjee,2005-09-25,CSE,CSE-1,2026-2027,3,navya.chatterjee.4633@smartcampus.edu,9896267624
Anjali Kapoor,2004-10-05,CSE,CSE-2,2026-2027,5,anjali.kapoor.4634@smartcampus.edu,9876426646
Siddharth Mishra,2003-07-27,ECE,ECE-1,2026-2027,3,siddharth.mishra.4635@smartcampus.edu,9869781582
Saanvi Bose,2004-04-24,CSM,CSM-2,2026-2027,5,saanvi.bose.4636@smartcampus.edu,9856936455
Ritu Deshmukh,2006-09-27,ECE,ECE-2,2026-2027,3,ritu.deshmukh.4637@smartcampus.edu,9812104317
Priya Iyer,2004-03-08,CAD,CAD-1,2026-2027,5,priya.iyer.4638@smartcampus.edu,9852678251
Swati Patel,2004-08-14,CSE,CSE-2,2026-2027,7,swati.patel.4639@smartcampus.edu,9870624612
Sneha Kumar,2003-10-14,CAD,CAD-2,2026-2027,5,sneha.kumar.4640@smartcampus.edu,9813070267
Rohan Bose,2006-01-31,MECH,MECH-2,2026-2027,3,rohan.bose.4641@smartcampus.edu,9833146645
Atharva Pandey,2004-12-15,CSE,CSE-1,2026-2027,7,atharva.pandey.4642@smartcampus.edu,9848242457
Deepak Patel,2003-12-16,CSM,CSM-2,2026-2027,5,deepak.patel.4643@smartcampus.edu,9822389336
Kabir Deshmukh,2005-12-12,CSM,CSM-1,2026-2027,7,kabir.deshmukh.4644@smartcampus.edu,9872074923
Gauri Sharma,2006-03-13,CAD,CAD-2,2026-2027,7,gauri.sharma.4645@smartcampus.edu,9887632246
Dhruv Reddy,2006-02-10,CSE,CSE-2,2026-2027,3,dhruv.reddy.4646@smartcampus.edu,9834895431
Atharva Bhat,2003-02-05,CAD,CAD-2,2026-2027,5,atharva.bhat.4647@smartcampus.edu,9831784079
Pranav Ghosh,2004-08-03,CSE,CSE-2,2026-2027,3,pranav.ghosh.4648@smartcampus.edu,9824091462
Advaith Joshi,2004-01-21,MECH,MECH-1,2026-2027,7,advaith.joshi.4649@smartcampus.edu,9884855623
Advaith Verma,2006-08-22,MECH,MECH-2,2026-2027,5,advaith.verma.4650@smartcampus.edu,9858181396
Deepak Saxena,2005-05-20,ECE,ECE-1,2026-2027,7,deepak.saxena.4651@smartcampus.edu,9847223981
Navya Mehta,2003-05-25,CSE,CSE-2,2026-2027,7,navya.mehta.4652@smartcampus.edu,9816373004
Prisha Kumar,2006-06-23,CAD,CAD-1,2026-2027,7,prisha.kumar.4653@smartcampus.edu,9896286999
Reyansh Rao,2004-10-22,CSE,CSE-2,2026-2027,7,reyansh.rao.4654@smartcampus.edu,9815617382
Saanvi Singh,2006-11-22,CSM,CSM-2,2026-2027,3,saanvi.singh.4655@smartcampus.edu,9876215065
Neha Shah,2004-10-27,CSE,CSE-3,2026-2027,3,neha.shah.4656@smartcampus.edu,9893039231
Priya Saxena,2004-02-05,CSM,CSM-1,2026-2027,7,priya.saxena.4657@smartcampus.edu,9853720805
Ayaan Verma,2005-02-08,CSE,CSE-1,2026-2027,7,ayaan.verma.4658@smartcampus.edu,9881320530
Divya Choudhury,2003-03-18,CSM,CSM-2,2026-2027,3,divya.choudhury.4659@smartcampus.edu,9898975017
Aaryan Ghosh,2005-01-21,CSE,CSE-3,2026-2027,5,aaryan.ghosh.4660@smartcampus.edu,9823705698
Siya Patil,2003-03-31,CSE,CSE-2,2026-2027,3,siya.patil.4661@smartcampus.edu,9877223850
Atharva Deshmukh,2005-02-11,CSE,CSE-3,2026-2027,3,atharva.deshmukh.4662@smartcampus.edu,9861918476
Vihaan Kapoor,2004-07-02,MECH,MECH-1,2026-2027,7,vihaan.kapoor.4663@smartcampus.edu,9835467503
Siya Choudhury,2005-09-24,CSE,CSE-3,2026-2027,7,siya.choudhury.4664@smartcampus.edu,9839228522
Divya Bose,2005-04-08,MECH,MECH-2,2026-2027,3,divya.bose.4665@smartcampus.edu,9885351356
Neha Bose,2003-11-27,CAD,CAD-1,2026-2027,3,neha.bose.4666@smartcampus.edu,9815386035
Varun Rao,2006-12-25,CSE,CSE-3,2026-2027,5,varun.rao.4667@smartcampus.edu,9869350851
Priya Sharma,2006-06-16,CSM,CSM-1,2026-2027,3,priya.sharma.4668@smartcampus.edu,9881847311
Diya Mehta,2005-12-28,EEE,EEE-2,2026-2027,5,diya.mehta.4669@smartcampus.edu,9890563336
Saanvi Rao,2003-04-17,ECE,ECE-1,2026-2027,5,saanvi.rao.4670@smartcampus.edu,9842398811
Swati Pandey,2006-10-09,EEE,EEE-2,2026-2027,3,swati.pandey.4671@smartcampus.edu,9896039002
Pari Banerjee,2005-01-09,CSE,CSE-1,2026-2027,7,pari.banerjee.4672@smartcampus.edu,9856556118
Riya Kulkarni,2005-02-27,CAD,CAD-1,2026-2027,3,riya.kulkarni.4673@smartcampus.edu,9820791778
Rithvik Reddy,2006-08-22,ECE,ECE-1,2026-2027,7,rithvik.reddy.4674@smartcampus.edu,9862627083
Prisha Rao,2005-05-27,CSE,CSE-1,2026-2027,7,prisha.rao.4675@smartcampus.edu,9897227973
Krishna Iyer,2006-04-11,CSM,CSM-2,2026-2027,5,krishna.iyer.4676@smartcampus.edu,9835921895
Khushi Kapoor,2005-04-14,CSM,CSM-2,2026-2027,7,khushi.kapoor.4677@smartcampus.edu,9835256512
Pranav Iyer,2003-04-16,ECE,ECE-2,2026-2027,3,pranav.iyer.4678@smartcampus.edu,9851281713
Atharva Patil,2003-11-17,CSE,CSE-3,2026-2027,5,atharva.patil.4679@smartcampus.edu,9888926966
Anjali Bhat,2004-01-09,MECH,MECH-2,2026-2027,3,anjali.bhat.4680@smartcampus.edu,9871537113
Swati Patil,2004-12-18,EEE,EEE-2,2026-2027,3,swati.patil.4681@smartcampus.edu,9841334657
Meera Singh,2005-02-10,CAD,CAD-2,2026-2027,5,meera.singh.4682@smartcampus.edu,9845323220
Anjali Chatterjee,2006-01-23,EEE,EEE-2,2026-2027,7,anjali.chatterjee.4683@smartcampus.edu,9894474522
Sneha Saxena,2004-04-17,ECE,ECE-1,2026-2027,3,sneha.saxena.4684@smartcampus.edu,9865047268
Sunita Singh,2004-07-02,CSE,CSE-2,2026-2027,7,sunita.singh.4685@smartcampus.edu,9812439253
Anjali Banerjee,2005-11-24,CSM,CSM-2,2026-2027,5,anjali.banerjee.4686@smartcampus.edu,9860173735
Advik Patel,2006-08-17,MECH,MECH-2,2026-2027,3,advik.patel.4687@smartcampus.edu,9841312214
Advaith Sharma,2006-12-10,MECH,MECH-2,2026-2027,5,advaith.sharma.4688@smartcampus.edu,9849508590
Zoya Joshi,2004-12-30,ECE,ECE-1,2026-2027,7,zoya.joshi.4689@smartcampus.edu,9895555503
Sara Rao,2004-04-11,CSE,CSE-2,2026-2027,5,sara.rao.4690@smartcampus.edu,9872343418
Kabir Agarwal,2006-12-10,CSE,CSE-2,2026-2027,3,kabir.agarwal.4691@smartcampus.edu,9859492145
Veda Rao,2006-11-22,MECH,MECH-2,2026-2027,5,veda.rao.4692@smartcampus.edu,9866787687
Vivaan Bhat,2006-10-22,CSM,CSM-2,2026-2027,7,vivaan.bhat.4693@smartcampus.edu,9833848382
Shaurya Choudhury,2005-10-01,CSE,CSE-3,2026-2027,3,shaurya.choudhury.4694@smartcampus.edu,9899317051
Gauri Bhat,2005-12-29,CSE,CSE-1,2026-2027,3,gauri.bhat.4695@smartcampus.edu,9851206882
Dhruv Agarwal,2006-06-05,MECH,MECH-2,2026-2027,7,dhruv.agarwal.4696@smartcampus.edu,9818040162
Kabir Rao,2006-02-17,ECE,ECE-2,2026-2027,3,kabir.rao.4697@smartcampus.edu,9834625119
Myra Rao,2005-08-23,CSE,CSE-1,2026-2027,5,myra.rao.4698@smartcampus.edu,9823007208
Ishita Kapoor,2006-01-03,ECE,ECE-1,2026-2027,3,ishita.kapoor.4699@smartcampus.edu,9896631344
Ishaan Reddy,2003-01-26,ECE,ECE-2,2026-2027,5,ishaan.reddy.4700@smartcampus.edu,9881819925
Aarav Joshi,2006-04-25,CSE,CSE-3,2026-2027,7,aarav.joshi.4701@smartcampus.edu,9838395171
Kunal Banerjee,2006-06-21,CSM,CSM-1,2026-2027,5,kunal.banerjee.4702@smartcampus.edu,9877181261
Sunita Sharma,2005-12-13,CSE,CSE-3,2026-2027,5,sunita.sharma.4703@smartcampus.edu,9871571784
Krishna Mishra,2005-01-07,MECH,MECH-1,2026-2027,7,krishna.mishra.4704@smartcampus.edu,9894477684
Ishita Choudhury,2006-06-05,MECH,MECH-1,2026-2027,5,ishita.choudhury.4705@smartcampus.edu,9843813888
Kunal Shah,2005-06-26,CSE,CSE-1,2026-2027,3,kunal.shah.4706@smartcampus.edu,9889188102
Shaurya Verma,2005-05-18,ECE,ECE-2,2026-2027,5,shaurya.verma.4707@smartcampus.edu,9896520828
Pranav Deshmukh,2004-07-25,CSE,CSE-3,2026-2027,3,pranav.deshmukh.4708@smartcampus.edu,9864034712
Saanvi Agarwal,2004-03-18,CSM,CSM-2,2026-2027,7,saanvi.agarwal.4709@smartcampus.edu,9850014476
Kavya Chatterjee,2006-02-06,CSE,CSE-2,2026-2027,5,kavya.chatterjee.4710@smartcampus.edu,9819976819
Preeti Bose,2006-06-29,MECH,MECH-2,2026-2027,7,preeti.bose.4711@smartcampus.edu,9841471998
Tanvi Chatterjee,2004-04-24,CSM,CSM-1,2026-2027,3,tanvi.chatterjee.4712@smartcampus.edu,9879065528
Reyansh Patil,2003-10-08,ECE,ECE-1,2026-2027,5,reyansh.patil.4713@smartcampus.edu,9854296594
Kabir Shah,2004-12-10,EEE,EEE-2,2026-2027,7,kabir.shah.4714@smartcampus.edu,9888788490
Sai Ghosh,2005-01-24,EEE,EEE-2,2026-2027,5,sai.ghosh.4715@smartcampus.edu,9878028791
Harish Chatterjee,2004-12-28,CSE,CSE-1,2026-2027,7,harish.chatterjee.4716@smartcampus.edu,9884068453
Riya Das,2003-11-13,CSM,CSM-1,2026-2027,7,riya.das.4717@smartcampus.edu,9875004168
Manish Joshi,2005-04-22,MECH,MECH-1,2026-2027,5,manish.joshi.4718@smartcampus.edu,9811994330
Vivaan Verma,2004-05-13,ECE,ECE-1,2026-2027,3,vivaan.verma.4719@smartcampus.edu,9824925530
Anjali Kapoor,2006-05-28,CSE,CSE-1,2026-2027,3,anjali.kapoor.4720@smartcampus.edu,9891215940
Rithvik Deshmukh,2004-07-26,ECE,ECE-2,2026-2027,3,rithvik.deshmukh.4721@smartcampus.edu,9839890304
Navya Kulkarni,2003-07-14,CSM,CSM-2,2026-2027,7,navya.kulkarni.4722@smartcampus.edu,9851316016
Advik Gupta,2003-09-10,EEE,EEE-1,2026-2027,5,advik.gupta.4723@smartcampus.edu,9860820602
Divya Pandey,2005-02-10,CSE,CSE-3,2026-2027,7,divya.pandey.4724@smartcampus.edu,9875669354
Navya Mishra,2006-08-28,CSM,CSM-2,2026-2027,3,navya.mishra.4725@smartcampus.edu,9811935883
Sai Pandey,2004-03-26,ECE,ECE-1,2026-2027,3,sai.pandey.4726@smartcampus.edu,9891174012
Siddharth Agarwal,2006-10-27,EEE,EEE-1,2026-2027,7,siddharth.agarwal.4727@smartcampus.edu,9882890166
Diya Patil,2005-02-02,ECE,ECE-1,2026-2027,7,diya.patil.4728@smartcampus.edu,9860123624
Atharva Ghosh,2005-04-16,CSM,CSM-1,2026-2027,3,atharva.ghosh.4729@smartcampus.edu,9895268514
Preeti Shah,2005-09-09,CSM,CSM-2,2026-2027,3,preeti.shah.4730@smartcampus.edu,9890584298
Tanvi Pandey,2003-09-23,CSE,CSE-2,2026-2027,7,tanvi.pandey.4731@smartcampus.edu,9871806741
Varun Gupta,2005-07-01,CSE,CSE-1,2026-2027,5,varun.gupta.4732@smartcampus.edu,9880136938
Kavya Singh,2005-12-04,CSE,CSE-2,2026-2027,3,kavya.singh.4733@smartcampus.edu,9843338213
Ritu Iyer,2004-07-28,CSE,CSE-3,2026-2027,7,ritu.iyer.4734@smartcampus.edu,9890394681
Diya Iyer,2003-09-19,CSM,CSM-1,2026-2027,7,diya.iyer.4735@smartcampus.edu,9866550883
Krishna Malhotra,2005-03-07,CSE,CSE-1,2026-2027,5,krishna.malhotra.4736@smartcampus.edu,9836702670
Pari Shah,2005-05-13,EEE,EEE-2,2026-2027,5,pari.shah.4737@smartcampus.edu,9878110833
Shreya Bose,2006-01-31,CSE,CSE-1,2026-2027,7,shreya.bose.4738@smartcampus.edu,9865042614
Diya Ghosh,2003-07-26,MECH,MECH-1,2026-2027,5,diya.ghosh.4739@smartcampus.edu,9817996686
Priya Pandey,2004-12-03,CSM,CSM-1,2026-2027,7,priya.pandey.4740@smartcampus.edu,9844145471
Ishita Joshi,2003-06-07,CSM,CSM-1,2026-2027,5,ishita.joshi.4741@smartcampus.edu,9846214532
Advaith Patel,2004-04-04,CSM,CSM-2,2026-2027,3,advaith.patel.4742@smartcampus.edu,9832532246
Preeti Verma,2003-09-26,CSE,CSE-3,2026-2027,5,preeti.verma.4743@smartcampus.edu,9893546340
Sara Nair,2004-08-22,ECE,ECE-2,2026-2027,5,sara.nair.4744@smartcampus.edu,9821524965
Ishita Shah,2004-07-06,CSE,CSE-3,2026-2027,7,ishita.shah.4745@smartcampus.edu,9858397607
Divya Sharma,2003-12-30,MECH,MECH-1,2026-2027,3,divya.sharma.4746@smartcampus.edu,9860428988
Neha Mishra,2005-04-19,CSM,CSM-1,2026-2027,3,neha.mishra.4747@smartcampus.edu,9816701845
Navya Das,2003-08-26,MECH,MECH-2,2026-2027,7,navya.das.4748@smartcampus.edu,9878948451
Neha Das,2004-02-14,CSE,CSE-3,2026-2027,7,neha.das.4749@smartcampus.edu,9850375151
Anjali Chopra,2004-12-29,CAD,CAD-1,2026-2027,7,anjali.chopra.4750@smartcampus.edu,9847799187
Ayaan Shah,2005-02-02,CSM,CSM-2,2026-2027,7,ayaan.shah.4751@smartcampus.edu,9833626775
Shaurya Saxena,2006-11-27,CSE,CSE-3,2026-2027,7,shaurya.saxena.4752@smartcampus.edu,9894312835
Rohan Kumar,2004-02-13,MECH,MECH-1,2026-2027,5,rohan.kumar.4753@smartcampus.edu,9839313633
Advik Bhat,2004-11-22,EEE,EEE-2,2026-2027,5,advik.bhat.4754@smartcampus.edu,9870297193
Dhruv Sharma,2003-04-24,CSE,CSE-2,2026-2027,5,dhruv.sharma.4755@smartcampus.edu,9844385225
Meera Patel,2003-02-21,ECE,ECE-2,2026-2027,3,meera.patel.4756@smartcampus.edu,9845516322
Sai Banerjee,2006-12-18,CSE,CSE-2,2026-2027,3,sai.banerjee.4757@smartcampus.edu,9849165350
Krishna Das,2005-03-09,CSM,CSM-2,2026-2027,3,krishna.das.4758@smartcampus.edu,9812270923
Anjali Singh,2006-08-09,CSM,CSM-1,2026-2027,7,anjali.singh.4759@smartcampus.edu,9848060482
Nikhil Das,2004-12-27,CSE,CSE-1,2026-2027,7,nikhil.das.4760@smartcampus.edu,9874632219
Aarav Mehta,2004-12-28,ECE,ECE-1,2026-2027,7,aarav.mehta.4761@smartcampus.edu,9854397866
Ananya Mishra,2005-01-23,CSM,CSM-2,2026-2027,7,ananya.mishra.4762@smartcampus.edu,9874340604
Siddharth Gupta,2005-12-03,CSE,CSE-3,2026-2027,3,siddharth.gupta.4763@smartcampus.edu,9848520628
Navya Patel,2006-07-05,CSE,CSE-3,2026-2027,7,navya.patel.4764@smartcampus.edu,9814988919
Divya Nair,2005-01-04,CAD,CAD-1,2026-2027,5,divya.nair.4765@smartcampus.edu,9831203319
Riya Sharma,2004-07-09,CSM,CSM-1,2026-2027,7,riya.sharma.4766@smartcampus.edu,9889888708
Priya Nair,2006-02-10,CSE,CSE-1,2026-2027,5,priya.nair.4767@smartcampus.edu,9896931622
Tanvi Rao,2003-10-02,CSE,CSE-3,2026-2027,7,tanvi.rao.4768@smartcampus.edu,9835408942
Aditya Kapoor,2005-01-01,CSM,CSM-1,2026-2027,5,aditya.kapoor.4769@smartcampus.edu,9836208093
Kabir Das,2004-06-05,CSM,CSM-1,2026-2027,5,kabir.das.4770@smartcampus.edu,9883969559
Ayaan Sharma,2004-12-03,CSM,CSM-2,2026-2027,7,ayaan.sharma.4771@smartcampus.edu,9869426693
Sneha Gupta,2003-11-16,MECH,MECH-1,2026-2027,5,sneha.gupta.4772@smartcampus.edu,9848318576
Navya Chatterjee,2006-10-25,CSM,CSM-2,2026-2027,5,navya.chatterjee.4773@smartcampus.edu,9841623625
Preeti Bose,2005-09-17,EEE,EEE-1,2026-2027,3,preeti.bose.4774@smartcampus.edu,9860161149
Gauri Ghosh,2005-07-23,CAD,CAD-1,2026-2027,3,gauri.ghosh.4775@smartcampus.edu,9828543775
Pooja Das,2005-10-07,CSE,CSE-2,2026-2027,3,pooja.das.4776@smartcampus.edu,9853348283
Shaurya Sharma,2006-11-03,MECH,MECH-1,2026-2027,7,shaurya.sharma.4777@smartcampus.edu,9872721673
Vihaan Ghosh,2005-01-06,CSE,CSE-1,2026-2027,7,vihaan.ghosh.4778@smartcampus.edu,9837861891
Diya Chopra,2003-09-07,CSE,CSE-2,2026-2027,3,diya.chopra.4779@smartcampus.edu,9864591675
Ishaan Shah,2006-05-30,CSE,CSE-3,2026-2027,7,ishaan.shah.4780@smartcampus.edu,9853806228
Diya Joshi,2003-12-07,CSE,CSE-3,2026-2027,7,diya.joshi.4781@smartcampus.edu,9824015217
Kabir Nair,2003-03-20,CSE,CSE-1,2026-2027,7,kabir.nair.4782@smartcampus.edu,9838090143
Vihaan Pandey,2003-06-14,EEE,EEE-2,2026-2027,5,vihaan.pandey.4783@smartcampus.edu,9827803999
Kavya Pandey,2005-10-09,MECH,MECH-1,2026-2027,3,kavya.pandey.4784@smartcampus.edu,9884152282
Sai Deshmukh,2006-07-20,ECE,ECE-2,2026-2027,5,sai.deshmukh.4785@smartcampus.edu,9810899803
Pranav Gupta,2004-01-02,CSE,CSE-2,2026-2027,3,pranav.gupta.4786@smartcampus.edu,9874124496
Swati Joshi,2005-05-25,CAD,CAD-2,2026-2027,7,swati.joshi.4787@smartcampus.edu,9834941390
Riya Banerjee,2006-11-23,CSM,CSM-2,2026-2027,3,riya.banerjee.4788@smartcampus.edu,9847373448
Advik Mehta,2003-06-02,ECE,ECE-1,2026-2027,5,advik.mehta.4789@smartcampus.edu,9814118994
Dhruv Pandey,2006-06-16,CAD,CAD-1,2026-2027,7,dhruv.pandey.4790@smartcampus.edu,9829832181
Arjun Ghosh,2006-06-16,ECE,ECE-1,2026-2027,3,arjun.ghosh.4791@smartcampus.edu,9820510145
Varun Bose,2003-04-24,ECE,ECE-2,2026-2027,5,varun.bose.4792@smartcampus.edu,9820676267
Rahul Chatterjee,2005-10-05,CSE,CSE-2,2026-2027,3,rahul.chatterjee.4793@smartcampus.edu,9867016931
Rohan Bhat,2006-10-17,MECH,MECH-1,2026-2027,3,rohan.bhat.4794@smartcampus.edu,9870303077
Ishaan Das,2005-04-15,ECE,ECE-1,2026-2027,5,ishaan.das.4795@smartcampus.edu,9855107557
Kavya Reddy,2004-02-29,ECE,ECE-1,2026-2027,5,kavya.reddy.4796@smartcampus.edu,9849221842
Advik Patil,2005-12-29,EEE,EEE-2,2026-2027,3,advik.patil.4797@smartcampus.edu,9855175549
Gautam Singh,2006-03-04,CAD,CAD-2,2026-2027,3,gautam.singh.4798@smartcampus.edu,9829281141
Pranav Kulkarni,2006-02-17,CAD,CAD-2,2026-2027,5,pranav.kulkarni.4799@smartcampus.edu,9833294530
Navya Patil,2004-03-23,CSM,CSM-1,2026-2027,5,navya.patil.4800@smartcampus.edu,9858677006
Simran Patil,2004-09-26,CSE,CSE-1,2026-2027,7,simran.patil.4801@smartcampus.edu,9832192943
Rithvik Pandey,2003-08-17,CSE,CSE-3,2026-2027,3,rithvik.pandey.4802@smartcampus.edu,9880494527
Pranav Patel,2006-06-04,CSE,CSE-3,2026-2027,7,pranav.patel.4803@smartcampus.edu,9858419536
Sai Malhotra,2006-02-09,CSM,CSM-2,2026-2027,7,sai.malhotra.4804@smartcampus.edu,9828055866
Dhruv Nair,2006-07-19,CSM,CSM-1,2026-2027,5,dhruv.nair.4805@smartcampus.edu,9898919919
Kunal Mishra,2005-09-04,CSE,CSE-3,2026-2027,5,kunal.mishra.4806@smartcampus.edu,9872176943
Ishita Chopra,2006-09-05,ECE,ECE-1,2026-2027,3,ishita.chopra.4807@smartcampus.edu,9859465516
Siddharth Kapoor,2003-10-30,CAD,CAD-1,2026-2027,3,siddharth.kapoor.4808@smartcampus.edu,9842765530
Veda Choudhury,2006-10-14,MECH,MECH-1,2026-2027,3,veda.choudhury.4809@smartcampus.edu,9871459600
Ishaan Malhotra,2003-05-01,CSM,CSM-2,2026-2027,3,ishaan.malhotra.4810@smartcampus.edu,9831012335
Kabir Das,2004-04-17,CSE,CSE-2,2026-2027,3,kabir.das.4811@smartcampus.edu,9854044590
Nikhil Saxena,2003-08-10,ECE,ECE-1,2026-2027,7,nikhil.saxena.4812@smartcampus.edu,9823407898
Sneha Verma,2005-08-27,ECE,ECE-2,2026-2027,5,sneha.verma.4813@smartcampus.edu,9893649389
Gautam Chopra,2005-04-30,ECE,ECE-2,2026-2027,5,gautam.chopra.4814@smartcampus.edu,9868879961
Diya Choudhury,2006-04-14,CSE,CSE-1,2026-2027,3,diya.choudhury.4815@smartcampus.edu,9878104033
Siddharth Kumar,2006-09-22,CSE,CSE-1,2026-2027,3,siddharth.kumar.4816@smartcampus.edu,9845959074
Rahul Shah,2003-12-01,CSM,CSM-1,2026-2027,7,rahul.shah.4817@smartcampus.edu,9864114659
Aarav Choudhury,2004-04-23,CSE,CSE-3,2026-2027,7,aarav.choudhury.4818@smartcampus.edu,9881805379
Rahul Agarwal,2004-09-23,MECH,MECH-1,2026-2027,3,rahul.agarwal.4819@smartcampus.edu,9865894463
Manish Banerjee,2006-05-15,CSE,CSE-1,2026-2027,7,manish.banerjee.4820@smartcampus.edu,9887061414
Reyansh Mishra,2004-05-27,ECE,ECE-1,2026-2027,7,reyansh.mishra.4821@smartcampus.edu,9832564113
Kabir Mehta,2004-11-18,EEE,EEE-2,2026-2027,3,kabir.mehta.4822@smartcampus.edu,9812873125
Anjali Reddy,2004-05-09,CAD,CAD-2,2026-2027,5,anjali.reddy.4823@smartcampus.edu,9853267785
Neha Bose,2006-06-24,EEE,EEE-1,2026-2027,5,neha.bose.4824@smartcampus.edu,9850559727
Navya Deshmukh,2006-12-27,ECE,ECE-2,2026-2027,3,navya.deshmukh.4825@smartcampus.edu,9882761132
Ayaan Bhat,2006-10-07,CSM,CSM-1,2026-2027,7,ayaan.bhat.4826@smartcampus.edu,9837530563
Zoya Mishra,2003-10-19,CAD,CAD-1,2026-2027,7,zoya.mishra.4827@smartcampus.edu,9831710696
Meera Agarwal,2006-06-28,CSE,CSE-3,2026-2027,3,meera.agarwal.4828@smartcampus.edu,9866475202
Ananya Choudhury,2004-05-28,CSM,CSM-1,2026-2027,5,ananya.choudhury.4829@smartcampus.edu,9879344791
Ritu Joshi,2004-11-01,CSE,CSE-1,2026-2027,3,ritu.joshi.4830@smartcampus.edu,9845324330
Gautam Nair,2006-05-05,ECE,ECE-2,2026-2027,7,gautam.nair.4831@smartcampus.edu,9838959617
Advik Nair,2006-06-05,CSM,CSM-1,2026-2027,5,advik.nair.4832@smartcampus.edu,9819261186
Aarav Mehta,2003-09-19,CSE,CSE-1,2026-2027,7,aarav.mehta.4833@smartcampus.edu,9845904902
Diya Das,2004-01-15,ECE,ECE-1,2026-2027,7,diya.das.4834@smartcampus.edu,9895346509
Ritu Agarwal,2003-02-02,ECE,ECE-2,2026-2027,5,ritu.agarwal.4835@smartcampus.edu,9846665662
Krishna Joshi,2003-07-08,CSE,CSE-1,2026-2027,5,krishna.joshi.4836@smartcampus.edu,9810261668
Navya Shah,2005-06-09,CAD,CAD-2,2026-2027,7,navya.shah.4837@smartcampus.edu,9816972619
Sunita Malhotra,2004-06-21,ECE,ECE-2,2026-2027,5,sunita.malhotra.4838@smartcampus.edu,9829016332
Navya Chatterjee,2005-11-24,ECE,ECE-2,2026-2027,7,navya.chatterjee.4839@smartcampus.edu,9888926018
Kabir Choudhury,2004-10-04,EEE,EEE-1,2026-2027,7,kabir.choudhury.4840@smartcampus.edu,9863048257
Dhruv Joshi,2006-07-11,MECH,MECH-2,2026-2027,3,dhruv.joshi.4841@smartcampus.edu,9838391318
Gautam Gupta,2004-01-23,CAD,CAD-2,2026-2027,5,gautam.gupta.4842@smartcampus.edu,9826772432
Dhruv Joshi,2004-11-26,CSM,CSM-1,2026-2027,5,dhruv.joshi.4843@smartcampus.edu,9883130036
Pooja Joshi,2005-05-26,MECH,MECH-2,2026-2027,5,pooja.joshi.4844@smartcampus.edu,9895311218
Rithvik Singh,2006-05-23,ECE,ECE-2,2026-2027,5,rithvik.singh.4845@smartcampus.edu,9849020803
Neha Shah,2005-03-11,ECE,ECE-2,2026-2027,5,neha.shah.4846@smartcampus.edu,9863271054
Vivaan Rao,2004-04-02,EEE,EEE-1,2026-2027,5,vivaan.rao.4847@smartcampus.edu,9887302109
Riya Patil,2006-07-17,ECE,ECE-2,2026-2027,3,riya.patil.4848@smartcampus.edu,9886145856
Prisha Sharma,2005-07-29,CSM,CSM-1,2026-2027,5,prisha.sharma.4849@smartcampus.edu,9812999774
Veda Sharma,2006-09-27,CSE,CSE-1,2026-2027,7,veda.sharma.4850@smartcampus.edu,9844018105
Zoya Joshi,2003-06-17,CAD,CAD-2,2026-2027,7,zoya.joshi.4851@smartcampus.edu,9812678556
Zoya Banerjee,2004-10-30,MECH,MECH-2,2026-2027,7,zoya.banerjee.4852@smartcampus.edu,9815495329
Zoya Bhat,2003-05-02,EEE,EEE-2,2026-2027,5,zoya.bhat.4853@smartcampus.edu,9843394721
Divya Sharma,2006-11-20,CSE,CSE-3,2026-2027,7,divya.sharma.4854@smartcampus.edu,9842692156
Sunita Shah,2006-03-25,CSM,CSM-1,2026-2027,3,sunita.shah.4855@smartcampus.edu,9855463811
Gauri Agarwal,2005-03-02,CSE,CSE-3,2026-2027,3,gauri.agarwal.4856@smartcampus.edu,9818158361
Ananya Gupta,2005-06-18,CSE,CSE-1,2026-2027,5,ananya.gupta.4857@smartcampus.edu,9841535605
Atharva Iyer,2005-04-22,CSM,CSM-1,2026-2027,3,atharva.iyer.4858@smartcampus.edu,9822086529
Navya Das,2003-05-14,EEE,EEE-1,2026-2027,3,navya.das.4859@smartcampus.edu,9892253640
Rithvik Kulkarni,2004-05-24,EEE,EEE-1,2026-2027,3,rithvik.kulkarni.4860@smartcampus.edu,9886943403
Saanvi Sharma,2004-11-02,CSE,CSE-2,2026-2027,3,saanvi.sharma.4861@smartcampus.edu,9836512326
Reyansh Kumar,2006-12-14,ECE,ECE-2,2026-2027,7,reyansh.kumar.4862@smartcampus.edu,9882485493
Vihaan Deshmukh,2006-03-27,CSM,CSM-2,2026-2027,7,vihaan.deshmukh.4863@smartcampus.edu,9859711068
Manish Kumar,2003-06-22,EEE,EEE-1,2026-2027,3,manish.kumar.4864@smartcampus.edu,9891849528
Advaith Kapoor,2005-12-22,CSM,CSM-2,2026-2027,7,advaith.kapoor.4865@smartcampus.edu,9874893972
Myra Iyer,2003-06-14,CSE,CSE-2,2026-2027,7,myra.iyer.4866@smartcampus.edu,9879327347
Sai Mishra,2006-12-10,CSM,CSM-1,2026-2027,7,sai.mishra.4867@smartcampus.edu,9862286115
Veda Bhat,2003-09-09,CSE,CSE-2,2026-2027,3,veda.bhat.4868@smartcampus.edu,9836004284
Vivaan Pandey,2003-01-01,CSM,CSM-2,2026-2027,3,vivaan.pandey.4869@smartcampus.edu,9850892209
Sai Kapoor,2006-09-02,CSE,CSE-3,2026-2027,5,sai.kapoor.4870@smartcampus.edu,9887108445
Neha Bhat,2003-04-24,CSM,CSM-1,2026-2027,7,neha.bhat.4871@smartcampus.edu,9872447190
Prisha Agarwal,2006-04-10,ECE,ECE-1,2026-2027,7,prisha.agarwal.4872@smartcampus.edu,9831033431
Krishna Choudhury,2004-07-30,EEE,EEE-1,2026-2027,3,krishna.choudhury.4873@smartcampus.edu,9859536961
Ishita Bose,2005-06-08,CSE,CSE-3,2026-2027,5,ishita.bose.4874@smartcampus.edu,9815369217
Gauri Mishra,2005-12-22,MECH,MECH-2,2026-2027,5,gauri.mishra.4875@smartcampus.edu,9868795124
Advik Gupta,2004-12-28,ECE,ECE-1,2026-2027,7,advik.gupta.4876@smartcampus.edu,9891931024
Ishaan Deshmukh,2003-02-26,MECH,MECH-2,2026-2027,7,ishaan.deshmukh.4877@smartcampus.edu,9877339522
Vikram Kapoor,2005-04-26,CAD,CAD-2,2026-2027,5,vikram.kapoor.4878@smartcampus.edu,9825059924
Advik Malhotra,2004-12-14,ECE,ECE-2,2026-2027,3,advik.malhotra.4879@smartcampus.edu,9864019933
Aditya Mishra,2003-08-24,EEE,EEE-1,2026-2027,7,aditya.mishra.4880@smartcampus.edu,9843171190
Rohan Chopra,2005-09-22,CSM,CSM-1,2026-2027,3,rohan.chopra.4881@smartcampus.edu,9851700059
Anjali Agarwal,2006-06-03,CSM,CSM-2,2026-2027,3,anjali.agarwal.4882@smartcampus.edu,9811554074
Advaith Nair,2005-06-21,CSE,CSE-1,2026-2027,5,advaith.nair.4883@smartcampus.edu,9876335571
Vivaan Banerjee,2006-03-21,MECH,MECH-1,2026-2027,3,vivaan.banerjee.4884@smartcampus.edu,9860381787
Ishaan Ghosh,2004-02-09,CSE,CSE-1,2026-2027,7,ishaan.ghosh.4885@smartcampus.edu,9863480338
Deepak Saxena,2004-05-17,CSE,CSE-2,2026-2027,5,deepak.saxena.4886@smartcampus.edu,9871713929
Nikhil Patel,2004-11-08,ECE,ECE-1,2026-2027,3,nikhil.patel.4887@smartcampus.edu,9868143487
Riya Ghosh,2004-03-31,CSE,CSE-2,2026-2027,5,riya.ghosh.4888@smartcampus.edu,9895079992
Vivaan Ghosh,2004-12-13,ECE,ECE-2,2026-2027,3,vivaan.ghosh.4889@smartcampus.edu,9846189669
Rahul Bose,2005-09-14,MECH,MECH-1,2026-2027,5,rahul.bose.4890@smartcampus.edu,9822957726
Gautam Reddy,2006-04-28,CSE,CSE-2,2026-2027,3,gautam.reddy.4891@smartcampus.edu,9847745255
Saanvi Bhat,2003-08-13,CAD,CAD-2,2026-2027,3,saanvi.bhat.4892@smartcampus.edu,9883530541
Deepak Das,2006-03-10,CAD,CAD-2,2026-2027,3,deepak.das.4893@smartcampus.edu,9873344629
Shreya Verma,2005-12-12,MECH,MECH-1,2026-2027,3,shreya.verma.4894@smartcampus.edu,9824865525
Aaryan Kapoor,2003-10-23,MECH,MECH-2,2026-2027,5,aaryan.kapoor.4895@smartcampus.edu,9876720572
Tanvi Kumar,2003-06-09,CSE,CSE-1,2026-2027,5,tanvi.kumar.4896@smartcampus.edu,9867715286
Kavya Mehta,2004-03-11,CSE,CSE-3,2026-2027,3,kavya.mehta.4897@smartcampus.edu,9821370786
Sara Bose,2006-07-02,ECE,ECE-1,2026-2027,5,sara.bose.4898@smartcampus.edu,9830257666
Reyansh Mehta,2003-09-01,ECE,ECE-1,2026-2027,5,reyansh.mehta.4899@smartcampus.edu,9863426321
Saanvi Gupta,2003-11-29,MECH,MECH-2,2026-2027,5,saanvi.gupta.4900@smartcampus.edu,9847699120
Sai Patel,2006-06-23,EEE,EEE-1,2026-2027,3,sai.patel.4901@smartcampus.edu,9889525129
Khushi Deshmukh,2003-03-12,ECE,ECE-1,2026-2027,7,khushi.deshmukh.4902@smartcampus.edu,9855792754
Aditya Deshmukh,2003-02-06,ECE,ECE-1,2026-2027,5,aditya.deshmukh.4903@smartcampus.edu,9894338916
Varun Chatterjee,2004-05-26,EEE,EEE-2,2026-2027,3,varun.chatterjee.4904@smartcampus.edu,9872941570
Advaith Singh,2006-06-23,CSE,CSE-3,2026-2027,5,advaith.singh.4905@smartcampus.edu,9837219335
Kavya Pandey,2006-09-13,CAD,CAD-2,2026-2027,7,kavya.pandey.4906@smartcampus.edu,9875561978
Kavya Kumar,2004-12-16,CSE,CSE-3,2026-2027,5,kavya.kumar.4907@smartcampus.edu,9877645558
Riya Nair,2003-08-30,CSM,CSM-1,2026-2027,7,riya.nair.4908@smartcampus.edu,9886860214
Nikhil Iyer,2003-11-04,CSE,CSE-2,2026-2027,7,nikhil.iyer.4909@smartcampus.edu,9814386086
Ishita Mishra,2006-03-12,CSE,CSE-3,2026-2027,3,ishita.mishra.4910@smartcampus.edu,9840683944
Tanvi Kumar,2004-05-23,CSE,CSE-2,2026-2027,5,tanvi.kumar.4911@smartcampus.edu,9879288258
Dhruv Mishra,2006-04-04,CSE,CSE-2,2026-2027,5,dhruv.mishra.4912@smartcampus.edu,9862436059
Shaurya Iyer,2003-01-15,CSE,CSE-3,2026-2027,7,shaurya.iyer.4913@smartcampus.edu,9851794729
Rahul Pandey,2003-07-14,CSM,CSM-1,2026-2027,7,rahul.pandey.4914@smartcampus.edu,9845655862
Anjali Mishra,2004-04-23,CSM,CSM-2,2026-2027,7,anjali.mishra.4915@smartcampus.edu,9895190503
Rohan Nair,2006-05-18,CSM,CSM-1,2026-2027,3,rohan.nair.4916@smartcampus.edu,9854991184
Khushi Das,2004-04-14,ECE,ECE-2,2026-2027,5,khushi.das.4917@smartcampus.edu,9851720125
Vikram Kulkarni,2005-11-07,CAD,CAD-1,2026-2027,3,vikram.kulkarni.4918@smartcampus.edu,9841884914
Advik Bose,2003-04-16,ECE,ECE-2,2026-2027,3,advik.bose.4919@smartcampus.edu,9885865236
Pooja Singh,2003-07-22,CSE,CSE-3,2026-2027,3,pooja.singh.4920@smartcampus.edu,9865834335
Vivaan Nair,2005-11-27,CSE,CSE-1,2026-2027,3,vivaan.nair.4921@smartcampus.edu,9816629996
Ayaan Mishra,2004-11-13,CSE,CSE-3,2026-2027,7,ayaan.mishra.4922@smartcampus.edu,9873163619
Ananya Kulkarni,2005-04-20,CSE,CSE-2,2026-2027,7,ananya.kulkarni.4923@smartcampus.edu,9831790755
Ayaan Das,2006-03-07,EEE,EEE-2,2026-2027,7,ayaan.das.4924@smartcampus.edu,9855360539
Nikhil Kapoor,2005-01-25,CSM,CSM-2,2026-2027,5,nikhil.kapoor.4925@smartcampus.edu,9899447217
Sai Deshmukh,2003-09-27,CSE,CSE-1,2026-2027,3,sai.deshmukh.4926@smartcampus.edu,9861061619
Shaurya Agarwal,2003-04-14,CAD,CAD-2,2026-2027,7,shaurya.agarwal.4927@smartcampus.edu,9817480706
Ishita Singh,2005-12-05,CSE,CSE-2,2026-2027,3,ishita.singh.4928@smartcampus.edu,9884926516
Meera Mehta,2006-04-10,CSE,CSE-1,2026-2027,3,meera.mehta.4929@smartcampus.edu,9835795776
Ayaan Deshmukh,2006-07-23,CAD,CAD-1,2026-2027,5,ayaan.deshmukh.4930@smartcampus.edu,9847238000
Sneha Chatterjee,2004-12-24,CSE,CSE-1,2026-2027,7,sneha.chatterjee.4931@smartcampus.edu,9821409922
Khushi Pandey,2006-05-02,CSM,CSM-1,2026-2027,7,khushi.pandey.4932@smartcampus.edu,9841501771
Veda Verma,2003-12-27,CSE,CSE-3,2026-2027,3,veda.verma.4933@smartcampus.edu,9894983544
Reyansh Reddy,2006-08-24,CAD,CAD-2,2026-2027,3,reyansh.reddy.4934@smartcampus.edu,9844605026
Aditya Ghosh,2004-05-29,CSM,CSM-1,2026-2027,7,aditya.ghosh.4935@smartcampus.edu,9844912286
Riya Pandey,2005-05-30,CSM,CSM-1,2026-2027,7,riya.pandey.4936@smartcampus.edu,9882971030
Kabir Ghosh,2005-10-29,ECE,ECE-2,2026-2027,3,kabir.ghosh.4937@smartcampus.edu,9899935038
Ritu Joshi,2003-07-13,CSE,CSE-2,2026-2027,7,ritu.joshi.4938@smartcampus.edu,9857467050
Pooja Iyer,2006-09-25,CSE,CSE-2,2026-2027,5,pooja.iyer.4939@smartcampus.edu,9893850189
Ishita Agarwal,2005-06-25,CSM,CSM-2,2026-2027,7,ishita.agarwal.4940@smartcampus.edu,9817398217
Zoya Singh,2005-05-12,EEE,EEE-1,2026-2027,3,zoya.singh.4941@smartcampus.edu,9818483402
Shaurya Chatterjee,2004-03-17,ECE,ECE-1,2026-2027,7,shaurya.chatterjee.4942@smartcampus.edu,9844840695
Anjali Mishra,2003-08-13,CSE,CSE-3,2026-2027,3,anjali.mishra.4943@smartcampus.edu,9829975210
Neha Joshi,2006-06-05,CSM,CSM-1,2026-2027,5,neha.joshi.4944@smartcampus.edu,9855303687
Kavya Iyer,2004-09-05,EEE,EEE-2,2026-2027,7,kavya.iyer.4945@smartcampus.edu,9869117952
Zoya Verma,2006-06-17,CSE,CSE-1,2026-2027,3,zoya.verma.4946@smartcampus.edu,9895020761
Siya Das,2006-03-01,MECH,MECH-1,2026-2027,3,siya.das.4947@smartcampus.edu,9883993912
Anjali Mishra,2004-12-15,ECE,ECE-1,2026-2027,3,anjali.mishra.4948@smartcampus.edu,9863812358
Kabir Banerjee,2006-05-22,CSE,CSE-3,2026-2027,3,kabir.banerjee.4949@smartcampus.edu,9857270731
Rohan Bose,2003-01-15,CSM,CSM-2,2026-2027,7,rohan.bose.4950@smartcampus.edu,9889479832
Khushi Verma,2006-02-15,CSE,CSE-3,2026-2027,3,khushi.verma.4951@smartcampus.edu,9879131403
Rohan Das,2003-03-14,CSM,CSM-1,2026-2027,3,rohan.das.4952@smartcampus.edu,9898535138
Riya Chatterjee,2004-03-11,ECE,ECE-2,2026-2027,7,riya.chatterjee.4953@smartcampus.edu,9847464166
Advaith Pandey,2004-09-18,MECH,MECH-2,2026-2027,5,advaith.pandey.4954@smartcampus.edu,9875323979
Tanvi Mishra,2003-05-15,EEE,EEE-1,2026-2027,5,tanvi.mishra.4955@smartcampus.edu,9839946584
Veda Joshi,2003-09-18,CSE,CSE-2,2026-2027,7,veda.joshi.4956@smartcampus.edu,9854246858
Kabir Iyer,2003-04-27,EEE,EEE-1,2026-2027,5,kabir.iyer.4957@smartcampus.edu,9810552386
Atharva Nair,2003-07-10,CSE,CSE-2,2026-2027,3,atharva.nair.4958@smartcampus.edu,9840462486
Advik Patel,2004-07-23,CAD,CAD-2,2026-2027,5,advik.patel.4959@smartcampus.edu,9844142547
Aarav Kumar,2005-12-21,CAD,CAD-2,2026-2027,3,aarav.kumar.4960@smartcampus.edu,9836153636
Vikram Nair,2003-12-22,CSE,CSE-2,2026-2027,7,vikram.nair.4961@smartcampus.edu,9829759059
Preeti Choudhury,2005-02-08,ECE,ECE-1,2026-2027,5,preeti.choudhury.4962@smartcampus.edu,9894911572
Gauri Rao,2003-04-04,CAD,CAD-1,2026-2027,7,gauri.rao.4963@smartcampus.edu,9894673999
Ishita Iyer,2005-12-17,CSE,CSE-3,2026-2027,7,ishita.iyer.4964@smartcampus.edu,9865993396
Kavya Pandey,2006-08-02,MECH,MECH-1,2026-2027,5,kavya.pandey.4965@smartcampus.edu,9872410870
Veda Gupta,2006-03-25,CSM,CSM-1,2026-2027,5,veda.gupta.4966@smartcampus.edu,9855276586
Sneha Kulkarni,2006-08-21,EEE,EEE-1,2026-2027,7,sneha.kulkarni.4967@smartcampus.edu,9862183180
Reyansh Shah,2005-12-23,CSM,CSM-1,2026-2027,5,reyansh.shah.4968@smartcampus.edu,9848305470
Shaurya Nair,2006-06-01,CSE,CSE-3,2026-2027,7,shaurya.nair.4969@smartcampus.edu,9810248475
Tanvi Gupta,2006-02-25,EEE,EEE-2,2026-2027,3,tanvi.gupta.4970@smartcampus.edu,9877962432
Arjun Reddy,2005-05-03,ECE,ECE-2,2026-2027,7,arjun.reddy.4971@smartcampus.edu,9891206004
Neha Patel,2006-02-21,CSE,CSE-3,2026-2027,7,neha.patel.4972@smartcampus.edu,9830625387
Krishna Verma,2004-06-26,CAD,CAD-1,2026-2027,7,krishna.verma.4973@smartcampus.edu,9841663540
Aditya Mishra,2004-01-02,EEE,EEE-1,2026-2027,7,aditya.mishra.4974@smartcampus.edu,9828110530
Shaurya Patel,2005-12-16,MECH,MECH-1,2026-2027,7,shaurya.patel.4975@smartcampus.edu,9815222099
Meera Patel,2004-05-29,ECE,ECE-2,2026-2027,3,meera.patel.4976@smartcampus.edu,9823001019
Swati Kapoor,2005-05-25,ECE,ECE-1,2026-2027,3,swati.kapoor.4977@smartcampus.edu,9870585542
Shreya Saxena,2004-09-15,CSE,CSE-3,2026-2027,7,shreya.saxena.4978@smartcampus.edu,9844366125
Sneha Mehta,2006-01-29,CSE,CSE-2,2026-2027,7,sneha.mehta.4979@smartcampus.edu,9868117818
Anjali Bose,2003-05-25,CSE,CSE-2,2026-2027,5,anjali.bose.4980@smartcampus.edu,9895368689
Aarav Gupta,2006-10-01,CAD,CAD-1,2026-2027,5,aarav.gupta.4981@smartcampus.edu,9899877341
Pooja Malhotra,2004-04-23,CSM,CSM-2,2026-2027,7,pooja.malhotra.4982@smartcampus.edu,9851220719
Shaurya Shah,2003-10-23,ECE,ECE-1,2026-2027,7,shaurya.shah.4983@smartcampus.edu,9825829906
Advik Ghosh,2005-06-12,ECE,ECE-2,2026-2027,5,advik.ghosh.4984@smartcampus.edu,9821971817
Ritu Pandey,2005-05-23,CSE,CSE-2,2026-2027,3,ritu.pandey.4985@smartcampus.edu,9883462214
Veda Kumar,2005-02-09,CSE,CSE-1,2026-2027,7,veda.kumar.4986@smartcampus.edu,9871299236
Preeti Malhotra,2004-02-06,CSM,CSM-1,2026-2027,5,preeti.malhotra.4987@smartcampus.edu,9852433721
Siya Agarwal,2005-05-02,CSE,CSE-1,2026-2027,3,siya.agarwal.4988@smartcampus.edu,9837533146
Priya Mishra,2005-05-31,CSE,CSE-3,2026-2027,5,priya.mishra.4989@smartcampus.edu,9896020328
Gauri Patil,2005-07-20,CSE,CSE-1,2026-2027,7,gauri.patil.4990@smartcampus.edu,9866409922
Shaurya Sharma,2005-10-19,ECE,ECE-1,2026-2027,7,shaurya.sharma.4991@smartcampus.edu,9815523833
Reyansh Singh,2004-11-23,MECH,MECH-2,2026-2027,3,reyansh.singh.4992@smartcampus.edu,9847887885
Varun Ghosh,2004-11-09,ECE,ECE-1,2026-2027,3,varun.ghosh.4993@smartcampus.edu,9852733677
Zoya Verma,2005-04-30,MECH,MECH-2,2026-2027,3,zoya.verma.4994@smartcampus.edu,9879256550
Vikram Shah,2003-03-23,CSE,CSE-2,2026-2027,7,vikram.shah.4995@smartcampus.edu,9834303316
Siya Kapoor,2004-05-15,CSE,CSE-2,2026-2027,3,siya.kapoor.4996@smartcampus.edu,9817772209
Vikram Ghosh,2004-01-21,CSM,CSM-1,2026-2027,5,vikram.ghosh.4997@smartcampus.edu,9810943916
Vikram Kulkarni,2003-01-04,CSE,CSE-3,2026-2027,3,vikram.kulkarni.4998@smartcampus.edu,9817045981
Diya Banerjee,2003-07-31,MECH,MECH-1,2026-2027,5,diya.banerjee.4999@smartcampus.edu,9815966637
Navya Nair,2006-04-25,CSE,CSE-1,2026-2027,5,navya.nair.5000@smartcampus.edu,9837997460
